date,review_title,review_text,rating
2019-05-28T08:34:15-07:00,구굳,구구구구국굳,5
2019-05-19T04:46:57-07:00,최고,영7하세요!,5
2019-05-06T19:41:13-07:00,ㅜㅜㅜㅜㅠㅠㅠ신캐 뭐에으ㅡㅜㅜㅜㅜㅜ,"진짜 대박이네요 너무 잘생겼어요 제발 쉽게 얻게 해주세요,, 저 현질할게요 제발요 저 진짜 제발요 저 가챠 확률만 업해주세요.... 제발요.....",5
2019-05-05T00:36:32-07:00,씹덕겜명작,명작씹덕겜의 교과서.,5
2019-05-03T11:46:54-07:00,재미를 평가하기전에 이것부터,무한도전 컨텐츠 버그가 너무많아요 이동 버그? 잠깐 멈추다가 죽는 버그? 책이나 인터넷 문제라고 하기엔 다른 장소에서도 해보고 아이폰 아이패드 등 성기기로 다해봤습니다 보완 업데에이트 꼭 필요,1
2019-04-29T04:01:34-07:00,재밌게,"재밌게 잘하고 있음!!
엔딩 하나하나 보는 재미가 있음
행동력만 좀 더 주면 좋을텐데",5
2019-04-21T02:34:02-07:00,짱,"정말 몇 번을 할수록 정말 갓겜이라고 생각이들고 엔딩을 보면 볼수록 그 엔딩에 담긴 의미를 생각하게 되고, 계속 추가되는 엔딩들을 보면서 제작진들이 참 대단하시고, 멋지다는 생각밖에 안듭니다. 게임 발매일부터 해왔지만 이때까지 질리지 않고 해 올수 있었던 이유가 선택 하나 하나에 따른 다른엔딩과 스토리 덕분에 질리지않고 할 수 있었던거 같습니다. 정말 재밌습니다. 감사합니다",5
2019-04-20T19:04:23-07:00,엄청재미있는데 행동력 부족...,"행동력 부족이 되면 개임도 못하고 다음날로 넘어가지도 못하고 거의
3시간을 기다려야 한다니....",4
2019-04-20T06:11:25-07:00,행동력 캐쉬로 살수 있게 패치해달라는 분들 보이는데,"그렇게 하면 장기적으로 봤을 때 게임에 대한 흥미 확 떨어질 걸요 지금 이대로가 정말 좋습니다 !! 재미있게 하고 있어요 충동적으로 과금 했는데 뽑기 확률이 극악이라 다신 과금 안할 거란 점만 빼면 ,,,,, ㅠㅠ",5
2019-04-19T15:04:09-07:00,오랜만에,리뷰쓰는데 재밌네요~,5
2019-04-19T10:10:46-07:00,재밌고 어렵고,제발 s급 만나게 해주세요...아아... 종한구 빨라 오라고...,5
2019-04-08T12:35:34-07:00,잼잼,잘만들었다,5
2019-04-05T17:38:36-07:00,무한게임,지옥이야여긴,5
2019-04-04T01:40:59-07:00,이해하기는 아직 어려워,은근 중독성 있음,5
2019-03-23T18:26:30-07:00,클라이언트 업그레이드 하라는데 어떻게 해야할까요,게임 실행하려고 하는데 클라이언트 업그레이드 하라고 하는데 기다려야 하는건가요?,5
2019-03-21T05:16:57-07:00,재밌네요,재밌군요,5
2019-03-21T04:42:07-07:00,영원한7일의도시,재미있어요!!^^,5
2019-03-14T22:34:25-07:00,ㅎㅎ,스고이네~,5
2019-03-05T13:15:52-07:00,개꿀잼,무조건하셈,5
2019-03-04T09:37:43-07:00,앱 계정연동,"안녕하세요 즐겁게 플레이 중인 유저입니다.
제가 처음에 게스트계정으로 시작해버렸는데 다른게임이랑 달리 인게임상에서 계정연동이 안되네요..? 살려주세요",4
2019-02-25T09:26:47-07:00,재밌음,ㅇㅇㅇㅇ,5
2019-02-21T02:10:23-07:00,좋아요,전에 한창 빠져서 이 게임만 했던 적이 있어요.. 근데 계속 하다 보니까 자꾸 질려요 ㅠㅠ 오랜만에 하면 괜찮긴 한데 또 질리고 또 질리구..이번에 다시 깔았다가 또 지웠어요.. 그래도 갓겜입니다 정말 ㅠㅠ,5
2019-02-19T05:04:33-07:00,창-렬,과금 및 가챠를 안하면 한정캐를 얻는게 불가능하고 이벤트조차 과금 유도를 엄청나게 해대는데 문제는 과금 효율이 너무낮음... 본격 개돼지 인증겜,1
2019-02-17T17:52:09-07:00,영원한 7일의 도시라는 게임 아십니까?,정말 갓겜입니다.,5
2019-02-15T08:18:41-07:00,최고,진짜 내가 한게임중에 엔딩도 좋고 재밌다,5
2019-02-15T04:05:12-07:00,와,넘놀랫어여 무과금러인데 그레이스가 땋!!!! 크아ㅏㅏㅏ,5
2019-02-07T21:20:13-07:00,헷 재미있다,꿀잼 입니다! 완전완전 잼있어용,5
2019-02-06T19:17:30-07:00,계정이,"초기화 됐는데요...?;;

갤럭시로 넘어갔다가 다시 아이폰와서 설치하고 로그인했더니 모아놨던거랑 결제했던게 다 날라갔는데 어떻게 해야되죠?",3
2019-02-04T17:54:10-07:00,재밌다....,보구가 좀 헷갈리긴 하지만 재밌음,5
2019-02-04T01:05:58-07:00,엔딩 추가 부탁,"확실히 게임은 재미있는데 엔딩이 부족한 부분이 있음 그래도 캐릭터가 많이 있어서 다행임
엔딩 추가 되면 확실히 더 좋알질 것 같음",5
2019-02-02T06:35:02-07:00,현질 유저가 아니어도 오케이!,솔직히 저는 많이 질르는 유저 인데요 . 하지만 처음으로 영칠에 현질을 하지 않았어요 아주 갓 겜이에요 신기시 보구 등 여러 아이템을 큐빅으로 교환하여 전투력을 올릴수 있어요!,5
2019-01-31T06:57:40-07:00,아...리셋 키 하나만 만들어주세요,리셋 키 중간에 있는데 모르고 누르면 그다음부터 너무 길어서 못버티겠어요 리셋 키 하나만 만들어주면 좋겠네요,2
2019-01-28T14:35:27-07:00,God game,님들아 ㄹㅇ이게임은 갓겜임 꼭하삼 신기사좀띄워주세요!!!,5
2019-01-24T04:22:34-07:00,아이폰 6s는 에루비 안주나요 ㅠㅠ,구 시가지 클리어 하고 10만 골드 내고 흑핵 정화도 했는데 에루비 기억파편을 주지 않아서 에루비를 못었었습니다 전에 리뷰 읽다가 이런분을 또 보았던것 같은데 아이폰 6s유저는 에루비 얻을수 없는 건가요? ㅠㅠ 그거 제외하고는 좋은 게임입니다 그래픽도 예쁘고 중독성도 충분하고 루프물이지만 엔딩도 다양하고 CG도 예뻐서 좋아하지만 에루비...얻을수 없어서 슬프네요 왜 그런건가요?,4
2019-01-14T03:33:50-07:00,아이폰xr,"다운받았는데 처음 영상 뜰 때 소리안나오구요..대기화면에서도 안나오고 소리가 아예안나와요ㅠ 설정이랑 아이폰 음향크기 크게해도 이래요

클라이언트 업데이트하고 게임시작버튼있길래 눌렀는데 서버선택하라고 알림뜨는데 서버 선택하는 창도 안떠요.. 

되는게 하나도 없네요..",1
2019-01-08T13:27:59-07:00,시비르 선생님 결혼해 주세요!,사랑합니다 ㅠㅠ!,5
2019-01-05T08:17:15-07:00,구웃,구우웃,5
2018-12-31T23:00:02-07:00,개쉣임,쉣쉣. 짱게깸임,5
2018-12-22T14:30:20-07:00,파워후,쿰척쿰쳑,4
2018-12-19T13:27:10-07:00,정말 재밌네요!!,"1회차지나니 할게너무많아서 시간이모자라네요!
폰게임에 이리 빠져있는건첨인듯하네요!
무.소과금으로 즐기기에도 부담없어서 좋네요!!",5
2018-12-05T23:39:23-07:00,실행이 안되자나요,본인폰 6s인데 클라이언트 업데이트를 하라고 자꾸 그러네요 왜 안되는거죠?,1
2018-11-27T00:31:46-07:00,👍👍👍👍👍,( ͡° ͜ʖ ͡°),5
2018-11-26T08:02:33-07:00,좋음,좋음,5
2018-11-25T05:07:46-07:00,ios 왜 업데이트 안되죠,진짜 짜증 실컷 돈썼는데 이렇게 운영하나요,1
2018-11-23T00:44:13-07:00,영원한 7일의 도시,정말 좋은 게인 인것 같습니다 아직 은 초반부라 많이 는 잘 모르겠지만 노력을 많이 해야 할 것 같습니다 유저 수가 많이 모자른 듯 싶네요 .,3
2018-11-20T02:49:13-07:00,뭐가뭔지 모르겠다만,일단 하고는있네요 그래픽 캐릭터 스토리 세계관 등 뭔가 완성도가 있어보임 하다보면 알게 되것지...라고 지금 석달째 하고 있네요 니유짱 최고~,5
2018-11-20T02:10:54-07:00,으음...,"재밌을 것 같아서 깔았는데....
왜 들어가지지 않고 자꾸 튕기는 거죠..?
참고로 11월20일 입니다...
제 폰이 이상한 건가요..?
꼭 해보고 싶으니 오류 고쳐주세요..!",5
2018-11-14T14:07:48-07:00,가챠........,조각이 엄청나게 중복으로 뜨네요....,4
2018-11-14T04:10:08-07:00,다른 게임하고 비교하지마세요 퀄리티가 달라요 ㅎㅎ,다른 게임하고 비교하지마세요 퀄리티가 달라요 ㅎㅎ,5
2018-11-08T19:50:34-07:00,월정액 충전이 왜안되죠?,2번이나 충전을 했는데 안되네요,1
2018-10-26T08:23:02-07:00,천천히 즐겜중,예뻐서 ㅎ,5
2018-10-20T01:49:01-07:00,재미있네,"재미있음 진짜 내 인생 모바일 게임임.
근데 행동력을 돈주고 살 수 있었으면.....",5
2018-10-17T13:29:55-07:00,적극추천합니다,200일 가까이 하고 잇습니다 처음에는 광고보다 시작했다가 스토리하나하나 깨면서 캐릭 욕심이 생걋고 드디어 앙투아네트 영입 ㅎㅎ 히로까지하면 사람들이 접는다고 하더라고요 ... 더 공략할수있도록 연구해주셧으면 합니다^^,5
2018-10-13T07:48:38-07:00,업데이트 오류,"IOS 유저인데 초반 업데이트가 안됩니다. 와이파이 잘되고 용량 많고 앱을 아예 재설치도 해봤는데 계속 네트워크 환경이 안좋다고 설치가 안됩니다. 이유 좀 알려주세요 오류라면 수정 좀 해주시구요
기종 노후 문제 아니었고 초반 서비스 문제였던거 같네요 몇시간 후에 잘 깔렸었습니다 답변 더 안달아주셔도됩니다~! 세번째 알림이 오네요",3
2018-10-09T06:59:40-07:00,Too frequent updates,"아니 한번식 이 게임을 하려고 오픈 하면 매번 왜 500메가 이상씩 업데이트를 하라고 해? 그레이픽스를 깔끔이라서 설치했는데, 하고 싶을때마다 새 업데이트 ㅅㅂㄹ",3
2018-10-08T06:50:15-07:00,스킵  절실,"루프물인건  알지만  오프닝과  엔딩에도  스킵이  있었으면....그리고  행동력이  모자라서  미치겠음.
섭종만  하지말았으면.",4
2018-10-07T09:14:19-07:00,다이아를 삿는디 충전이 안댓어용,ㅇㅅㅇ;;,5
2018-10-05T07:55:00-07:00,정말 괜찮았습니다,스토리가 좋았고 정말 애니메이션은 최고였습니다. 촤소한 국상게임 보다는 훨씬 재미있으니 한번 해보새요,5
2018-10-01T16:50:27-07:00,게임은 정말 잘만듬,퍼블리싱의 무리한 헬적화와 한철장사로 빨대꼽고 돈빨아먹겠다는 미친마인드로 두달만에 슈타게 미쿠 콜라보 다 내보내면서 유저 다쫒아내고 이제와서 운영 잘하면 뭐하노...,3
2018-09-29T17:49:52-07:00,꾸르잼,업데이트도 좋고 컨텐츠도 늘어나서 좋아요!,5
2018-09-27T01:49:41-07:00,오랜만에. 몰입해서하게되는 게임,멀티엔딩인부분부터 마음에 들었고 한명한명공략하는재미가 잇습니다 요즘같은 모바일겜 명작 가뭄이대에 추천합니다,5
2018-09-26T00:57:13-07:00,에루비,"에루비 기억단편 1 안줍니다
2일차때 구시가지 클리어하고 흑핵 정화까지 ㄲㅌ냇는데 안. 되네요.   맨 처음부터 안 줬습니다 지금이 3 번ㅉ 시도 였는데 ㄸ 안 됩니다 기억단편 왜 안. 주는거죠 ?
혹시 몰라 계정 적어놉니다.
이름 :    시아
레벨.     71
페이스북으로 로그인
아이폰 6S 유저입니다",1
2018-09-25T00:13:16-07:00,신선했으나 아쉬운운영,"게임은 7일이 반복되는 상황속에 다양한 루트로 다양한 엔딩을 볼 수 있는 신선한 게임.
아직 풀리지않은 스토리에 대한 호기심과 추후의 업데이트를 기다리게 되는 기대감이 높은 게임입니다.
하지만, 노골적으로 과금을 유도하는 이벤트와 의미없는 인기투표 이벤트의 반복이 게임의 재미를 반감시켰다. 물론 과금없이 충분히 플레이가 가능하나, 업데이트와 이벤트를 기다리는 유저입장에서는 매번 빠지지 않는 <과금보상 이벤트>와 한정 캐릭터의 파츠를 모두 모아야 얻을 수 있는 <가챠 시스템>은 운영 개발자들의 '돈을 벌고 싶어요.'라는 속마음이 보이는 것은 어쩔 수 없었다.",2
2018-09-23T20:07:13-07:00,지웠다 깔아도 계속 튕기네요..;;,"아니 다시 깔고 들어가도 튕기고 , 아예 안들어가지는데 게임을 플레이를 할수가 없네요..좀 고쳐주세요",3
2018-09-22T01:00:13-07:00,최고의 게임,정말 할말이 없을정도로 완벽한게임 만들어주신 제작자님 감사합니다!!,5
2018-09-21T19:58:08-07:00,할만,하네,1
2018-09-20T04:28:52-07:00,소리가 안나요,게임소리가 안나요 다른게임은 소리가 잘나오는데 이게임할때만 이러네요 뭐가 문제죠??,5
2018-09-18T21:50:45-07:00,박준희,정말 재밌다 ^^,5
2018-09-18T10:37:21-07:00,게스트. 로그인. 연동방법,게스트로. 로그인했나요. 다음가시오 접속할려면 연동을 어떻게해야되나요,5
2018-09-16T07:56:56-07:00,ㅇㅇ,너무 재밌네요,5
2018-09-15T06:28:12-07:00,꿀잼,꿀잼이에요!!!,5
2018-09-14T03:25:24-07:00,재밌게 하고 있어요,이제 한턴 돌았지만 특색있네요.,5
2018-09-14T02:38:08-07:00,유저가 전부 공카보고 sns 체크하는 줄 아나?,출시됐다고 알림 와서 다운 받았는데 실행 안 되면 어이없는거지 유저가 전부 공카랑 sns 의무적으로 가입하고 확인해야 하는거냐?ㅋㅋㅋㅋ,1
2018-09-14T00:57:30-07:00,한방에,이겜 갓겜이네 현질 필요없네,5
2018-09-13T07:39:23-07:00,리뷰첨쓰는데 갓게임..,"현질안해도 즐길수있고 현질해서 욕심내서도 줄길수있다   
이게임의 가장 큰 장점은 게임폐인으로 살지 않아도 되게끔  컨텐츠를 빠르게 소비하고 일상생활이 가능하다는점이다
직장인들 강추",5
2018-09-13T00:07:57-07:00,이건 갓겜이다,"에뮤사 갖고시펏눔데 걍 나옴ㄷㄷ
너무 재밋고요 새로운 엔딩이 더 많이 나오면 좋겟네요ㅎㅎ",5
2018-09-12T03:08:27-07:00,훨낫다진짜,국산양산형겜 보고본받길,5
2018-09-08T19:34:11-07:00,할만해요,공략하기 어렵긴한데 재밌네요 !다른공략도 보고싶은 ..열심히해야죠 ㅠ,5
2018-09-06T08:12:49-07:00,저는왜쿠폰입력창이 없을까요,??,5
2018-09-05T10:21:48-07:00,앙 운영 똥망,"오픈전 햇건말 다 뒤집고 개돼지 취급 ㅋ 안해

이 쪽 운영 하는 겜 이젠 절대안함 ㅋ",1
2018-09-05T10:01:29-07:00,몰입도가 괜찮네요..,7일이라는 분기가 있으니 한쿨이 적당한거같고..문제는 피로도가 안차네요...기준이 24시간이라니...,5
2018-09-05T08:21:43-07:00,이거 어떻게 안되나요,제가 누르의 이야기 마지막 전투에서 히로 4천왕을 이겼는데 전투 살패가 뜨면서 마지막에 강제 종말 루트가 되버렸어요.. 어떻게 안될까요?,5
2018-09-03T18:55:52-07:00,재밌네 생각보다,젠장 빠져든다,5
2018-09-02T22:10:44-07:00,2주간 해보고 쓰는 리뷰,"이 게임은 진입 장벽이 꽤 높은 편이다.
게임의 난이도가 엄청나다. 컨트롤 게임이다.
이 게임도 양산형 과금 게임과 다를게 없지만 한국 쓰레기 양산형 게임과는 차원이 다르다. 게임에 깊이가 있고 철학이 있다. 
게임 캐릭터 모델링도 예쁘게 잘 꾸며져있고 개성이 있어 여성유저도 더러 있는 듯하다.
어떤 모바일 게임이던지 과금유저와 무과금 유저의 차이는 극명하다 이 게임도 마찬가지, 하지만 게임내 컨텐츠가 경쟁위주로 돌아가지 않아서 경쟁 시스템에 대한 스트레스가 적다.
미연시와 같은 스토리 진행이 있다고 해서 ㅆ덕 게임이라고 생각하면 오산이다. 본인도 처음에 이 부분에 있어서 괴리감이 있었지만 이 게임의 핵심은 “전투”에 있다. 
핵앤슬래쉬의 간결한 플레이, 기본적으로 3명의 캐릭터가 전투에 진입하는데 이 3캐릭터의 스왑 시스템에서 나오는 유저의 순간적인 전략 플레이가 게임의 몰입도를 높인다.
무엇보다 이 게임이 갓겜인 이유는 1티어, 2티어 캐릭터들을 이벤트를 이용해 무료배포한다. 
기본적으로 가챠를 통해 획득하는 캐릭터 외에도 게임내 컨텐츠, 이벤트를 통해 얻는 캐릭터의 성능도 상당히 준수하다는 것이다.",5
2018-09-01T13:55:42-07:00,처음깔때부터 막히는 앱,지금까지 해본 모바일겜중에 처음깔아 다운할때부터 막히는 앱은 처음.....,3
2018-08-31T18:07:00-07:00,굳,꿀잼 추천함,5
2018-08-29T13:17:01-07:00,재미있다~ 이말이야 !,행동력 부족한거 빼곤 갓겜,5
2018-08-27T00:51:58-07:00,구매내역 삭제좀,용량부족,5
2018-08-24T11:36:29-07:00,게임 잘만들었네...,너무 한국 양산형처럼만 안갔으면 좋겠는데 ..,5
2018-08-23T00:41:36-07:00,다 좋은데....,"게임 자체는 너무 좋아서 즐겁게 플레이 하지만....오팔 얻기가 쉬운것도 아니고.... 특수한 틈새 깔깨마다 보구만 나오는 이건....장난이 지나칩니다. 지금까지 쓸데없이 보구에만 오팔 족히 70개 날렸습니다. 열번 까는데 열개가 다 보구면 어쩌란거에요....신기사 파편 나오는 확률좀 수정 해주시길 바랍니다. 보구들 중간에 하나라도 끼게요 제.발.요. 설마 이번에도....이런 마음 품고 오팔 벌어서 까는데 신기사 파편 하나라도 안나오면 진짜 기분 뭣같아요. 제발 수정 해주세요, 제에발.",4
2018-08-22T09:32:08-07:00,리리코,갖고싶다..엉엉,5
2018-08-21T09:44:34-07:00,이정도면...,괜찮은듯. 양산형 RPG게임들보다는 이 게임 하는게 훨씬 재미잇네요.,5
2018-08-20T18:39:22-07:00,할만한데,공략깰수록 힘듦,4
2018-08-19T05:52:58-07:00,재밋음,"하루 피로도가 있는데 
킵되서좋음",5
2018-08-17T05:43:45-07:00,"좋은, 하지만 뭔가 답답한","거의 저를 만족..시키기는 했는데! 무언가 저에게는 어려워서 그런지, 제가 게임 클리어를 하려면 완벽히 해내려고 하는데 1회차에서는 서툴러서 그러지 못해 답답한 느낌이 있지만 그건 제가 게임을 못 하기 때문이라 생각하고, 별점 5점 드립니다. 앞으로의 행보 지켜보겠습니다.",5
2018-08-17T01:56:27-07:00,편파 운영,"중섭 한섭 편파 운영
뽑기 확률 조작
보상으로 재화 몇개 던저수지면 ‘그럴 수도 있지’ 하겠습니까?",1
2018-08-16T23:21:03-07:00,재밌엉,뮤아,5
2018-08-16T14:08:02-07:00,괜찬은거 같아요,젛아용!!!,5
2018-08-16T01:10:10-07:00,정말 재밌습니다,정말 너무너무 재밌습니다 인생겜,5
2018-08-15T06:54:04-07:00,잼나,재미있음,2
2018-08-14T22:09:10-07:00,잼댐잼있음가,가,4
2018-08-14T09:45:12-07:00,희대의 개병신 운영,"게임 자체는 재미있습니다.

과금하지 않아도 즐길 만하지만, 대놓고 과금 유도하는 운영이므로 감안하고 다운받으세요.

이제부터 가이아 게임에 손대면 성을 간다 어휴",1
2018-08-14T04:34:30-07:00,과금이 아닌 신기사,과금이 아님 신기사들이 많아졌음 좋겠습니다 :),5
2018-08-13T17:05:05-07:00,ㅇ,ㅇㅇㅇ,5
2018-08-13T00:23:52-07:00,게임성은 좋은데 가이아가 망쳐놓음,응 헬적화,1
2018-08-13T00:17:42-07:00,호구들아 따지지마라,"한국은 호구들아 닥치고 독자운영대로 따라와라. 
중국님들처럼 받기를 바랬느냐...",1
2018-08-12T11:10:13-07:00,현질도 했는데 운영ㅋㅋㅋㅋ,"정액제 현질도 했는데 게임운영을 엉망으로 해서
괜히 돈낭비만했네 성우진과 독특한 게임 운영방식,스토리가 참 마음에 들어서 지하철 광고할때 보고 바로 사전예약했었는데 이걸 한낱 듣보잡 게임회사가 퍼블리싱해서 게임만 망하게하네",1
2018-08-12T06:16:37-07:00,ㅋ,ㅋㅋㅋ,3
2018-08-12T04:52:57-07:00,확률조작겜,개오짐 광삭 ㅅㄱ,1
2018-08-12T03:58:09-07:00,재미있다,재미있다,5
2018-08-11T22:02:55-07:00,응 안해,안해,1
2018-08-11T08:05:47-07:00,그냥 할만함,계속 할만함,4
2018-08-11T08:02:44-07:00,씨바꺼 꼬와서 접는다,이겜 하지마세여 조금있으면 망합니다 ㅋㅋㅋ,1
2018-08-11T05:30:53-07:00,가이아 믿고 거르세요,"갓 게임을
똥 운영으로 말아먹었습니다
겜하실분들은 절대 과금하지마시고 무과금으로 하세요
가이아 얘네 지금 길게 안보고 이겜 길게봐도 7개월만에 섭종 합니다
중요한건 가이아 퍼블이면 거르세요
운영 안합니다",1
2018-08-11T04:33:37-07:00,이겜 다운하려는사람 보세요,"돈 지를 생각없는 사람이면 안봐도 되고, 돈 지를 계획이 있는사람이면 이 게임은 돈맛에 미쳐서 운영개판난 게임이니까 깔기전에 확인하시길",1
2018-08-11T01:31:55-07:00,재밌게 하고 있습니다,냉무,5
2018-08-11T00:43:30-07:00,이 게임의 궁극적인 목적이 무엇일까?,반복되는 스토리에 컬렉션 게임 컨셉도 애매하고;;,3
2018-08-10T20:11:46-07:00,국내 겜보가 괜춘네요,최근에 해본 게임중 가장 괜찮다고 생각합니다,5
2018-08-10T13:50:50-07:00,자질시험 밸런스 똥망,"한 두시간넘게 이짓저짓다해봐야 깰수있는거 실화?
대놓고 현질유도 이벤트도 개극혐",1
2018-08-10T09:56:09-07:00,Hell적화가 뭔지 보여주는 게임,"게임은 잘 만들었다고 생각합니다.
하지만 국내 퍼블리싱의 말바꾸기식 현지화와
국내 유져들과의 소통 거부는 굳이 이 게임을
해야 하나 싶게 만듭니다.",1
2018-08-10T09:16:31-07:00,에휴,그지랄로 운영하지마라 ㅅㅂ,1
2018-08-10T07:06:16-07:00,헬적화,재밌게 하다가 접습니다 환불각,1
2018-08-10T06:39:40-07:00,개노잼,도감 채우는 재미있고 과금안하면 완전 어렵다,5
2018-08-10T05:48:52-07:00,한국 현지롸 오짐. 현질 안하면 이벤트 못함.,먹튀 각 나왔음. 활부을받고 빨리 손절해라 호구들아.,1
2018-08-10T04:20:15-07:00,답답해,"이거 탈퇴기능이없는건가요??
여기저기 다찾아봐도 그런기능이없네요",1
2018-08-10T00:56:52-07:00,운영 ㅈ망갬,운영이 망친 게임,1
2018-08-09T08:19:20-07:00,국산겜과 차별화를 둔 겜인데 운영이 망,"재밌음. 게임성도 여러모로 특이하고, 캐릭터 각각의 매력도 있음.  그런데 그거 밖에 없음.  운영은  유저들  가지고  노는것도 아니고,  중섭  보상이랑  한섭  보상을  차별화  시키네?  갓겜 반열에서 자진해서 내려오네?",1
2018-08-09T06:20:26-07:00,사랑해요,갓겜 오래가자,5
2018-08-09T05:57:23-07:00,이기 머꼬,호감도에 건설에 전투에 정보 환력 건설 아이고 힘들다,3
2018-08-09T05:30:33-07:00,굿,굿이다,5
2018-08-08T03:57:39-07:00,1주차까지 해보시고 판단하시길,"게임퀄리티는 딱 해보시면 좋다고 느낌 받으실거예요..
문제는 행동력!
한번 플레이하려면 20행동력이 필요합니다...플레이시간 5초~2분정도인데 20행동력 충전시간은 2시간이네요...
10분 정도 하니까 할수 있는게 없더군요,,

지울까 하다가...

처음에 주는 행동력 충전 아이템을 사용해 좀 더 플레이해봤습니다. 컨텐츠가 하나씩 풀리면서 행동력없이 할 수 있는게 생깁니다.
스토리 skip하지 말고 in게임 시간으로 1주차만 해보세요, 저는 존잼이더군요,, 그래도 재미없으면 지우시길!",5
2018-08-07T13:09:43-07:00,호우,!,5
2018-08-07T08:26:27-07:00,재밋아서 계속하게됨 ㅜㅜㅜ,신기사얻을라고 돈도 지르게됨....,5
2018-08-06T14:40:01-07:00,잼음,할만함,5
2018-08-06T12:19:17-07:00,갓겜과 망겜 사이에서 수시로 왔다 갔다,"스토리도 좋고 게임성도 괜찮고 게임도 재밌어요.
무과금으로 충분히 할만해요.
타격감이 부족하고 친구에게 쪽지 모두 보내기와 같은 편의성은 아직 많이 부족해요. 그리고 무엇보다 행동력이 조금 부족한 감도 있어서 게임을 즐기기가 힘들어요.
무과금도 충분히 할 수 있지만 이벤트가 주로 뽑기 이벤트라 이벤트 캐릭들은 얻기가 어려워요.
점검이나 연장점검 등 그런 보상들이 많이 짠 편이에요.",1
2018-08-06T05:31:18-07:00,꿀잼,애니보면서 겜하는것 같음,5
2018-08-05T22:12:28-07:00,ㅎ,기대 이상으로 잘 만든 게임. 약간 질리는 감도 있으나 이 정도로 오래 몰입하게 한 게임은 오랜만인듯,5
2018-08-05T22:08:53-07:00,갓겜,제목 그대로임👍👍,5
2018-08-05T12:15:35-07:00,ㅗㅜㅑ,ㅗㅜㅑ,5
2018-08-05T09:10:12-07:00,ㅋ,유리떴다 ㅠㅠㅠㅠ,5
2018-08-05T08:52:24-07:00,굿,재믹어요,4
2018-08-05T07:07:59-07:00,재미는 있지만,운없는저는 접습니다ㅜㅜ,1
2018-08-05T03:46:54-07:00,재밌어용,돈벌기 힘든뎅 ㅠㅠ 재밌긴햐요,5
2018-08-04T18:55:10-07:00,스토리 은근 재밌네요,쿠기밍이 거유인게 갭이 크지만 잘만들었음,5
2018-08-04T09:27:13-07:00,굿할만함,요즘에 넘 과금유도 개임만 줄기찬데비해서는 구나마 덜 과금유도하니 할만함,4
2018-08-04T09:21:30-07:00,스포가 될지도 모르겠지만 루프물입니다.,새로운 시도는 언제나 환영합니다.,5
2018-08-04T08:51:59-07:00,재미있습니다,타임 킬링용으로 최고,5
2018-08-04T06:55:55-07:00,아.. 좋다,그저 좋다...,5
2018-08-04T02:08:09-07:00,훔,아직모르겟다,4
2018-08-03T22:43:12-07:00,행동력 소모 20은 너무 많은데요,"행동력 충전되는게 금방 되는 것도 아니고, 한 번 행동 할 때 마다 20씩 쓰고 MAX 240이면 이건 뭐 게임을 하라는 건지..... 하다가 멈추고 하다가 멈추고 그러다보면 잊혀질텐데; 10이나 5정도로 해주시죠...
이 점 빼고는 다 괜찮음 AI도 디자인도 좋네요",3
2018-08-03T22:21:43-07:00,정말 완벽한 게임,굿굿입니다,5
2018-08-03T21:39:03-07:00,좋음,"연출력이 되게 좋은데 사운드는 부족.
타격감은 별ㅇ로인데 스킬디자인이랑 레벨디자인이랑 적 디자인이 갠춘해서 갠춘.

근데 보스전이나 아니면 일반 스테이지 클리어 했을 때 어레인지된 쇼팽 에뛰드가 나온다;; 장인정신이 보여서 첨엔 별로였는데 급 호감으로 바낌 일단 엔딩까지 해볼 생각",5
2018-08-03T08:55:44-07:00,참신하네요,대박,5
2018-08-03T08:53:45-07:00,•_• 하는재미가 있음,캐릭터도 아쁨,5
2018-08-03T04:21:08-07:00,ㅎㅎ,개꿀잼,5
2018-08-03T04:19:39-07:00,스토리를 따라가다 보면 재미있어요~,"애니 한편을 보는 것 같은 느낌으로 하고 있습니다.
작화도 이뻐서 대만족이예요!!!ㅎㅎ",5
2018-08-03T02:43:37-07:00,굿,굿,5
2018-08-03T00:35:14-07:00,솔직히 갓겜,근데에~ 뭔가 이벤트랑 갓챠가 좀 덜 매력적임 그 부분만 아쉬움,5
2018-08-03T00:08:55-07:00,중앙청 신임도,음.. 제실수긴 하지만요 중앙청 신임도 어디에서 획득 했는지가 안나와서 1시간차이로 그엔딩에 못도달 하게되었어요 너무 아까워서 어디 어디서 신임도 얻었는지 알수있게 패치좀 해주셨으면 좋겠습니다.그위에 클릭했을때 어디서 획득했는지가안나와서 좀 그랬어요..기억안나는데 순찰 한번 한번이 부담이 되는데 ..,5
2018-08-02T23:10:38-07:00,재미만있음 ㅠㅠ 차라리 재미라도없지,너무 재밌는데 타임슬립없으면 하나깨는데 너무 오래걸림 ㅠㅠ,4
2018-08-02T20:03:23-07:00,꾸울잼,누가 벌꿀 풀어뒀냐?ㅋㅋㅋ,5
2018-08-02T19:50:04-07:00,화이팅,보구좀주세여,5
2018-08-02T18:23:01-07:00,에임 설정 왜이러냐,진짜 에임 드럽다 다른 애를 때리고 싶은데 원래 때리던 애를 때리고 제정신이냐,4
2018-08-02T10:15:55-07:00,즐겁다,좋다좋아,5
2018-08-02T09:04:33-07:00,재밋어용,공략보면서 하느라 조금 복잡하긴한데 캐릭 키우는 재미가 쏠쏠해용 ㅎㅎ!!,5
2018-08-02T08:36:18-07:00,:3,"제 친구 2명도 이 게임 하고 있거든요!
근데 재밌대요! 제가 추천 해줬거든요ㅎㅎ",5
2018-08-02T07:55:00-07:00,재밋긴한데,현질을 유도해요...또르르,4
2018-08-02T07:15:29-07:00,재밌다,ㅎㅎ,5
2018-08-02T04:02:35-07:00,그럭저럭,그럭저럭,5
2018-08-01T16:41:09-07:00,갓겜,오랜만에 명작이네요 핵 꿀잼 ㄹㅇ,5
2018-08-01T14:28:22-07:00,굳,굳,5
2018-08-01T03:31:55-07:00,워매 슬픈것...ㅠㅠ,"앙투 공략 끝내고 안 공략 끝냈는데 안은 왜이리 슬프죠..ㅠㅠ 정말 앙투하고 안은 같이 못 구하나요ㅠㅠ
어쨌는 엔딘이 다르니 다음 엔딩도 기대되요!!",5
2018-07-30T19:55:59-07:00,잼 나요,재미있엉,4
2018-07-30T11:39:33-07:00,행동력좀 늘려라,"아니 무슨 겜을 못하겠다,, 뭐만 하면 행동력 부족하다..회복력 기다려라..아니 그러면 회복력 시간을 줄이든가 언재까지 기다리냐",1
2018-07-30T09:27:11-07:00,콜라보이벤트 신기사 ㅠㅠ,"다 좋은데 행동력 부족한거랑..
이번에 보컬로이드 콜라보해서 나왔던 신기사들 다시 못얻는건가요?ㅠㅠㅠ
얼마여도 좋으니까 해금 가능했으면 좋겠어요",5
2018-07-29T22:26:46-07:00,이건 뭐.....,정말 좋은 게임이네요. 근데 아이템 좀 많이......,5
2018-07-29T08:26:06-07:00,재밌어요~!,"원래 게임 잘 안하는데 우연히 다운받아서
하게 됐는데 너무 재미있어서 자꾸 하게 되네요!
캐릭터들도 너무 예쁘고 스토리도 좋아요.
캐릭터 모으는 재미도 있어서 저처럼 게임에
크게 관심 없거나 어려워해도 접근하기가
좋은거 같아요. 다만 하다보니 행동력이 부족하고
채우는 시간도 너무 오래걸려서 그게 아쉬워요.
타임슬립을 구매할 수 있게 하거나
시간을 좀 더 단축시켜주시면 좋을거 같아요.
앞에도 말씀드린거 처럼 저처럼 게임을 잘 안하는
사람들은 흐름이 끊기면 게임을 까먹고 안하게
되는데 행동력시간 모으느라 뒀다가 결국 까먹고 접을거 같아요ㅠ 좋은 게임인데 그부분만 바뀌었으면
좋겠네요! 게임 만들어 주셔서 감사합니다:)",4
2018-07-29T07:16:59-07:00,ㅇ,ㅇㅇ,5
2018-07-28T20:02:00-07:00,갓갓,갓갓 힐링겜 ㅇㅈ합니다,5
2018-07-28T17:44:58-07:00,굿,굿,5
2018-07-28T15:04:25-07:00,굿,꿀잼,5
2018-07-28T10:00:34-07:00,재미있어요,짱이내요,5
2018-07-27T22:45:02-07:00,미쿠 얻고싶지만...,미쿠 구하기 너무 어렵네요...,4
2018-07-27T21:03:18-07:00,이거 계속 수시로 결제되는데,대체 왜 그러는거임 오늘 게임 키지도 않았는데 돈 나갔다고 문자옴 확인하니 실제로 돈이 빠져나감 이거 한번 결제했다고 돈 자꾸 빼가는거임?,5
2018-07-27T20:55:07-07:00,일러이쁘네,재밌네,5
2018-07-27T19:55:14-07:00,정성이 들어간 게임이지 않나 싶습니다.,"타 양산형 게임과 달리 멀티 엔딩이라는 특별한 장점에 이를 화려하게 부각시키는 비쥬얼 노벨. 타격감이 너무 가벼운 게 단점이긴 하지만, 과금 없이도 비교적 컨텐츠는 즐길 수 있기 때문에 무과금 유저 또한 괜찮게 할 수 있는 게임이지 않나 싶습니다. 국내 운영이 다소 문제가 심하고 이벤트 면에서도 부실한 점이 많지만 이해는 해줘야 하지 않을까 싶네요.",5
2018-07-27T02:16:11-07:00,게임성 좋고 현질유도 없음,갓갓,5
2018-07-26T02:55:34-07:00,중국 요즘 게임 잘만든다,놀랍다,1
2018-07-26T02:32:39-07:00,좋아요,조하요,4
2018-07-25T21:31:32-07:00,행동력 너무 짜다...,ㅠㅠ,5
2018-07-25T09:14:13-07:00,남캐,"여캐만 있는줄알고 여태 안하고있었는데..
ㄷ",5
2018-07-25T06:29:00-07:00,소리가안나요,원래 소리가 안나는건가요? 음량 설정이랑 휴대폰 음량 끝까지 올려도 소리가안나요,4
2018-07-24T11:01:40-07:00,7주차 진행중인데.....,"진짜로 다른 엔딩들이 궁금해질 정도로 잘 만든 게임입니다. 이 게임을 제대로 즐기시려면 스토리를 스킵하지 말고 정주행하시길 추천합니다!

영원한 7일의 도시 화이팅!",5
2018-07-24T07:29:24-07:00,나의 최애 게임,굳굳 ~~~,5
2018-07-24T00:26:55-07:00,말이 많습니다 ...,케릭터 들이 이쁩니당 ㅎ 하악하악...,2
2018-07-23T11:29:20-07:00,중국이제... 잘만드네...,ㅇㅈ..,4
2018-07-23T10:38:42-07:00,할만함,요,5
2018-07-23T08:14:39-07:00,재밌게 잘하고 있어요~,굳굳,5
2018-07-23T06:15:44-07:00,재미나요,ㅎㅎ,5
2018-07-22T23:26:13-07:00,메구리네 루카,저 흥미 떨어져서 안 했는데 출석체크하고 백야관 가서 뽑았는데 메구리네 루카 나와서 게임 할 맛 나네요!!,5
2018-07-22T14:31:52-07:00,대박,"한방에 나옴 
 하지메 마시떼~~ 하츠네밐쿠!!!",5
2018-07-22T08:58:31-07:00,다 좋은데,"범위 내의 적 자동 타겟팅 되는 거 개짜증나네요.
때리던 애 계속 때리지 왜 타겟 이리저리 바꿔서 난이도를 하드코어로 만드는지 이해할 수가 없네요.
타겟 설정 가능하도록 해주시면 안됩니까? 자동타겟팅 개쓰레기 같아요",3
2018-07-22T01:46:33-07:00,뭐지..? 하면서 자꾸 하게된다..,은근 잼남,5
2018-07-22T00:59:51-07:00,7일을 소중히 하는 양산형 모바일 게임,"현실시간 7일(일주일)에 맞춰 스토리를 전개하며 회차 플레이를 하는 모바일 게임입니다. 

전체 스토리는 나쁘지 않습니다. 주력 콘텐츠가 스토리입니다. 다만 번역 상태가 일부 좋지 않습니다.

 게임성을 따지자면 미묘합니다. 결국 다른 게임과 전투 시스템이 비슷하며 직업이 나누어져 있지만 딜러 쪽 캐릭터만 키워도 게임을 진행하는데 부족함이 없습니다.
 캐릭터는 많으나 모든 캐릭터들을 다 쓰지는 못합니다. 다만 조건에 특수한 상황이 많기 때문에 버려지는 캐릭터는 없는 것이 다행입니다. 

 결제에 대해 말하자면 핵과금에 따른 천장(한도 보상)이 없습니다. 안 나온다면 100을 투자하여도 안 나오며, 운이 좋다면 1만 투자해도 나옵니다. ‘필히 먹겠다’라는 생각을 하지 않는다면 과금을 안 하는 편이 좋은 게임입니다. 

 성장 콘텐츠는 장비 수집이 끝입니다. 또한 시간 투자에 비하여 얻는 재화(무기, 골드 등)이 터무니 없이 적습니다. 천천히 모바일 게임을 즐기시는 분들께 추천합니다. 

 독특한 시스템과 스토리 전개, 버려지는 캐릭터가 없는 콘텐츠를 가지고 있지만 다른 모바일 게임과 비슷한 성장 및 전투 시스템을 가지고 있으며, 핵과금을 보호할 수단이 없는 결제 방식을 채택한 게임입니다.",3
2018-07-21T20:15:01-07:00,잼지다,재미지다,4
2018-07-21T19:04:15-07:00,ㅇㅇ,이거 나중가면 갬 힘들어질꺼같은데,5
2018-07-21T08:28:03-07:00,재밌네요,가끔 짬짬이 할만하네요,5
2018-07-21T08:03:39-07:00,잼나네유,잘만들었네유,5
2018-07-21T03:10:13-07:00,제미지네,해봐,5
2018-07-21T01:50:47-07:00,문제점이있어요,재미있고 중독성있고 진짜 자세히 꼼꼼히 만들고 타격감 조작도재미있고 싹다완벽한데 이거행동력 진짜쓰레기네... 아니던파같은건 빨리라도 채워지지 7일을 기준으로 하루하루 다 채워주던지 아니면 좀1시간에 다채워지게해주던지 이건뭐 게임하다가 행동력없어서 안하면서 다른거 하다가 지겨워져서 게임 질리네...행동력만 어떻게해주세요 이거때문에 지겨움...,4
2018-07-20T22:49:01-07:00,케릭이 이쁘네요,케릭이 이뻐서 좋네요~ ㅋ,5
2018-07-20T22:30:36-07:00,재미있어요ㅎㅎ,다른캐릭터엔딩도만들어줬으면좋겠네요,5
2018-07-20T11:30:42-07:00,굿,재밋네요,4
2018-07-20T08:10:43-07:00,쓸 만한 잡동사니!,"다 회차 엔딩을 보고 소감 한마디 하자면, 한 번씩 쓸 만은 하지만 그다지 중요한 물건은 아닌 잡동사니 같은 게임. 스토리, 게임 인터페이스, 그래픽, 사운드, 성우진, 액션 모두 준수한 편이며 아직 많은 업데이트로 여러가지들이 발전 하겠지만 여타 게임과 다를것 없는 반복적 플레이와(이 게임은 대놓고 무한 반복. 벌써 제목에서부터 영원한...) 그에 비해 매우 부족한 행동력, 그로인해 흐름이 끊김으로서 상당히 몰입도가 떨어짐. 행동력 보충을 원활하게 하던지 스토리 이 외의 컨텐츠 개발에 힘써야 할 듯.",4
2018-07-20T07:58:45-07:00,양산형 게임에 지쳐있다면,갓게임이 틀림 없습니다,5
2018-07-20T04:16:34-07:00,독특한 컨셉,재밌는 스토리,5
2018-07-20T01:30:31-07:00,취향타는게임,이런류 좋아하는 사람들은 재밌게 하겠지만 아니면 좀 ㅎㅎ,4
2018-07-19T23:13:28-07:00,ㅠㅠ,손 컨하기 너무 빡쌤 ㅠㅠ,4
2018-07-19T17:51:18-07:00,정말정말 재미있어요!!!!😭❤️,"처음에 광고보고 3D모델링이 잘되어 있어서 한번 깔아서 실행해봤는데 꿀~~~~~~잼 이에요!!!! 
앞으로도 재미있게 플레이 하겠습니다!!❤️이상 허무한 리뷰였습니다",5
2018-07-19T14:16:49-07:00,재밌네요,취향 탐,4
2018-07-19T09:35:25-07:00,세이유이 파편 나왔는데 영원파편으로 바껴요..,세이유이 기존에 1개 있는 상태에서 떳는데 이미 소유하고 있다고 영원파편 으로 주네요..,5
2018-07-19T09:05:24-07:00,넘나 잼서요ㅎㅎ,ㅎㅎ,5
2018-07-19T07:16:26-07:00,어떻게 된 거죠???!!!,앙투랑 안 루트 다 클리어했는데 기억전당 오픈이 되지를 않고 있습니다... 너무 답답하네요 어떻게 된 건지 빠른 답변 부탁드릴게요 게임은 정말 재밌고디자인같은것들이 너무 이뻐요ㅠ,5
2018-07-19T06:57:37-07:00,좀,띵작이네여,5
2018-07-19T03:22:01-07:00,업데이트좀,아이폰이라 그런가 모르겟는데 앱스토어에 업뎃이 안됫네용 업뎃좀 빨리 해 주세용,5
2018-07-19T03:11:23-07:00,공지를 잘못 읽어서 오해를 일으켰네요,"오픈 전 공지를 잘못 읽어서 오해를 일으켜서 죄송합니다.

지금까지 무과금으로 즐기고 있습니다. 딱히 현질을 해서 신기사를 안뽑아도 스토리를 밀다보면서 얻는 신기사들로도 충분히 스토리를 즐길 수 있고 또 그것만으로도 꽤 많은 신기사들을 얻을 수 있어서 재밌게 하고 있는 것 같아요.
전투도 이정도면 깔끔하고 괜찮다고 생각합니다. 
전체적으로 재밌는 게임이라고 생각됩니다. 다만 아쉬운 점이 있다면 행동력이 차는게 많이 느려요... 컨텐츠 소모를 줄이기 위해서인건 알겠지만 즐기다가 딱 끊기는 느낌을 많이 받네요. 돈으로 행동력을 사는 것을 바라지는 않지만 적어도 반나절에 하루를 진행하게 해주셨으면 좋겠지만, 이건 저만의 생각이므로 ㅎㅎ
앞으로 더 재밌게 운영해주세요!",5
2018-07-19T02:47:07-07:00,재밌습니다,재밌네요,5
2018-07-19T01:25:47-07:00,업데이트하래요,업데이트 하고 접속하라는데 앱스토어 아직도 없네요,1
2018-07-19T00:14:43-07:00,ㅇㅁㅇ,개쩐다,5
2018-07-18T23:09:51-07:00,7일의 도시,재밌슴당,5
2018-07-18T20:38:03-07:00,ㅇㅇ,ㅇㅇ,5
2018-07-18T14:29:04-07:00,빙시겜,"뽑기도 맘대로 못하게 만들어 놈. 
단 과금러는 맘대로 가능함. 

오팔이라고 뽑기재료 있는데..
여튼 과금러 아닌 이상 오팔을 
구할수 있는 재료가 암만 많아도 교환 횟수가 
정해져 있어서 무과금러나 소과금러는 뽑기 못함. 

뿐만이 아니라 이 겜 자체가 강압적으로 유저를 
길들이는 게 목적인 겜임 ㅋ 도라이 새큉들",1
2018-07-18T12:17:38-07:00,재밌는데,재밌는데 충전시간 너무 느랴서 기다리다 짜증남 기다리다가 질려서 탈퇴하려고 하는데 탈퇴 버튼이 없더라고요. 어디서 탈퇴하죠? 문의하는곳도 안보이고 불편하네여,4
2018-07-18T10:24:41-07:00,꿀잼,"1회차까지는 시간가는줄 모르고함
2회차는 좀 더 느긋하게 즐길 예정
식상한 게임에 지친사람들은 한번쯤해봐도 좋을듯",5
2018-07-18T04:50:23-07:00,신기사 얻으려고 열심히 게임하는 데... 뭐죠?,"1.호감도 초기화 될거면 호감도 높이는 아이템은 왜 있죠?
2.보상과 기역의 전당 완벽 클리어 완수하고 주는 오팔 왜 안주죠?
 1번은 그럭저럭 넘어가는 데, 2번은 도대체? 빨리 보시고 해결해주시면 감사하겠습니다.
 *확실히 오팔이 안모이고 있어요!",2
2018-07-18T03:31:30-07:00,재밌어요,재밌어요~,5
2018-07-18T01:53:17-07:00,굿,"은근 꿀잼 뭔가 다음이 궁금해서 계속하게됨
근데 그 약간 연애시물레이션 느낌 안나왔으면...",4
2018-07-17T23:01:43-07:00,음,전 할만해요,5
2018-07-17T21:53:30-07:00,게임 너무 재밌어요,"원래 리뷰 잘 안남기는데
게임 너무 재밌고 무과금 유저들도 큰 무리없이 좋은 신기사 얻고 능력치 높이는데도 별 무리없어 정말 잘만든거같아요
아쉬운게 있다면 엔딩이 너무 적어 더이상 할게 없네요 빨리 스토리 업뎃해주셨으면 좋겠네요 ㅠㅠ",5
2018-07-17T09:58:07-07:00,할만함,할만함,4
2018-07-17T08:00:38-07:00,루프물은 언젠간 한계가 옵니다.,"14일동안 했지만 정말 재미가 없네요...
그냥 사냥 하고 또 사냥 하고 조각 모으고 멀티하고 보구 맞추고 스토리는 올 클리어해도 신기사들 호감도 맞추는거 이외 없는 정말 재미없는 양산겜이네요 무슨 혜자겜이라고 유튭에서 보고 했더가 시간 낭비 하고 있다는 걸 알았네요.
스토리도 지겹고, 번역 오타도 개심한데

아무리 개선 해도 퍼블릭이...",1
2018-07-17T04:30:19-07:00,취향저격 게임입니다.,"수집컨텐츠와 멋진 일러스트, 성우 등등
신경을 많이 쓴 흔적이 잘 묻어있습니다",5
2018-07-17T02:57:51-07:00,과금유도가 덜해서 좋고 참신해서,재밌습니다 앞으로도 지속적인 관리부탁드립니다,4
2018-07-17T02:38:21-07:00,ㅇ,ㅇㅇ,5
2018-07-17T02:21:27-07:00,초반가챠사기,그것땜에 1개,1
2018-07-16T23:25:52-07:00,꿀잼!,너무 꿀잼 스타100000개😂😍,5
2018-07-16T20:08:29-07:00,그냥 모 할만합니다,시간날때 짬내서 잠깐하기는 좋아요,5
2018-07-16T12:17:41-07:00,나쁘지 않네요,"색다른 내용의 구성으로
결말들을 보며 진행하는 방식이
사뭇 매력을 돋구게 하네요~
앞으로의 운영이 이 게임을 좌우하겠지만..
더 좋은 운영 부탁드립니다!",4
2018-07-16T10:19:17-07:00,퀄리티 재미 스토리 다좋아요,다만 행동력이 캐쉬템으로도 구매할수없는게 흠이라할까요,4
2018-07-16T07:55:24-07:00,아니,갓겜이긴한데 아라시 기억전당 10졸라 못깨겠네 진짜 쉽게쉽게 만들던가 폭탄 졸라 피하기 힘들고 지금 내 생각엔 망겜된다고 할 의미가 읎어진다개짱남,2
2018-07-16T07:28:46-07:00,할만함,진짜 딱 할만함 그 이상 그 이하도 아님,5
2018-07-16T07:01:21-07:00,굿,긋긋,5
2018-07-16T06:27:34-07:00,대에박,대에박,5
2018-07-16T05:37:18-07:00,굳,굳,4
2018-07-16T04:37:24-07:00,하는중,ㅎㅎ,5
2018-07-16T03:46:59-07:00,뭐 ㅋㅋㅋ 재밌어요,재밌긴 합니다 ~~ 😇,5
2018-07-16T02:59:40-07:00,꾸르잼,겁나 꿀잼이옵니다,4
2018-07-16T02:11:09-07:00,좋아요,부담없이즐길수있어서 좋습니다,5
2018-07-15T22:49:32-07:00,정말잼릿네요,재밋어요 중국산게임이라는게 믿겨짖않아요,5
2018-07-15T19:49:40-07:00,재밌는데 행동력 제발 ㅠ,"아무리24시간이 컨셉이더라도 이건 너무 하잖아여ㅠㅠㅜㅜㅠ재밌는데ㅜㅜㅜ더하고싶은데ㅜㅜㅜ자꾸 기다려야하니까ㅜ다른게임 하게되고ㅠ다른게임 하다보면 7일의도시 들어오기 귀찮아지고....이왕 사람들 잡은거 좀더 몰입할수있게 해주세영,,할만하면 끝나고 할만하면 끝나니 너무 김새여ㅜ",5
2018-07-15T11:54:06-07:00,꿀,잼,5
2018-07-15T10:49:07-07:00,간만에 할만한거 나옴,"그와중에 베뷰 생활 가능한지 궁금하네
분노조절 장애있나",5
2018-07-15T09:32:29-07:00,게임은 재밌다만 결제오류 해결이 안되네요,언제쯤 해줄런지ㅠ 나원,2
2018-07-15T08:58:55-07:00,꿀잼,재밌어용,5
2018-07-15T04:27:00-07:00,굿 잡 재밋어요,다양한 컨텐츠 많아서 좋아요.,4
2018-07-15T03:50:38-07:00,미쿠좀,ㅋㅋㅋ,5
2018-07-15T01:38:43-07:00,행동력....,"게임을 계속 하면서 계속계속 느끼는 점이 행동력이 부족해도 너무 부족한갓 같습니다.
행동력을 늘려주시거나 행동력 소모량을 줄여주셨으면 합니다..ㅜㅜ",4
2018-07-15T01:29:56-07:00,아니이거,붕괴3랑 너무 닮은것같은데...나만 그렇게 느끼나..?ㅎㅎ;;,4
2018-07-14T23:54:28-07:00,3시간째 플레이중,3시간째 하는데 꿀잼이닼ㅋㅋㅋ,4
2018-07-14T23:01:06-07:00,꿀잼,핵꿀잼,5
2018-07-14T22:12:31-07:00,❣️,사랑해요,5
2018-07-14T22:02:32-07:00,굿,잼ㅁ씀,5
2018-07-14T21:24:34-07:00,진짜 너무 재밌는데...,아이폰 유전데 하루에 정보처리 못하고 넘어가면 다음날 돌발정보 뜨는 화면 있잖아요.. 그게 터치해도 안넘어가고 오래 기다려야만 넘어가는데 이거 다들 그런줄 알았는데 같이하는 안드로이드유저는 안그렇네요. 저만 그런건가요 아이폰만 그런건가요.. 속히 해결해주셨으면 좋겠어요.,5
2018-07-14T17:31:56-07:00,재밌어요,"간만에 재밌게 하고있습니다 감사합니다
이렇게 리뷰를 남기는건또 올만이네요",5
2018-07-14T16:06:03-07:00,잼잼,잼잼,5
2018-07-14T11:07:55-07:00,한성우 더빙이 없어서 아쉽네요,재밋는데 그게 너무너무 아쉬워서 별 뺐습니다,3
2018-07-14T10:10:43-07:00,전체적으로 미흡한 게임,대부분의 유저가 렙 40정도까지만 키우면 회차를 거듭할수록 몹은 졸라게 쌔져서 현질 안하면 아예 진도가 못나가게되어있고 행동력은 더럽게 없어서 시공뺑이만 돌고 공식카페에서 공략안보면 행동력 낭비만하게되고 게임의 자유도가 중시되는 루프물에서 오히려 자유도는 억압되고 컨텐츠는 말도안되게 적고 전체적으로 처음접했을때 신선하고 재밌었는데 중반만 들어도 게임의 한계를 느낌.. 이겜 제대로 하려면 한 사개월 뒤에 해야할듯,2
2018-07-14T10:02:07-07:00,아무생각없이하다가,새벽2시..,5
2018-07-14T09:19:53-07:00,머리핀으로 7 달고있는 금발캐릭터는 못얻나요,"신기사들이 다 귀여워서 시작했는데
언젠가 출시됬으면 좋겠어요",5
2018-07-14T08:20:35-07:00,중독성 갑오브갑,"시간가는줄모르고 오늘도 밤새겠내 ㅎㅎㅎ
다들 즐겁게 즐기시길욧^__________^",5
2018-07-14T07:37:40-07:00,재미있네요,해볼만한거같네요,5
2018-07-14T06:09:06-07:00,겜은 재밌는데 다좋은데,돈 두번나갔어여 6천원짜리 하나 취소 어캐해요?,5
2018-07-14T02:59:15-07:00,크게 기대 안했었는데,생각보다 훨씬 재밌네요 취향 저격!,5
2018-07-14T02:20:22-07:00,서버 선택이 안되요,로그인하면 서버를 선택하라는데 서버가 안보여요,5
2018-07-14T01:42:53-07:00,난 이거 재밌게 하고있다,캐릭 예쁘고 재밌네,5
2018-07-14T01:25:32-07:00,흥미은 가는데,아직잘..,4
2018-07-13T22:29:39-07:00,꿀잼,꿀잼입니다,5
2018-07-13T22:09:08-07:00,행동력과피로도좀,다좋은데캐릭터의피로도랑행동력이너무부족합니다행동력과피로도를채울수있는템을많이뿌리거나양을늘려주시면더좋을거같은데,4
2018-07-13T22:09:07-07:00,꿀,잼,5
2018-07-13T21:02:02-07:00,재밌어요,"7일이 반복 될 때 마다 조금씩 이벤트가 있으면 더 좋을텐데요... 아직은 괜찮은데...곧 질릴거 같기도 해요^^;
아 그리고 조작 속도가 좀 빨랐으면 좋겠어요 애들 움직임이 좀 느려요ㅠ 답답해.... 미쿠 가지고 싶다.....ㅋ",5
2018-07-13T19:33:03-07:00,그냥 재미다,그냥재미다,5
2018-07-13T18:21:18-07:00,7일의 무한 루프가,흥미로운 점이긴 한데 그 뒤가 어떨지도 궁금해,5
2018-07-13T17:46:08-07:00,긋~~~!,긋긋,5
2018-07-13T08:45:18-07:00,재밌어요,롤플레잉 게임 하는거 같아요,5
2018-07-13T07:46:25-07:00,오토 타겟팅좀 헤제좀ㅋㅋㅋ,진짜 빡친다,3
2018-07-13T06:20:50-07:00,다음콜라보,"안녕하세요즐겁게게임하고있는유저입니다
콜라보도진행해서재미있는데
다음콜라보도진행을헌다면
소드아트온라인해주실수있으시면감사하겠습니다
즐거운하루보내세요~",5
2018-07-13T05:41:25-07:00,앙 기모딱,A모았다 기모딱,5
2018-07-13T05:19:45-07:00,저장공간이 없데여 ㅠㅠ,"1087.1MB가 도대체 몇GB.인지 알려주세요 
그거땜시ㅜ자꾸 코드오류 난다고 떠요 
오류면 빨리 고쳐주세요 그거 때문에 못하고 있어요",5
2018-07-13T01:57:16-07:00,시간날때 하면 재미짐,"잘만든 개임이란게 느껴집니다. 
아직 초반이라 그런가 잼나긴하네요",4
2018-07-12T22:24:21-07:00,ㅇㅅㅇ,ㅇㅇㅇㅇㅇ,5
2018-07-12T22:09:00-07:00,루트가 갈리는 것이 신선함,다른겜이랑좀 잘라서 좋아요,5
2018-07-12T20:08:31-07:00,좋다,굿,5
2018-07-12T19:16:15-07:00,재밋네요,그림체나 스토리 액션모형등 다 원하던 스타일이라 정말재밌게하고있습니다,5
2018-07-12T17:34:43-07:00,ㅍㅌㅊ,ㅍㅌㅊ,3
2018-07-12T17:03:45-07:00,똥망겜 과금할테니까 제발 미쿠 좀 줘,첫 과금겜이다 시벌탱,5
2018-07-12T15:23:45-07:00,재미있어요!,아직 뭐가뭔지는 모르겠는데 재미는 있네요,5
2018-07-12T12:08:23-07:00,할만하네요,그렇게 지루하진 않은듯,4
2018-07-12T09:27:30-07:00,흠...,"타격감이 전혀 없음. 내가 플레이를 하고 있는건지 자동전투를 하고 있는건지 구분이 안됨.
그리고 행동력 수급이 힘듬. 나머진 대체로 무난함.
배경음과 성우들 목소리는 마음에 듬.
무엇보다 과금할 필요가 없음. 타사 게임인 붕괴3만큼 타격감만 갖춰진다면 갓 겜",3
2018-07-12T09:22:23-07:00,정말 재밌어요!,"때를 놓쳐서 아르바이트도 못 구하고 집에서 폐인처럼 있다가 이 게임을 하게 됐는데 더 폐인이 돼 버렸어요ㅜㅜ 스토리도, 그래픽도 너무 좋고 행동력 없을 때 기억전당이나 시공난류, 자질시험 같은 거 하면서 시간 떼우기 좋아요. 그치만 ... 행동력 진짜 많이 부족해요 운영자님 ㅠㅠ 시간 떼우기도 한계가 있네요... 빨리 루트 하고 싶은데 그럴 수가 없어요ㅠ.ㅠ 행동력 캐쉬로 라도 살 수 있게 해주시면 안 되나요 진짜 제발 부탁드려요🙏🏻 여름 이벤트 패치 하면서 행동력도 같이 패치 해주시면 안 될까욤 ㅠㅠ",5
2018-07-12T08:30:15-07:00,아이패드 연동 질문,"아이패드로 플레이 중입니다.

게스트 로그인으로 플레이하고 있는데 계정을 연동하고 싶네요. 어떻게하나요?",5
2018-07-12T08:24:42-07:00,재밌는데?,"아이폰6인데 최적화도 잘되어있고
겜도 재밌다~~ 일러도 예쁘고
행동력 240도 피로하지않고 알맞고 좋음
국산겜보다 낫다",5
2018-07-12T08:01:43-07:00,갓게,갓겜,5
2018-07-12T07:56:44-07:00,재미잇게 잘 하고잇어요,무과금도 할만하네여,5
2018-07-12T07:39:47-07:00,어찌저찌 플레이 해본 갓겜,요즘 광고에서 많이 보이던 게임이기도 했고 말을 험하게 하던 게임 리뷰어들도 이 게임은 극찬하니 한 번 플레이 해봤다 예상 외로 너무 퀄리티 높고 재밌는 게임이였기에 놀랐다 턴제 엔딩 컨텐츠 스마트폰으로 문자를 주고 받으며 흘러가는 스토리 그리고 선택해야 하는 매 순간 너무나 완벽하기에 만점 주고 갑니다 꼭 흥해서 계속 하고 싶네요,5
2018-07-12T06:51:35-07:00,녈심히 중,좋긴한데 그  행동 뭐시기 땜에,3
2018-07-12T04:43:57-07:00,좋음,최고,5
2018-07-12T03:29:43-07:00,재밋네요,스토리도괜찮고,5
2018-07-12T02:34:34-07:00,굿굿,스토리도 좋고 재밌있어요,5
2018-07-12T01:50:59-07:00,즐기기엔좋음 무과금,ㅎㅎ,5
2018-07-12T01:34:02-07:00,오랜만에 재미난 회차방식 게임,"7일간의 스토리로 회차바꿔가며 진행하는 방식은 평소 좋아하던 방식 (플스게임으로 단련) 
각각 기사들의 엔딩을 보거나 엔딩방식을 달리하는게 정말 좋았음 
코스튬과 엔딩 수집 욕구를 상승시킴
행동력이 너무 답답한거 빼고는(1회차 이후에는 거의 움직일수도 없음)괜찮음
다만 플레이 도중에 엔딩이 망했을경우 행동력이 없으면 망한 엔딩을 마치지도 못하는 괴로움은 있음 (시간을 보내려면 행동력필요) 이것이 원인으로 공략을 안보고 진행하는 방식은 2회차부터 괴로움만을 동반 (무작정 트라이 해보는게 무서워짐 현재 제가 그상황입니다......)
그래도 1회차 플레이로 밤을 샜을 정도로 재미남",5
2018-07-12T00:43:37-07:00,할만하지만 할게없음,"하루 240의 피로도만큼 행동 가능한데 한번 행동할때마다 20점을 잡아먹고 회복할 수단은 보이지도 않아서 걍 자연회복할때까지 기다려야됨

점심먹고 순찰 몇번 하면 점수 작살나고 잠자기 전, 그니까 12시간 정도 지나기 전까지는 걍 손가락만 빨아야됨

뭐 게임 수명 오래가게 하는데는 좋지만 체력 소모량을 줄이던지 아님 일일 퀘스트 보상으로 체력을 회복시켜주던지 하는거 아니면 그리 좋은 점수를 주긴 어려움",2
2018-07-11T23:46:10-07:00,내가! 또! 모바일에!,낚였어! 이놈의 앱스코어! 잰장! 게임은 재밋네...,5
2018-07-11T23:19:42-07:00,재밋어용,재밋,5
2018-07-11T23:13:06-07:00,콜라보 기간 실화입니까?ㅋㅋ,짧아도 너무짧은뎈ㅋㅋ 바로 이틀전 10만질렀는데 바로나와서 또지르려 하니깐 기간이 너무짧음 ㅋㅋ 그냥 포기하게 되네 기간좀 늘려주세요 현잘하게,5
2018-07-11T22:25:50-07:00,시나리오는 재미있네요,게임의 타격감이나 그래픽 보다는 시나리오 내용이 좀 몰입하게 되네요..닥사로 렙업만 하는거 보다는 시나리오도 있고 캐릭터들 간의 호감도 등등으로 다른 재미가 있어요..하지만 실망하면 기력이 없어서 하루를 마무리해야하는것과 게임의 퀘스트중에 정보처리하는것은 뭔가가 부족한지 잘 못하고 있네요..현재 17렙이지만 엔딩을 보고 싶어서 매일 1시간 이상씩은 게임을 하게 되네요..앞으로도 시나리오 업데이트 및 게임에서 컨텐츠를 많이 업데이트 바랍니다.,5
2018-07-11T22:00:45-07:00,갓겜납셔,피로도 때문에 진행하다 좀 기다리긴해도 스토리 부분에서 크게 칭찬할만 하다 중국게임이라도 이렇게 모바일게임으로 잘 만들면 흥행하지 국내 게임은 멍멍꿀꿀 만 만들줄 알고 ㅉㅉ,5
2018-07-11T21:36:56-07:00,재미있습니다!,"미연시에 갸차와 전투를 섞어서 재미있어요!
단점은 오팔구하기힘들고 행동력떨어지면 할게없어서 ㅠ",4
2018-07-11T21:29:50-07:00,업데이트가 안뜨네요,오늘 분명 클라이언트 패치가 됬을텐데.. 아직도 업데이트가 갱신이 안됬습니다.. 시공난류도 못돌리고 있네요 쩝,5
2018-07-11T21:19:35-07:00,ㅁ ㅡ ㅁ,ㄱ ㅁ ㄷ,5
2018-07-11T21:15:28-07:00,잼써용,^^,5
2018-07-11T21:08:02-07:00,흠흠,흠흠,4
2018-07-11T20:56:34-07:00,재미있는데,재미 있어,4
2018-07-11T20:54:52-07:00,와타리 핥짝,"ㅎ해ㅐㅎ해해해ㅐ 
페로로로로로",5
2018-07-11T20:35:20-07:00,Good,간만에 이런 게임하는데 재미있어용~:),5
2018-07-11T20:26:35-07:00,과금?,흠.. 과금 ..,4
2018-07-11T20:18:05-07:00,참신하고 쟘남,추천,4
2018-07-11T19:45:29-07:00,ㅂㅅ헬적화,ㅂㅅ 헬작화 노답 헬조셈,1
2018-07-11T16:51:03-07:00,~,엔딩이 여러개라는 게 좋아요,4
2018-07-11T09:34:13-07:00,좀더 해봐야할듯,"일단 즐겁게 즐깁니다 
첫 주는 꼭두각시 인생이었거든요",5
2018-07-11T08:31:59-07:00,재미있다니? 뭔 소리지?,"엔딩 보고 나면 현자 타임 제대로 오는데다가
현질 유도 저렇게 심하게 하는 겜은 난생 처음 봤다
재미 드럽게 없고 할 맘도 이제 없다 
엔딩도 해봤자 똑같은거만 나오고 이제 별 지랄을 해도 이제 안할련다 ㅂㅅ들아
스도리카 현질 유도 제대로 했다는 내말이 후회가 될 정도로 이제 이겜 안한다 
스토리는 진짜 잘 짰는데 운영이 말아 먹네 ㅅㅂ",1
2018-07-11T08:26:16-07:00,스토리 있는 괜찮은 모바일게임,스토리를 펼쳐가는 재미와 선택지를 통한 다른 이야기 꾸르잼,5
2018-07-11T06:31:02-07:00,와,와,5
2018-07-11T05:52:20-07:00,상당히 감성적,내취향이야아 근대 제발 신기사 슌 좀 나오게 해주세요...,5
2018-07-11T05:35:52-07:00,엔딩많아서 안지루함,매번 다르게 진행하면 신선하네요,5
2018-07-11T05:05:45-07:00,ㅅㅅ,ㅎㅅㅅ,5
2018-07-11T03:55:54-07:00,ㅋㅋㅋㅋ.,해보세요. 이상한데 하게되요.,4
2018-07-11T01:41:32-07:00,그냥ㅇ,할만함,4
2018-07-11T01:13:10-07:00,평소 안 해보던 게임스타일,"새롭.. 다기 보다는 낯설고
내용을 소홀히 할 수 없는 거 같아서
읽어보다보니 게임진행이 느립니다.
새로워서 재미있는지 재밌어서 새로운지 아직은 애매합니다.",3
2018-07-11T00:34:30-07:00,딱봐도,아이디어나 정성이 잘 보이네요. 앞으로 플레이 하면서 잘 지켜보겠습니다. 좋은 게임 만드셨네요^^,5
2018-07-10T21:24:50-07:00,드디어 레이를!!,"퀼리티 아주 좋네요
행동력이 매우 흠이지만..
장시간의 게임은 안좋으니까요 ㅋㅋ",5
2018-07-10T18:30:18-07:00,색달라요,정말 재밌네요,5
2018-07-10T17:01:35-07:00,사하무,나 튜토뽑 사하무 1회차ㅜ공랴구안보고ㅠ개망 베드루트 하디만 2회차서 사하무 얻음 별5개 그래서 준다,5
2018-07-10T14:54:52-07:00,재미만 있는데 뭐,재밌습니다 하세요,5
2018-07-10T12:29:58-07:00,개빡침,번역 상태가 그다지 좋지 않네요. 스토리는 그렇다치고 스킬 설명이 심해요. 무슨 말인지 몰라서 한참을 써봐야 감이 오는 신기사들도 있고. 그리고 행동력 충전이 너무 느리네요. 느린 건 그렇다치고 캐시로 살 수 있게라도 해주던지. 그리고 앙투아네트 루트 타다가 히로한테 져서 빡쳐서 게임 접습니다.. 현질 유도여도 상관없으니 저런건 횟수추가라도 좀 만드시죠..? 행동력 수급도 오래 걸리는데 공들이고 공들여서 루트 거의 다 깼는데 저거 하나 졌다고 엔딩 틀어지다니.. 열받아서 그만둡니다,1
2018-07-10T11:12:22-07:00,음,"정말 재밌음 , 첨에 아무것도 모르고 시작한 게임이라 더 흥미를 끌었던듯 네이버에 치면 공략 같은 것도 나오는데 참고해서 게임을 진행하면 훨씬 재밌음 지금 이틀째 붙들려 있음 매번 달라지는 엔딩들과 신기사를 모으는 재미가 쏠쏠함
다만 아쉬운 점은 게임을 진행하는데 있어 행동력이라는게 필요한데 이 행동력이 충전되는 시간이 정말 느리다는 점임 ㅜ ㅜ 행동력 보충 템이 구매도 불가능 할 뿐더러 초반에 퀘스트 깰 때 보상으로 주어진 후에는 얻을 수 있는 방법이 없음 ㅜ 흠 과금의 필요성은 딱히 못 느꼈지만 과금해도 될 만큼 재밌게 플레이 하고 있어요 !",5
2018-07-10T08:25:52-07:00,ㅎㅎ,엔딩이많아서좋네요^^,5
2018-07-10T07:56:02-07:00,ㅋㅋ,ㄴㄴㄴ,5
2018-07-10T07:51:29-07:00,굳,재밋,5
2018-07-10T07:44:17-07:00,특정 취향을 겨냥해서 만든 게임이지만,"크게 거부감만 없다면 특정 취향이 아니더라도 충분히 재밌게 즐길 수 있습니다.
이 게임에서 비판 받고있는 전투 시스템도 국산 게임들과 비교하자면
컨텐츠가 풍부하고 컨트롤을 요구하기 때문에 어느정도 커버가 되더군요.
선택형 분기점 스토리와 접목 시킨것은 훌륭한 선택이였다고 봅니다.",4
2018-07-10T07:23:50-07:00,휴대폰에서 90년대 일본겜의 향수가...,"대단하다 진짜 옛날 일본겜하는 것 같다. 
핸드폰과 3d 최첨단으로 바꼈지만 옛날 한창 일본겜의 느낌. 
겉만 일뽕뿌린 그럴싸한 최근의 여러 게임들보다
확실히 느낌이 좋았다.
근래 최고라고 생각됨.",5
2018-07-10T06:55:38-07:00,리뷰,얽히고 섥혀 복잡한 매듭의 노끈 마냥 복잡하게도 얽히고 섥혔으나 플레이를 해보는 사람만이 알 수있고 판단 할수있는 매혹적이고 탄탄 스토리이다. 하다못해 장력이 어마무시하게 강한 고무 벨트가 이 스토리가 탄탄 하고 매혹적으로 엮었기에 눈물을 머금을 정도 이다,5
2018-07-10T06:14:08-07:00,어려워....,세계관 독특한건 좋은데.... 어려워....,4
2018-07-10T05:43:24-07:00,게임은 정말 재미있습니다,"그런데 말입니다. 게스트로 간사람이 계정으로 연동하는 그런 시스템이 없고 핸드폰연동만 있네요.
저는 게스트로 갔는데 아이디로 전환으로 하고 싶은데 그런시스템이 없어서 참으로 아쉽습니다.
다른 게임은 게스트로 가서 아이디로 봐꾸는 그런 사례들이 많습니다만은 이게임은 이런 시스템은 아직 도입이 아직 안된것 같습니다.
견론은 빨리 도입이 시급한것 같습니다.",5
2018-07-10T05:31:45-07:00,재밌네여,확실히 재밌네요 코스튬만 더나왔으면...,5
2018-07-10T04:59:06-07:00,Good,Good,4
2018-07-10T02:44:53-07:00,여러 엔딩,시간잘감,5
2018-07-10T02:37:19-07:00,조으당,너무조으당,5
2018-07-10T01:37:25-07:00,퀄리티 깜짝 놀랐다,콘솔 게임 느낌나고 좋았음,4
2018-07-10T00:46:08-07:00,광고독점햇냐,이터널라이트망겜+이상한듣기싫은 일본인 브금 니네게임만들지말고 폐지나주워 꾸진겜만들고 선전하니좋아요?,1
2018-07-09T22:56:29-07:00,난좋다,"리세마라없이 걍하고있는데
1회차 종말봐도 재밌었음ㅎ",5
2018-07-09T21:38:44-07:00,너무 별로네요 ㅋㅋㅋ,"아이폰인데 사전예약 문자받고 바로깔리길래 시작했더니
서버를 못들어간다고 ㅋㅋㅋㅋㅋㅋㅋㅋㅋㅋ 렉인줄 알았더니 서버가 안열려있다네요?",2
2018-07-09T21:13:24-07:00,하쿠네 미쿠만..,나왔으면 ㅠ,5
2018-07-09T20:16:46-07:00,옆동네 이동네 다이아 겁나 갈았다,가챠가 최고야 늘 새로워 짜릿해,5
2018-07-09T19:59:02-07:00,재밌다,재밌다,5
2018-07-09T19:56:08-07:00,다 좋은데,휴대폰 인증하면 오팔준대서 했는데 아무것도 못받았어요 ㅜㅜ,5
2018-07-09T19:27:37-07:00,젬있네여,할만하네요,5
2018-07-09T18:29:08-07:00,ㅋㅋ,ㅋㅋㅋ,5
2018-07-09T16:25:26-07:00,캡,짱,5
2018-07-09T13:48:21-07:00,간만에 정말 재미있게 즐길만한요소 가득함,"개꿀잼으로 하는중   과금요소도많이없고
무과금으로 충분히 가능함",5
2018-07-09T13:00:16-07:00,게임은 즐기만한데,"이전 인터뷰에선 헬적화 같은건 없다고 했는데 정작 가챠에 필요한 재화 오팔을 골드로 바꿔서 서비스를 했다가 들통 났네요^^
주게임으로 하기엔 플탐이 길지 못하니 참고 바랍니다.",1
2018-07-09T11:33:14-07:00,괜찮은 게임이지만 운영이 망친 예,"게임 자체는 괜찮은 게임입니다. 최적화, 스토리, 음악 등등 양산형 게임이지만 그에 따른 질은 높다고 개인적으로 생각합니다. 하지만 퍼블리셔의 대처 방법이 매우 잘 못 되었다고 생각하네요. 게임 나온지 얼마 되지 않은 상황에서 가챠에서 일정 확률로 나오는 오팔 8개를 5000골드로 바꾸어 놓고, 말도 안 되는 변명문을 써놓는 게 여간 우스운 일이 아니더군요. 게다가 오팔 7개가 5달러 정도 하니 가챠 한 번에 5달러 정도면 너무 비싸다고 밖에 생각이 안 드네요.",3
2018-07-09T09:24:41-07:00,미묘,어려움 근데 재밌음,5
2018-07-09T09:00:37-07:00,아직 잘모르겠다,ㅇㄴㄱ징ㄱㄷㅍㄴ,5
2018-07-09T08:25:49-07:00,할만한데..,할만하지 않음? 내가 이상한거야?,5
2018-07-09T07:32:39-07:00,광고 때문에 시작합니다,꿀잼이예요!,5
2018-07-09T07:09:19-07:00,네 다음 조작겜,ㄹㅇ 한국만 차별화된 겜이네여 :),1
2018-07-09T06:47:56-07:00,재미는 있고 참신하고 신선한데,"역시 가챠 한계성이 있네요 
그래도 신선하고 참신하네요 재미있게 하고있습니다",5
2018-07-09T05:35:04-07:00,피로도..,제가처음해봐서 신기사피로도를회복하는방법을몰라 결국0까지됬는데 어떻게채우는방법없나요..5일까지했는데 하는방법몰라서계속맨날5일째예요ㅠㅠㅠ 하필신기사중에 순찰력제일높은안이랑베라를해서 순찰도못하고....ㅠㅠㅠㅠㅠㅠㅠ제발누가알려주세요,5
2018-07-09T03:35:56-07:00,Good,Good,5
2018-07-09T00:26:40-07:00,굿드,꿀젬꿀잼 ㅎㅎ,5
2018-07-08T23:01:25-07:00,최고의 게임,하루동안 밤새서 할정도로 최고,5
2018-07-08T22:45:53-07:00,와 쩌..쩐다,"어떻게 이런 게임을 만들 생각을...ㄷㄷ 여튼 이거 스토리나 그런거 다...ㄷㄷ
꼭 하세요!이거 안하면 후회함 ㅅㄱㅇ",5
2018-07-08T22:02:19-07:00,재밌어요 시간가는줄 모르고 주말내내 했어요 ㅎㅎ,스토리도 재밌고 무엇보다 열린전개 방식이 마음에 듭니다 오래가는 게임 되었으면 ^^,5
2018-07-08T21:08:49-07:00,ㅇㅇ,ㄷㅇㅇ,5
2018-07-08T20:59:24-07:00,뽑기 내용 조작,해외 뽑기 결과와 같다고 공시했지만 게임 내 소소한 골드로 뽑기 결과물을 바꾸고도 미고지함. 문제가 되자 소량 골드와 한번 더 뽑을 수 있는 재화가 동가치였다고 사과함. (절대 동가치가 아님),1
2018-07-08T12:13:16-07:00,노래는 오지게 젛늠,"그냥 이쁜 미쿠 보고싶어서 다운받음
(별개수는 미쿠의 미모점수)",4
2018-07-08T10:27:52-07:00,악간 버그 같은 게 보이는데요,"캐릭터가 등장 시 등장 모션 및 목표가 뜨고 있는데
적이 접근해서 때리네요

그렇게 문제가 있는 건 아닌 거 같지만....약간 거슬리네요

그 외에 난이도는 잘 모르겠네요...하헣",4
2018-07-08T10:26:02-07:00,오픈 7일만에~~,제목답게 펑.,5
2018-07-08T09:11:48-07:00,번역,"시작한지 얼마 되지 않았는데도 오역이 상당히 믾이 보이네요. 하나하나 들으면서 하다보니 한국어로 번역하는 과정에서 오역이 상당이 있는 것 같습니다. 스토리상 큰 영향을 주는지는 아직 모르겠지만, 좀 더 세심한 번역을 부탁드리고싶습니다!",3
2018-07-08T08:16:54-07:00,헬적화ㅋㅋ,헬적화 주작하다 들켜서 실수인척ㅋㅋ,1
2018-07-08T08:11:40-07:00,재밌습니다,굿굿 베리굿,4
2018-07-08T07:49:56-07:00,좋긴 좋네요,좋긴 좋은데 网易가 뭘했길래 엔딩들은 다 세상 파괴되는 게임이라 해보고 맨탈 부서졌어요,5
2018-07-08T07:20:21-07:00,좋아,굿,5
2018-07-08T06:56:51-07:00,헉헉,"졸잼

대만족

오랜만에 폰겜에 만족하네요",5
2018-07-08T04:52:22-07:00,헬적화 통수 게임,"왜 가챠가 다른나라와 ""동일""하다고 얼굴까지 까시면서 거짓말하셨을까요 역시 태생이 짝퉁인 도탑전기 서비스회사 같은 태도군요",1
2018-07-08T04:36:02-07:00,재밌어요~!,스토리도 좋네요,5
2018-07-08T04:34:26-07:00,진행이 어려울 정도로 대화가 많아,하다 하다 짜증나서 지울판이네,1
2018-07-08T04:12:10-07:00,우와룽,우와아아룽,5
2018-07-08T03:53:45-07:00,굿,굿굿,5
2018-07-08T03:40:04-07:00,아니 미친 몇번을 루프하는ㄱ야,아오 템 다써놓고도 깐지 일주 넘어서 겨우 공략 하나 깼네,5
2018-07-08T02:50:35-07:00,행동력이 너무 모자름..,행동력 회복 시간을 줄이던가 회복아이템을 금화로 사게끔 하던가 게임을 할수가 없으니 강제로 겜삭하게 생겼음.. 유저가 게임을 방치하는게 아니라 게임이 유저를 방치하는 신개념이네요;,4
2018-07-08T01:49:53-07:00,해명하세요.,한섭만 8오팔 5만골드로 확률변경 뭡니까. 그외에 또 뭘 건드리셨고 건드리실 건지 자세히 말씀 부탁드립니다.,3
2018-07-08T01:43:33-07:00,행동력부족현상때문에,나도모르게 보살되는 기분이네...ㅠㅠ,3
2018-07-08T01:39:50-07:00,선착안하는데 더나음,아니 선택할까 간호하는가 선택했는데 안은 버리고 가고 간호해준 애는 뒤지고 게임 선물도 1번주고끝 실화며,1
2018-07-08T01:32:12-07:00,올,하는 중이에요,5
2018-07-08T01:29:24-07:00,이유는 모르겠는데 뭔가,"조잡하다고 할까 잘만들었다기에 위화감이 든다고 할까
그리고 가챠가 장비와 신기사가 함께 있다는것도 좀 그렇네요.",3
2018-07-08T00:59:06-07:00,업데이트확인중 네트워크 오류,게임실행이안됨,5
2018-07-08T00:34:39-07:00,아,아,4
2018-07-08T00:15:16-07:00,재미있네요,하다보니 계속하게 됨,5
2018-07-07T23:49:37-07:00,재밌는디유,ㅇㅇ,5
2018-07-07T23:27:17-07:00,ㅠㅠ,태블릿으로 하다가 소프트웨어 업뎃하고서 게스트 아이디가 날라가서 폰으로 다시 하는중입니다.. 그래도 할만해요,4
2018-07-07T22:25:52-07:00,대박,재밌음,5
2018-07-07T21:57:12-07:00,튕겨요,제가 어재 다운 받았는데 오늘 들어가보니 튕기더라고요 고쳐주새요ㅜ,1
2018-07-07T21:32:34-07:00,재밋음,화이팅,5
2018-07-07T20:36:39-07:00,전투 빼고 다 맘에 든다,그래서 하차함,3
2018-07-07T16:31:51-07:00,결제확인,7월7일 아침에 결제를 했는데 아직 다이아가 안들어왔어요 확인 부탁드려요~,2
2018-07-07T13:55:34-07:00,굿,국,5
2018-07-07T11:56:54-07:00,이거 회차 포기 시스템좀,하다가 막히면 빡쳐서 더 하기 그냥 포기하고 깔끔하게 다시 시작하게 그런 시스템이 좀 있었으면 좋겠네요,3
2018-07-07T11:15:55-07:00,재밌어요,머무너무 재밌어요,5
2018-07-07T10:33:19-07:00,재밌네요 ㅎㅎ,스토리 선택등등,5
2018-07-07T07:13:28-07:00,굿,굿,5
2018-07-07T07:12:53-07:00,게임하면서 느낀 점들입니다.,"스토리도 탄탄하고 참신하며 캐릭터들도 개성있어 즐겁게 게임 즐기고있어 감사합니다.
그러나 최근 게임을 해보다 느낀 문제점에 대해 리뷰해보려합니다.

1. 타격감이 떨어집니다.
캐릭터간의 상성, 조합을 맞추는 재미는있는 반면에 게임 특성상 전투가 굉장히 많은데 타격감은 미미해서 아쉽습니다.

2. 과금
*다이아 1개 -> 큐빅 10개
 오팔 1개 -> 큐빅 400개 = 다이아 40개
        7개 -> 다이아 280개 = 약 5000원
        168개 -> 다이아 6400개 = 약 10만원
(첫충전, 황금우산 이벤트 제외 계산)

10만원을 써도 가챠(기억틈세) 3턴밖에 돌리지 못하고 그 마저도 보구와 섞여있으며 캐릭터마저 조각으로 지급, 조각 중복도 있어 이 게임에 유저들이 느끼는 가장 큰 매력인 신기사 수집의 장벽이 높다고 느껴집니다.

특히 이번 이벤트는 더욱이 너무 극악의 확률이라 느꼈고 개인적으로 확률이 공개되었으면 합니다.

*다이아를 오팔로 전환시키는 시스템 자체도 비효율적인 구조라 느꼈습니다.

3. 행동력 제약

많은 유저들이 느끼고 있는 문제점이라고 생각합니다.

우선 행동력 1당 6분을 기다려야하고 도시행동 한번 당 120분을 기다려야하는데 행동력 회복 아이템조차 지급 퀘스트 외엔 얻을 수 없어 스토리 중심의 게임인데 스토리에 대한 집중도와 몰입감이 떨어져 아쉽다고 느꼈습니다.

더 많은 엔딩과 스토리라인, 참신한 신기사들의 출시 유저들의 마음을 사는 운영을 통해 더 발전하는 영원한 7일의 도시가 되었으면 합니다. 긴 리뷰 읽어 주셔서 감사합니다.",5
2018-07-07T07:00:19-07:00,해보세요 갓겜입니다,진짜 재밌어요 다만 행동력이 부족해서 ㅠㅡㅠ,5
2018-07-07T06:52:23-07:00,재미있어요,이런류의 게임은 처음인데 재미있네요,5
2018-07-07T06:31:31-07:00,응답 대기 중,전투하다 응답 대기 중으로 강제 핸디캡 맛보고 있는 중입니다..눌리지도 않고..적은 공격해오고...이 응답 대기중을 없애던지 고치던지 해주세요....,4
2018-07-07T06:00:08-07:00,신선함,"스토리 진행법이 넘 맘에듬.
다른게임과 달리 루프방식임. 앤딩도 여러가지.
과금유도없고 필수도 아님.",5
2018-07-07T04:35:40-07:00,너무느무너무느무너무 잼이땅,엔딩보는재미가 솔솔해요,5
2018-07-07T02:07:25-07:00,개발자님께,정말 재미있고 캐릭터가 넘 예뻐요,5
2018-07-07T01:44:04-07:00,겜넘재밌음,ui가 조잡하지도 않고 스토리도 대충한것같지않아서넘좋아요rpg겜 별로안좋아하는데 시간가는줄모르고했네요 멀티엔딩이라서 계속붙잡고하는거같아요 근데 행동력때문에 게임흐름이자꾸 깨지고 모으는데 너무 시간이 많이 걸려서 행동력을 많이 주는건 바라지도 않으니까 캐쉬템으로만이라도 내줬으면 좋겠어요 그리고 설명이 자세하게 안나와있어서조금 불편해요 표정은 왜있는것이며 수첩은 도감이랑 거의  비슷한거같구...그냥제개인적인 의견이에요 게임 넘잘하고있어요!!❤️❤️,4
2018-07-07T01:33:37-07:00,완전 재미있어요,처음엔 어려워보였는데 하다보니 익숙해져 재미있네요!!,5
2018-07-07T01:20:05-07:00,재미짐,슬슬 공부하러가야지,5
2018-07-07T01:12:54-07:00,제발..,나도 좋은것좀 걸리게해주ㅏ..,4
2018-07-07T00:54:05-07:00,독특한 스타일,소재가 독특한 게임이네요. 재밌어요!,5
2018-07-06T23:28:33-07:00,잼,잼잼,4
2018-07-06T23:26:45-07:00,결제문제,"결제를 해서 인출까지 됐는데
주문내역에 안뜰뿐더러 수령도 안되네요
고객센터에 보내려고 했는데
눌러도 아무 반응이 없어서
여기에 문의드립니다",3
2018-07-06T23:21:26-07:00,제발 행동력,잘만들고 재밌는게임 인데 제발 행동력좀 살수있게해주셈 제발,1
2018-07-06T23:12:49-07:00,이거 서버 선택하라만 뜨는데 되는건가요?,계속 서버 선택만 뜨는데 되는건가요 아님 안되는건가요?,1
2018-07-06T22:52:27-07:00,굿,굿,5
2018-07-06T22:22:22-07:00,재밌음,꾸준하게 운영을 해 주시면 감사합니다,4
2018-07-06T22:14:05-07:00,꿀잼,재밌어요,5
2018-07-06T22:02:29-07:00,굿,스토리 좋고 캐릭터 좋고 다 아주 좋아요,5
2018-07-06T21:10:25-07:00,과금하던게임을 버리게 만든게임,완전잼잇다 어드벤처게임같기도하고 스토리가 다양하고 대화선택에따라 달라지는 스토리등 지루하지 않은게임,5
2018-07-06T21:09:20-07:00,하다 보니까,재밌네요 대화도 회차 하면 할 수록 은근하게 다 다르구요 재밌음,4
2018-07-06T21:05:16-07:00,행동력좀마니줘요 ㅡ ㅡ,"일주일12시간도짧은데
행동력은 더짧음
퀘다해도부족하다",5
2018-07-06T20:40:10-07:00,괜찮네요,아직까진 할ㅁ,5
2018-07-06T20:30:28-07:00,추천드립니다!,흔한 양산형게임보다 훨씬잼있습니다,5
2018-07-06T19:41:05-07:00,현질 해바렸다,원래 현질 안하는데 해보럇당,4
2018-07-06T19:33:34-07:00,굿좝,굿좝,5
2018-07-06T19:30:03-07:00,갓챠,ㅜㅜ,5
2018-07-06T19:27:35-07:00,대박,게임 끝내줌 ㅋㅋㅋ,5
2018-07-06T18:59:39-07:00,역시,역시나지,4
2018-07-06T16:34:14-07:00,어서오세요 여자 왕국이냐...,그래도 남자 다운놈 하나 정도는 주는줄 알았는데 이건뭐... 전부 여캐 투성이냐 .. 그래서 삭제했어,1
2018-07-06T16:32:56-07:00,다운로드 어떻게 하나요...,"사전예약하고 지금까지 기다리고 있는데
아직도 다운로드를 못하고 있습니다
무슨 오류 인가요?
문자 온것도 없고 앱에는 사전예약 했다고만 뜹니다..",1
2018-07-06T16:11:46-07:00,추천,이런 게임 한개 더 만들어주세요,5
2018-07-06T10:28:01-07:00,도와주세요ㅠ,게임이 엄청 재미있긴한데 마지막 날에 피로도를 다 써버려서 시간이 안가요 ㅠㅠ 어떠케 하면 피로도 충전 할 수 있나요??,5
2018-07-06T08:54:06-07:00,잼나네,잼잼잼잼,5
2018-07-06T08:07:42-07:00,기본적으로 노잼,게임에 피로도나 건설력 이런거에서 제약이 너무 심함. 원하는 엔딩을 보고싶어도 신기사 재능 딸려서 개발이나 건설 못해서 못봄. 피로도도 뭔 깔짝거리면 훅 다 써버리니 이딴 게임을 왜 다운받아서 했는지 자신이 한심함,1
2018-07-06T07:50:36-07:00,정말 재밌어요 다만 아쉬운점은,정말 너무 재밌어요 ㅋㅋ 엔딩 여러개인 콘솔겜 하는 것 같아요. 다만 아쉬운 점은 행동력 충전이 너무 오래걸리네요 ㅠㅠ 하지만 무료로 이런 고퀄리티 게임을 할 수 있다는 것에 만족해야겠죠... 행동력 제약 없는 유료버전이 나온다면 사고 싶네요 ㅎㅎ,5
2018-07-06T07:38:05-07:00,굿,Gg,5
2018-07-06T07:35:28-07:00,확률극악,너무 안나온다 진짜ㅠㅠ,5
2018-07-06T07:07:41-07:00,이건 폰게임 역사상 갓겜이다,"아이폰6쓰는데 서버도 나왔고 렉도 안걸리는데 안된다는 사람들은 뭐지 플레이도 잘되고 재미있구만  
붕괴3rd랑 비슷한 느낌임 게다가 미소녀 신기사를 마음대로 조종하니 이만큼 기분이 좋을수가 없습니다😍😍😍😍❤️❤️❤️💕💕💕😍😍😍😍😍
스토리는 게임을 클리어하고 중간중간에 진행되는 스타일인데 스토리 좋고 노래 좋고 타격감 나쁘지 않고
캐릭터 좋고 그리고 드디어 하츠네 미쿠 콜라보 이벤트 정말 기대됩니다 😄😁😄
아 뽑을 수 있으면 좋을텐데 조금 아쉬운점은 현질하면 얻을 수 있는 보석 좀만 늘려줬으면 좋겠네요
뭐 아쉬운점은 이것밖에 없어요 정말재미있고 
붕괴3rd 나 소녀전선 등 약간 ❤️미소녀❤️일까나 (뭐 뜻은 알고 계실 터이니 )이런거 좋아하시는 분들은 뭐 
고민도 하지 마시고 바로 플레이 갑시다 레알 강추👍",5
2018-07-06T06:54:00-07:00,살면서 꼭해봐야 할 갓겜임,다들해보삼,5
2018-07-06T05:52:41-07:00,"잘 만든 그래픽, 좋은 성우 그러나...","개인적으로 잘 만든 게임이라 생각합니다. 스토리도 케릭터성도, 성우도, 그래픽도. 그러나 회피등의 액션성은 다소 부족하여 아쉽네요. 만일 3D 액션 게임을 생각하고 시작하시려는 분들이라면 좀 고민을 할 법함. 타격감이라든지 타이밍에 맞춰서 회피했을 때 느껴지는 확실한 보상이 부족한 게임입니다. 그러나 그 부분을 제외하면 확실히 잘 만든 수작.",4
2018-07-06T05:51:29-07:00,의외..,"중국산에선 다 양산이란 이름의 형이 있고 그저그런 퀄을 볼거 같다는 생각이었지만 리뷰 보고 해볼만한거 같아서 시작한겜
 의외이긴 하나 이게 대작은 아니다.. 앞으로 더 발전해간다면 플레이어가 지갑열길 원하는 자사(한국)의 겜들은 압도적으로 이길거 같다.",3
2018-07-06T05:46:41-07:00,겁나재밌어여,아주재밌어요,5
2018-07-06T05:26:07-07:00,아직은 할만하고 새로운 느낌이 드는데,조금 더 많은 엔딩을 만드셔야 할 것 같아용 ㅎㅎ 그래야 계속 하지 않을까요 공략도 많이 생기구,3
2018-07-06T04:59:24-07:00,성우진 개좋아요 ㅎㅎ,그냥 보이스꿀,5
2018-07-06T04:57:44-07:00,피로도좀.....,피로도좀 낮춰주시길... 너무 하루에 할 수 있는게 제한적임,4
2018-07-06T04:03:41-07:00,모든걸 다 가질 순,없다는 인생 교훈인가,5
2018-07-06T03:33:44-07:00,개꿀재,애니메이션을 플레이하는기분!!,5
2018-07-06T03:25:18-07:00,난 이게임 정말 재밌다고생각함,번역 거지같은거 뺘고 행동력 좀 심각하게 모자란거 빼고는 흠잡을 곳은 없어보임,5
2018-07-06T01:55:13-07:00,확률 망겜,65 쓰고 미쿠 못얻음,1
2018-07-06T01:53:44-07:00,잘만들었음,스토리도 괜찮고 케릭도 매력있고 노가다 심하지도안호. 근데 자질시험좀 밸런스좀 맞춰라 진짜;; 재해대응 할때마다 3신기사 퀘스트 만나면 7-10번째쯤 가서는 깨기가 너무 어려운데 데미지 엄청 높게들어오고. 몇트를 해야 깨게 만든거야; 피회복이라도 줄여놓든가 피통을 줄여놓든가 진짜 개같음 매일해야되니까 더빡침,4
2018-07-06T01:10:56-07:00,잼네,근데 행동력 너무 느리게 차는거 아닌가..,5
2018-07-06T00:52:43-07:00,재밋어요,중국겜같지않고 스토리도잇고. 지겨울거같지않아요,5
2018-07-05T23:48:57-07:00,이거 무슨 그냥 갓겜이자너,안 넘 커엽,5
2018-07-05T22:50:41-07:00,재밌어요!,"근데 피로도가 너무..부족해요..
안한테 선물을 줘도 안받고ㅜㅠ
피로도 땜시 진행을 못하고 있습니더..",5
2018-07-05T21:52:15-07:00,갓ㅡㅡㅡㅡ겜,덕분에 재미난 나날을 보내고 있습니다,5
2018-07-05T20:23:41-07:00,Great,계속 잘 이어가주길 ~,5
2018-07-05T19:42:05-07:00,행동력에 제한두는 이유가뭐냐ㅠ,하루에 한개ㅛㅣㄱ이라도주던가 ㅠ 돈으러 사게라도 하던가ㅜㅠㅠㅠㅠㅜㅜ. 게임 하고싶어도 못하는 게임은 처음이네...,4
2018-07-05T18:43:47-07:00,핵존망겜,이거 할게없음 ㅋㅋㅋㅋ 한번해보고 개후회중 이따뉘겜에 돈을 왜썼는지...,5
2018-07-05T18:10:55-07:00,단순하지만 재미가 있네요,대신 계속 붙잡으면 금방 물리겠어요 과정이 동일해서요,4
2018-07-05T17:49:59-07:00,ㅣ,행동력이 너무 안찹니다. 행동력 관련 아이탬을 상점에서 살 수 있으면 좋겠습니다,4
2018-07-05T16:59:39-07:00,그냥 할만해요,참신한 시스템이긴 한데 행동력이나 공략 같은건 좀 아쉽네요,4
2018-07-05T16:27:59-07:00,ㅎㅎㅎㅎ,ㅎㅎㅎㅎ,5
2018-07-05T14:23:33-07:00,하,아이폰유전데 이번 업뎃하고 나서부터 계속 들어갈때마다 업데이트를 1기가씩 합니다 뭐에요 이거,3
2018-07-05T13:30:21-07:00,재밌당,그냥저냥 할만해용 좀 독특한 스타일인듯,4
2018-07-05T11:56:32-07:00,미쿠와 콜라보 했다는 소식에 한걸음에 왔습니다,히익..콜라보라니,4
2018-07-05T11:49:58-07:00,활동력 창렬,조금 하고 다음 날 되야 다 찬다니.... 할맛 떨어지네요,2
2018-07-05T11:35:23-07:00,스토리가좋네요,장비가아닌 스토리로 설레인게임은 오랜만이네요 재밌게하고있습니다,5
