date,review_title,review_text,rating
2019-06-12T09:22:36-07:00,씨-발 들어오기만하면,들어오기만하면 쳐팅기네 마일리지 얻을라햇더니 별 하나도아깝네 ;,1
2019-06-12T09:10:31-07:00,캐릭터 삭제?;,패키지사고 이쁘게 꾸며가며 게임했더니 하루아침에 아예 사라지는게 말이 됩니까 ㅋㅋㅋㅋ 다 환불햐주실것도 아닐텐데  한두번있던 경우도 아니면 해결책을 좀;,1
2019-06-12T03:32:28-07:00,팅깁니다만...,"아이폰 6유저입니다.메이플을 깔고 딱 들어갔는데 한번 팅기고여
캐릭터를 지정라고 게임에 따 들어갈때 계속 팅기네여 
이 문제 빨리 해결해 주시면 감사하겠습니다^^",4
2019-06-12T02:36:18-07:00,굿,굿굿,5
2019-06-12T01:48:54-07:00,자꾸 어플이 꺼지는데요,튜토리얼에서 벗어날 수가 없습니다,2
2019-06-11T11:41:40-07:00,내 캐릭터 다 살려내라,갑자기 렉먹더니 전부 삭제 됫어요 현질도 했는데 진짜 빨리 살려내라 게임 못하고있는 이 시간도 보상해라 진짜,1
2019-06-11T06:34:52-07:00,너무 튕겨야,"계속 튕기네요
아이폰6데 제대로 게임을 못할것같아요",5
2019-06-10T21:45:48-07:00,게스트계정,게스트계정은 연동 불가능한 임시 로그인아디입니다,5
2019-06-10T16:11:45-07:00,캐릭터 사라짐,이틀안햇는데 캐릭터가 사라졋네요 뭐죠?,1
2019-06-10T06:29:38-07:00,다운로드가 안되요,리소스 추가 다운로드가 자꾸안되는데 문제가 뭐죠....? 용량문제는 아닌데요,2
2019-06-10T03:31:17-07:00,계속 튕겨요.,계임 시작 누르면 시작 하려고 노래 나오자마자 튕겨서 시작도 못하고 있네요. 계정 연동 하니까 초기화 돼고요. 너무 화나네요.,1
2019-06-09T16:26:34-07:00,메이플,제가 아이폰 6s인데 들어가고 몇초지나서 계속 팅겨요.. 어떻게 방법이 없을 까요??,1
2019-06-09T16:23:48-07:00,이거 계속 튕겨요ㅠㅠ,"안녕하세요 아이폰 유저 입니다
지금 현재 아이폰6를 사용하고 있고요
계속 메이플을 하게되면은 튕기는 현성이 나옵니다
이 오류좀 고쳐주시면 안될까여 키우지를 못하고 있습니다",5
2019-06-09T09:22:31-07:00,잼있다,요즘 시대좋다 다 자동이겨 재미있다,5
2019-06-09T08:24:21-07:00,물물교환,"ㅍpc메이플처럼
메이플m도 상대방이랑 물물교환시스템잇으면좋을꺼같아요
 거래소만이용하니까 쫌불편하네요",5
2019-06-09T05:28:00-07:00,캐릭터가 사라졌어요,넥슨계정연결인줄알고 연동했는데 게임 캐릭터가 사라졌어요... 4억있었는데 복구못하나요??,4
2019-06-09T00:15:04-07:00,렉,렉이 너무 많이 걸리는 점 고쳐 주셨으면 합니다,1
2019-06-08T20:59:21-07:00,비숍 자동사냥이 이상합니다.,"지난번 패치 이후로, 수월하게 클리어하던 이볼빙 조차 페일이 날 정도로
자동사냥이 이상하게 동작하고 있습니다.
스킬 프리셋이 이상한 것인지 모르겠으나, 스킬도 이상하게 보입니다.
확인 부탁 드립니다.",1
2019-06-08T19:19:37-07:00,튕김,아이폰6+ 게임을 못할정도로 자주튕겨요 해결좀해두세욤,2
2019-06-08T18:47:25-07:00,굿,굿굴구루굴구루루루루루루루굿,5
2019-06-08T17:29:20-07:00,굳,굳,5
2019-06-08T16:17:09-07:00,배틀메이지 다수공격이 안된다??,"분명 배틀메이지 스킬에는 다수공격기가 있는데
보면은 단일공격만 되서 손해보는 경우가 많습니다
미니던전에서는 다수공격이 적용되는데 엘리트 던전이나 데비존, 원정대에서 다수공격기가 적용이 안되
몹잡을때, 자쿰, 혼테일 같이 다수로 공격해야 하는경우 다수공격기가 안되서 너무 큰 불편을 감수해야 합니다. 만약 핸드폰 기기 문제라고 하신다면 제 기기는
아이폰X입니다 문제될게 없습니다. 빨리 이부분좀
해결해 주세요. 그러면 플레이를 도 재미있게 할 수 
있을 것 갔습니다",1
2019-06-08T07:23:33-07:00,올만에,갬성터지넹,5
2019-06-07T21:21:58-07:00,계정,페북 계정 다시만들엇는데 메플 캐릭이 왜사라졋네요 돈을 얼마나썻는데 빨리 조취해주세요 01065058387 문자 부탁드립니다 회원번호 캡처햇던 사진이 잇는데 보내드릴게요 급합니다 제발 계정 살려주세요 컴퓨터 메이플이랑 계정 연동까지 해놧엇는데 없어졋네요,5
2019-06-07T06:17:30-07:00,진짜 개팅김,이거 게임시작도못함 진짜 ....뭐할려고하면 팅김........ 진짜 이상함 문제좀 해결좀 아이폰6플러스임 ㅠ,3
2019-06-07T03:27:35-07:00,이거는 진짜,별한개도 아깝다 게임관리를 안하는건지 아니 사소한렉은 이해하는데 게임을 못할정도로 점프안되고 데미지안들어가지고 맵이동을 못하고 스타포스가 0이라고 뜨고 렉걸리면 내핸드폰이 문제라고 치는데 이거는 아니잔아요?게다가 핸드폰도 아이폰xs인데 뭐지 도데체 관리를 똑바로 안하나,1
2019-06-06T12:10:23-07:00,하루아침에 캐릭터사라짐,자고일어낫더니 진짜 말그대로 캐릭터사라짐 개빡친다,1
2019-06-06T05:24:25-07:00,환불,제가 펫 30일 인줄모르고 패키지구매했는데 3900원 환불 부탁드림니다,3
2019-06-06T01:13:20-07:00,다운이 안되네요;;,아이폰8 유저인데 게임하려고 들어가서 추가 다운로드하는데 다운로드하다가 어느정도하고 다운이 계속 안되네요...,2
2019-06-06T00:59:48-07:00,캐릭터가 사라졋네요,패이스북 연동하고 껏다 키니 캐릭터가 사라져있네요,3
2019-06-06T00:37:03-07:00,ㅁ스링,두우랄,5
2019-06-05T17:15:03-07:00,섀도우 캐릭터 버트,섀도우 캐릭터좀 버프 먹여주세요..어떻게 스킬이 이렇게 않좋을수있죠 100부터 만랩까지 주기술이 한마리를 때린다니요...너무심한거 같은데 버프좀 주세요 부탁입니다 ㅠ,4
2019-06-04T09:13:01-07:00,구글로그인,메이플 넘나 애정하는 사람으로써 삼일간 열렙업하고 메이플 다시들어갓는데 갑자기 캐릭터 없진 거 실화인가요? 복구는 안되나요?,5
2019-06-03T10:10:36-07:00,발열 에바야 ㅠㅠ,다른게임에 비해 발열 속도가 너무빨라서 ㅜㅜ 계속돌리기에는 많이 무리네여 아이템주는건 좋은데 무과금 유저에게는 메소가 엄청 필요하고 ㅜㅠ빨리 개선되면 좋겠습니다,3
2019-06-02T17:36:54-07:00,계정 다날라감,아니 장난처요 ? 지금 갑자기 로딩중 계속 뜨면서 껏다가 재접하니깐 계정 다날라가있고 장난치세요 ?저가여기에 돈만 얼마를 질렀는데 복구 안시키면 돈으로 환불해주세요 진짜장난치나 밤새도록 키운다고 잠도못자고 132까지키웠는데,5
2019-06-02T15:50:26-07:00,튕김 현상,아이폰6 유저 입니다. 계속 약간 렉이 걸리는듯 하면서 튕깁니다.,3
2019-06-02T09:00:38-07:00,조작감,포켓메이플보다 못하고 조작감이 진짜 습작용 게임수준,1
2019-06-02T03:32:29-07:00,고객센터로 문의한지 몇일이되어가는데,마땅한 연락이 없네요 까페에도 글남기고 까페관리자한테 메일 쪽지도 하고 고객센터남겨도 답변없에요  관리 안하세뇨?,1
2019-06-01T23:39:47-07:00,저 아이폰 6을 사용하고 있는데요. 자꾸 튕겨요.,다른건 다 좋은데 이것만 수정부탁드려요,5
2019-06-01T23:35:13-07:00,서버접속오류,며칠전부터 자꾸 서버접속오류라해서 못들어가고있어요ㅠㅠㅠ 아이폰xs유저입니다ㅜ 해결 좀 빨리 해주세용,5
2019-06-01T21:08:55-07:00,아니,아이폰6 지원좀...,1
2019-06-01T19:06:12-07:00,조작키 다른 버전도 업데이트 부탁드립니다,"상하좌우로 밖에 점프가 되지않아 대각선으로 점프가 불가능하여 플레이 하는데 살짝 불편합니다.. 
다음 업데이트때는 대각선으로도 점프가 가능하게 
(포켓메이플 스토리) 처럼 조작키 버전도 업데이트 해주시면 좋을 것 같아요",3
2019-06-01T14:16:07-07:00,진짜 개 ㅆ레기게임,쥬얼 합성 확률 ㄱㅈ가틍거 다른사람 다되는거 왜 나만 안돼냐 너네 회사 찾아가기전에 확률 올려라 니네 창문 10개는 내가 사줬다,3
2019-06-01T11:33:55-07:00,아이폰6 지원,되지도않는 아이폰6를 지원목록에 적어놔서 중고폰 샀는데 안됨 짜증나네,1
2019-06-01T06:30:21-07:00,다운로드관리좀똑바로해 넥슨아,게임좀해볼러그랬더니 다운로드에러나와서 들어가보지도못했어 쓰레기새끼들아 개짱나네진짜,1
2019-06-01T06:28:19-07:00,튕김현상 좀......,튕김현상 좀 어떻게 해주세요 저는 아이폰6소유자 인데 자꾸 튕겨서 게임을 할수가 없어요 제발 이거만 고쳐주세요 ㅠㅠ 저 메이플엠 정말 즐겨하는 데 갑자기 튕김 현상때문에 게임을 할 수가 없네요 네 이상입니다,5
2019-06-01T05:42:38-07:00,아이폰6 plus 인데 게임 진행을 못해요,그냥 들어가면 바로튕기는데 아이폰6 plus는 구동 자체가 안되나요,1
2019-05-31T23:10:56-07:00,ㅎㄹ,훌륭,5
2019-05-31T20:03:44-07:00,패키지에관해서..,안녕하세요 휴가나온군인입니다..골드애플도나오고 펫도한번뽑아보고싶어서 월간패키지에서 만천원?짜리를샀는데 자동전투를 키고 잠깐 나간사이 사촌동생이 패키지를  구만구천원짜리 삼만삼천원짜리를 사고 다뽑고;;이거 뭐 어떻게해야되는건지 제가 결제를하면 제 나라사랑카드랑연결되있어서 제월급이나가는건데 한20만원은 결제한거같은데...도와주실수있는지 싶어서 리뷰작성합니다..이메일을보낼려했는데ㅜ아무리찾아도 없어서 리뷰에다 올립니다..,5
2019-05-31T17:43:13-07:00,ㅗㅗㅓ,ㅕㅗㅗㅗ,5
2019-05-31T09:27:08-07:00,제 계정,"오랜만에 접속 했는데 제 계정 어디갔죠 
다 날라갔네요??",1
2019-05-30T07:11:19-07:00,원격호스트에 의해 강제로 삭제됨,어제 깔아서 열심히 하고있었는데 강제로 캐릭 삭제시키는건 뭐죠;;,1
2019-05-29T05:32:42-07:00,내가이걸 왜 깔았지?ㅠㅠ,너무 재미없음 깔지마셈,2
2019-05-28T08:47:44-07:00,아이패드에어1 개임튕김,자꾸 들어가면 튕겨요,2
2019-05-28T07:38:22-07:00,계정,"업데이트 하기 전까지 잘 되고 있었는데.... 일요일에 업데이트 하고 나서 들어가니까 계정연동이 풀려있어서 다시 연동하려니 안되네요ㅠㅠ 업데이트 괜히 했나싶어요.
아직까지 안되는데 제 캐릭터 어떤 계정으로 연동했는지 확인하는 방법은 없나요? 구글은 로그인이 안되서 아닌거같고 페북은 안쓴지 오래되서..",3
2019-05-28T03:39:50-07:00,하,렉 너무 심하네요 진짜 ㅋㅋㅋㅋㅋ 그냥 튕기는데요? 제대로 한게없어요 ㅋㅋㅋㅋㅋㅋㅋㅋㅋ 아이폰6인데 갤럭시는 잘된다네요? 아이폰 차별하나요;,5
2019-05-27T06:24:10-07:00,카이저 추가해주세여,"중국에 유학중인 사람입니다.
제가 컴퓨터로 메이플스토리를 못하는데 카이저가 너무 하고싶어서 메이플m에서라도 카이저를 하고싶었는데 카이저가 없네요ㅠㅠ 그래서 카이저좀 추가해 주세요
그리고 엔젤릭 버스터도요",5
2019-05-27T06:10:58-07:00,꿀잼,꿀잼,5
2019-05-27T06:06:58-07:00,게임 접속 후 튕김,아이폰6인데 게임 진행 자체가 힘드네요 게임을 하란건지 말란건지,1
2019-05-27T00:34:14-07:00,다운안됨,"다운이 계속96퍼센트에서 더이상 안올라가요
아이폰xs고 용량도 백기가 넘게 남아잇는게 
몇개월동안 이상태예요;;;;;",1
2019-05-26T23:18:08-07:00,계정연동 변경 할 수 없나요??,페이스북으로 로그인해야되는데 구글로 잘못 로그인했는데 계정 연동 변경하는게 안보이는데 원래 없나요??,5
2019-05-26T20:22:57-07:00,굿,굿,5
2019-05-26T15:45:54-07:00,계정,"어제깔아서 게스트계정(?)으로 게임하다가 오늘로그인하려하니 구글계정연동?로그인? 이 있길래 구글로 접속했더니 캐릭턱 사라졌네요 ㅠㅠ 소액이긴하지만 충전도 했었는데, 원래 계정로그인시 캐릭터가 사라지는건가요?ㅠㅠ",5
2019-05-26T04:20:40-07:00,튕김,아니 메이플스토리m나와서 동생드라고 다같이 할려했는데 들어가자마자 튕기는데 게임 할맛이 안나는데요,1
2019-05-25T18:48:36-07:00,계속튕김,아이폰6입니다.계속튕겨서다시들어가야되여ㅠㅠ어떡하조?제작자님?ㅠㅠㅠㅠ,2
2019-05-25T12:30:01-07:00,게임을 하면서 리뷰같은거 처음써봅니다!!ㅎㅎ,일단 레벨 15까지 키우면서 정확히 27번튕기고 어플 삭제했습니다 ~ 아이폰으로 메이플스토리m 하지말라는걸로 간주하고 생각하겠습니다 어차피 이딴게임 할생각도없고요 이 리뷰를읽으실지안읽을실지 모르겠지만 만약에 읽으신다면 아이폰도 게임할수있게 개선해주세요,1
2019-05-25T06:53:55-07:00,안고칩니까,아이폰튕김? 뭐 엄청 오래된거 같은데 답변도 없고 진행상황도 없고 그냥 다운받지 말라하지 데이터 아깝게 ㅡㅡ,1
2019-05-25T05:42:12-07:00,좋네요,어제 처음 깔아서 하고있었는데 오늘 이벤트에서 대박메소? 그거 2억메소 당첨됐어요 저 개똥손인데 주는거 보니 많이들 당첨되는건가봐요 암튼 어제부터 재밌게 하고있음,5
2019-05-25T03:23:30-07:00,튕겨요 ㅜㅜ,아이폰6인데 계속 튕겨요 접속하면 3분이 최대예요 ㅜㅜ,1
2019-05-24T20:23:48-07:00,게임센터연동,게임센터도 연동 할수있게해주세요,3
2019-05-24T19:36:43-07:00,아이폰,아이폰 유저는 하지 말라는 겁니까 ....ㅠ 자꾸 뭐만 하면 팅겨서 게임을 못 하겠네요... 서비스 질이 인젛아요 질이... 굳이 서비스 안 해도 잘 굴러간다는 겁니까..?,1
2019-05-24T18:58:51-07:00,키네시스는안오나요.?,"저는키네시스유저이에요키네시스추가해주시면안될까요...
부탁합니다.....!",5
2019-05-24T09:19:48-07:00,아이폰8+ 게임이상함,게임은 재밌게 잘 하고 있는데 메소부족 심하구요.  골드리프도 퀘로 받았는데 갯수가 안늘어나구요...  자동사냥 키고 시간끝나서 보면 렉이 심해서 그런지 분해 팔기 보상받기 등등 바로 안돼고 터치 후 한참후에 받아지고 팔리고 그러네요..,3
2019-05-24T04:43:22-07:00,미친,"걸레는 빨라도걸레라던데
왜케 멈에안드냐",1
2019-05-24T03:53:28-07:00,아이폰6,하고 싶은데 계속 팅깁니다.. 아이폰 6인데 켜고 퀘스트 하나마다 팅기네요...,5
2019-05-23T08:43:26-07:00,듀블좀...,듀얼블레이드처럼...스타일리쉬한 캐릭을 얼른 ..패치해주세요,5
2019-05-23T08:22:48-07:00,메이플스토리m,재밋습니당,4
2019-05-23T06:48:08-07:00,프로필 사진 무슨일이야,...?,5
2019-05-23T00:53:34-07:00,요일던전 하다가 튕겼어요,버닝 이벤 때문인지 모르겠는데 서버도 불안정하고;,4
2019-05-23T00:53:32-07:00,Wsksjshejdhd,Idjdjdjdd,4
2019-05-22T22:00:40-07:00,좀쳐봐라 운영자,패치만하면 서버터지고 키도이상하게바꾸고 왜구냐니네 운영을 뭐이따위로해,1
2019-05-22T20:09:32-07:00,업데이트오류,아이폰 접속 오류 문제로 리뷰 남겨요 업데이트 하라는데 업데이트 버튼이 안나와요,2
2019-05-22T19:57:10-07:00,다운로드받는데 카드에서 돈이 빠져나갔습니다.,업데이트하라고해서 업데이트 하려는데 청구를 하라고해서 절차대로 했는데 해외직불로 6032원이 제 카드에서 빠져나갔습니다. 무료게임인데 왜 돈이 드는거죠? 빠른 답변부탁드리겠습니다.,1
2019-05-22T19:32:40-07:00,1년 반째 하는데 재밌긴 함,이렇게 오래하게 될 줄 몰랐음,5
2019-05-22T18:37:31-07:00,최악,"툭하면 재접속해야함.
하루에 5번 넘게 재접속 필요

재설치해도 안깔림",1
2019-05-22T18:30:06-07:00,업데이트,05월23일 업데이트 하라는데 왜 아이폰은 업데이트 하라고 문구가 안뜨나요?,1
2019-05-22T18:27:11-07:00,게임튕김,업뎃하라고 계속뜨네요 지웟다깔아도 뜨고 관리좀 제대로 해주세요,1
2019-05-22T18:25:56-07:00,업데이트가 하라는데 안되는데...;;,업데이트가 하라는데 안되는데...;;,2
2019-05-22T18:16:10-07:00,업데이트 하라해놓고,"업데이트는 안뜨고 게임 어떻게 하라는거야
업데이트 안하면 게임도 안돌아가는데",1
2019-05-22T18:04:31-07:00,이런거 올리면 보긴하나요?,문의하면 뭐 맨날 안된다는 소리만 하지 제대로 읽어보긴 하는지 모르겠네 스틸범이나 있고 정보를 못알려주면 풀메 범위를 늘려주던지 다른 대책을 세워야지 매크로 백날 잡으면 뭐합니까 계속 생기는게 매크로고 짱깨 새끼들은 계정 계속 만들어서 매크로 돌리는데,1
2019-05-22T17:56:45-07:00,5월23일 업데이트,아이폰 7이고 메이플하려고 들어가니깐 업데이트하라고뜨는데 업데이트표시가 아예 안되있어서 업데이트가 안되요...,5
2019-05-22T17:52:37-07:00,새로운버전 업뎃??,계속 새로운 버전으로 업데이트 하라고는 나오는데 어플 업데이트 할건 없고 ;; 어쩌라는건가요,1
2019-05-22T17:51:35-07:00,업데이트가 안되요,1.4.842버전으로 업데이트 하라고 하는데 앱스토어 들어오면 업데이트라고 안뜨고 열기라고떠서 업데이트를 할 수가 없네요 자꾸 메이플 열었다가 앱스토어왔다가 반복하네요 ㅋㅋ 아이폰8사용하고있습니다,3
2019-05-22T17:41:21-07:00,업데이트,게임시작하면 업데이트 하라고 하는데 왜 앱 열기만나오고 업데이트는 안나오나요?? 게임 지우고 다시깔아도 업데이트 하라고하는데,1
2019-05-22T17:40:32-07:00,아이폰 8,새로운 버전 있다고 업데이트 하라고 하는데 새로운 버전이 없는데?,5
2019-05-22T17:39:52-07:00,업데이트,업데이트하라고 해서 들어가면 업데이트도 안되고 들어가지지도 않아요,2
2019-05-22T17:38:49-07:00,업데이트,업데이트 진행하라면서 게임이 안되는데 업데이트 할려고 앱스토어 들어오면 업데이트는 안뜨고 열기만 뜨는데 어떡하라는건가요 ㅡㅡ,1
2019-05-22T17:35:15-07:00,업데이트가 안되요,게임에들어가면 업데이트하라고 이동하기버튼을누르면 업데이트하는 버튼이없어서 없데이트를 못하고있는상황입니다 빠른해결부탁드립니다,1
2019-05-22T17:34:09-07:00,ios 업데이트 언제 해̆̈주시는거에요!̊̈!̊̈!̊̈!̊̈ㅠ̑̈ㅠ̑̈,메이플 실행̆̈하면 업데이트 하라고꙼̈ 앱스토어로 연결되는데 정작 업데이트 버튼은 없어̆̈요 ㅠ̑̈빨리 현기증 나요 너무 하고꙼̈싶어̆̈요 내주세요 ㅃㄹ빨리요,5
2019-05-22T17:27:45-07:00,업데이트 ?,"업데이트하라길래 앱스토어에 들어왔더니 업데이트 버튼은 없고 열기버튼밖에 없네요 ,, 얼른 하고싶은데ㅠㅜ 빠른 수리 부탁드려요 ㅠㅠ",4
2019-05-22T17:21:42-07:00,업데이트,옵데이트를 하라는데 할려고하면 없데이트하기 버튼이없고 열기버튼만있습니다,5
2019-05-22T17:18:22-07:00,업뎃무엇?,업뎃 하라고 했는데 아직까지 똑같은 버전이면서 계속 업뎃 하라고ㅠ하면 어찌해야 하나?,1
2019-05-22T17:13:56-07:00,뭐하는데 넥슨진짜,최신버전으로 업데이트를 하라고 안나오는데 어떻게해야하나요;;,1
2019-05-22T17:12:01-07:00,업데이트,"메이플 들어가면 업데이트 하라는데
막상 앱스토어 들어가면 업데이트버튼이 아니라 열기버튼이고 또 열어서 들어가면 업데이트 하라하고 삭제했다 다시깔았는데도 또 업데이트; 업데이트를 시켜주시든가요",1
2019-05-22T17:01:50-07:00,아니 업데이트하래매 업데이트가 안뜨네,업데이트 하래놓고 업데이트가 안되고 계속 오픈만 나오는데 어케 하라는겨 ㅅb g같네,1
2019-05-22T16:53:40-07:00,잘 하고 있었는데,"업데이트 하라고 떠서 앱스토어와보면 업데이트 없음..
한시간 넘게 못하는중 뭐지,,,",3
2019-05-22T16:41:33-07:00,업데이트버튼나만없나?,응?,2
2019-05-22T16:39:18-07:00,업데이트,"게임들어가면 업데이트하라고 앱스토어로이동되는데 앱스토어막상들어오면 업데이트하라고 뜨지가않아서 게임접속이계속안됩니다 ㅜㅜ
그리구 제계정캐릭터 300만메소가사라졌어요ㅜㅜ확인좀해주세요",5
2019-05-22T16:36:57-07:00,업데이트,업데이트 하라는데 앱에서는 안되게되잇고 어떡하나요 개임좀 하고싶은데,5
2019-05-22T16:36:33-07:00,불만 더럽게 많네,그럴거면 하지말어 애도 아니고 징징이들 겁나많네요 힘내세요,5
2019-05-22T16:35:53-07:00,적어도 업데이트는 하게 해줘야하는거아닙니까?,"업데이트 못해서 못들어가는건 무슨 경우야... 들가면 업데이트 하라고 막고
업데이트 하러 앱스토어가면 업데이트 표시도 안떠있고 쓰읍...",1
2019-05-22T16:31:12-07:00,업데이트 하라는데 열기밖에 안뜨네요?,업데이트는 해야겠는데 업데이트 버튼이 안뜨는데 어떻게 해야하죠,3
2019-05-22T16:28:41-07:00,아이폰은 업뎃도 못하누,서러워서 겜하겟나 안드로이드는 재깍 업뎃올려주는데 아이폰은 언제까지 기다려야하나 불독 랭킹찍고싶어서 아침부터 기다렸는데 ㅋ,1
2019-05-22T16:20:59-07:00,업데이트 하라는데..,업데이트 하라면서 앱스터어로 계속 연결되는데 업데이트가 안 떠 있네요 ㅠㅠ 기다려야 되나요..? 빨리 조치 좀 부탁드림ㅠㅠㅠㅠ,4
2019-05-22T16:17:57-07:00,업데이트 했는데,자꾸 업데이트 하라고 하네요 이미 해서 할 수도 없는데..;,1
2019-05-22T16:09:49-07:00,업데이트,도대체 업데이트 하라고 나왔으면서 앱스토어에는 왜 업데이트가 안나오는건데요..,3
2019-05-22T16:04:14-07:00,재밌어요,"재밌는데 메소 너무 부족해요..
신규 유저가 하기에는 너무 벅차여
그리고 앱스토어 사용하는데 게임 실행하려면 새로운 버전으로 업데이트 하라고 해서 들어갔는데 앱스토어에 업데이트 버전이 뜨지 않아서 업데이트가 안되가지구 게임을 못하고 있어요..😦",5
2019-05-22T15:50:23-07:00,뭐하는거죠?,"앱 실행하면 업뎃하라고 뜨는데 어디에도 업뎃을 할 수 있는 방법이 없네요 도대체 어쩌라는거죠?
그리고 강화나 뽑기 확률 다시 보셔야 될 것 같은데 5강에서 6강넘어가는데 연속으로 4번 실패하고 마지막은 터지더니 다시 사서 바로 돌리는데 그것도 5강에서 두번 실패하더만 바로 터짐 연속으로 같은게 말이 되는 확률이라고 생각합니까?",1
2019-05-22T15:50:07-07:00,새로운 버전 올라오는건 좋은데,"업데이트 버전 스토어에 안올라왔는데 업뎃 메시지부터 띄우는건 어쩌란건가요....
밑으로 당겨서 새로고침 해도 안나오고 게임은 업뎃하라고 실행 안되고 ㅠㅠ",5
2019-05-22T15:49:48-07:00,업데이트 안뜨잖어,근데 뭔 업데이트 하라는거야,1
2019-05-22T15:36:42-07:00,업데이트좀 제발,업데이트좀 해주세요 제발...,1
2019-05-22T15:35:06-07:00,업데이트르하라면서 업데이트 클릭은 어디있는거야,메이플들어갔더니 업데이트하러고 해서 앱스토어 들어와ㅛ더니 열기 버튼 밖에없어,1
2019-05-22T15:31:27-07:00,아니;; 업뎃이 안돼요,하고 싶어도 할 수가 없네,5
2019-05-22T15:26:31-07:00,아이폰 업뎃 ㅈㄴ 느림,개빡치게,1
2019-05-22T15:21:08-07:00,업데이트,아니 메이플 업데이트 하라 떠서 업데이트하려니 계속 업데이트 전 버전이 나와잇네여 어떡하죠 빨리고쳐주세요,5
2019-05-22T15:16:49-07:00,업데이트,업데이트 하라고해서 앱스토어 들어오면 업데이트는 없고 열깅안 있는데 게임 어찌하라는 겁니까,1
2019-05-22T15:12:07-07:00,업데이트,140.842나왔다고 업데이트 하려고 하는데 왜 업데이트는 없는거죠??,2
2019-05-22T15:11:20-07:00,업데이트,"업데이트를 하라고하는데 ... 자꾸 매번 이런식으로 계속 기다려야 되니 짜증이 나네요 
업데이트를 하라고만 하고 나머지 파일을 다운로드 하게끔 빠르게 올려주려셔 되는데 아니면 시간을 공지라도 해놓으시던지..",1
2019-05-22T14:47:45-07:00,업데이트,"업데이트하라는데요..왜자꾸
업데이트안되는거죠;;",3
2019-05-22T14:36:43-07:00,1.40 업데이트가 왜안되요 ㅡㅡ,1.40업뎃이 안됨,1
2019-05-22T13:52:46-07:00,아̊̈,없뎃했는데 왜 계속 업뎃하라고 뜨나요,3
2019-05-22T13:49:04-07:00,????니들이 봐봐,아니 무슨 업데이트 해서 들어갈려 해도 안들어 가저 . ㅋㅋㅋㅋ 업데이트 중이라고 앱스어 들어가서 열기 으하는데도 안들어가져ㅠㅌㅋㅋ 머하자응거지,1
2019-05-22T13:44:39-07:00,아 새로운버전 업데이트 안됐는디 하라고 난리,업데이트하라거 접속도 안되는데 업데이트 할게 없는데 어케해요 ㅜㅠ ㅇㅏㅏㅏㅏㅏ어이없엉,1
2019-05-22T06:53:29-07:00,다좋은데,저랩들이 빨리크거나 템을 구하기가 힘드네요 왜냐면 저랩유저가 없어요....빠른컨테츠를 이용한 던젼을 하고싶어도 사람이없어서 못합니다....초대하기도 친구또는 길드 사람밖에없고요 다른 모르는 사람도 초대할수있게해주시고 그리고 오토사냥이 매우 답답합니다 너무 부자연스러워요....,5
2019-05-22T02:20:13-07:00,접속 ㅡㅡ,메이플 쳐안들어가지고 ㅡㅡ 도대체 몇번이나 지웠다 쳐깔아야되는지 원 ㅡㅡ,1
2019-05-21T23:41:58-07:00,팅귀는 현상,아이폰6 유저인데 왜이리 튕기는 걸까요,2
2019-05-21T16:13:55-07:00,그냥안하는게,"그냥 아이폰유저는 메엠 안하는게나을거같네요
오랜만에 해보려고 다운받았더니 
쾌스트하나 받을때 포탈이동할때 펫설명 건너뛰기했을때 몬스터한번못잡아보고 미친듯이 꺼집니다
이럴거먼 호환되는핸드폰에 아이폰 5,6 이런거는
왜 써놓습니까? 
잘되면 잘될수록 거지같은 게임만 내놓는군요
별은 영점주고싶은대 하라라도 찍어야되네요",1
2019-05-20T23:14:37-07:00,141,강원기 사퇴 기원 141,5
2019-05-19T20:44:38-07:00,아이폰x 캐쉬,캐쉬 충전이안돼요,3
2019-05-19T20:13:34-07:00,설치,이거 설치가 안되는데 왜이러는 거죠 ?,5
2019-05-19T19:16:24-07:00,다운,왜 다운로드가 안될까요?,1
2019-05-19T05:52:55-07:00,아이폰6유저인데여,아이폰6유저인데 자꾸 들어가자마자 튕김현상이 발생합니다 그것만 개선하시면 엄청난 갓겜일 거라 생각합니다,5
2019-05-19T01:21:33-07:00,대박,"똥멍청이 AI 자동사냥이 유료
관성의법칙은 무시해버리는 쓰레기 조작감
기본장비조차 살 메소 수급이 안되는 갓겜",1
2019-05-19T00:41:35-07:00,제논,제논은 언제나오나여 ㅠㅠ 제논만 기다리고 있어용..,5
2019-05-19T00:41:23-07:00,ㅈ밋음,ㅇㅇ,5
2019-05-18T23:59:11-07:00,다신안할듯,예전에 했던 좋은 기억으로 모바일들어와서 잘하고있었는데 헤어쿠폰 주더니 거지같은 머리만들어놓고 원래대로 돌아가지도 못하고ㅋㅋㅋㅋㅋㅋ 안그래도 조금씩 현질하면서 게임잘하던거 너무 빡쳐서 현질더해서 머리 두번이나 더바꿨는데 다 거지같이 해놓음ㅋㅋㅋㅋㅋㅋㅋㅋㅋㅋ 넥슨 망하길^^ 유일하게 넥슨게임하던거였는데 모바일이든 피씨로든 절대로 다신 안함,1
2019-05-18T21:22:32-07:00,재밌기는한데..,"아이폰6를 쓰고 있는데요..1분 꼴로 튕겨요..어떻게 좀 해주실 수 없나요..?
게임은 엄청 재밌어요!",5
2019-05-18T18:27:56-07:00,ㄴㅇ,ㅇㅇㅇ,5
2019-05-18T15:26:02-07:00,아폰6유저입니다,"캐 만들고 한번 튕기고, 워프할 때 또 튕기고 스킬 쓸 때 계속튕기네요...고쳐주세요",3
2019-05-18T01:46:10-07:00,야 진짜 에반데,"게임을 깔고 캐릭터를 만든 뒤에 플레이하려고 움직이자마자 튕김;; 다시 마음을 누르고 플레이 하는데 또 들어가자마자 튕김;;;; 
욕하면서도 들어갔는데 그러고도 또 튕김
폰 기종이 아이폰 8인데 왜 튕기는지 이해가 안됨 메이플 망겜 원기 망해라",1
2019-05-18T01:09:06-07:00,!!!!,매우 재미있습니다!!그런데 앱이 게임 진행중에 계속 튕기네요ㅜ고쳐주시길 바랍니다ㅜ부탁드려요ㅜ,4
2019-05-18T00:42:15-07:00,거래소,판매 안돼서 물품반환때까지 기다렸다가 돌려받았는데 갑자기 300만원이 날라갔네요 ..10만원 남아서 당황스럽네요 ;,5
2019-05-16T16:50:09-07:00,존잼,역시 메이플!,5
2019-05-15T22:58:50-07:00,신규영웅나오기만기다리고있습니다,"카이저 나왔으면 좋겠습니다
카이저 나오기만 기다리고 있어요
카이저 출시시켜주세요 정말로
그럼 수고하세요",5
2019-05-15T22:07:38-07:00,베이플,베이플,5
2019-05-15T19:19:47-07:00,패스파인더같은 신직업,너무 예전 직업들만 계속 업데이트가 되는데 신직업들도 좀 추가해주면 좋겠어요.,5
2019-05-15T08:45:55-07:00,ㅇㅇ,ㅇㅇ,5
2019-05-14T09:01:14-07:00,개선좀해주세요,메이플m을 즐겨하고 좋아하는유저로 별5개를 드리고싶습니다 근데 제가 좀 개선이 필요하다는점을 발견했습니다!! 아마 저뿐만아니라 많은 유저분들이 아마 이점에서 고민을 많이 하지않을까 싶네요!! 제가 개선이 필요하다고 생각되는문제점은 상점입니다!! 물건을 일일10회구매하면 템을 시간을 초기화될때까지 기다리게 되는점이 모두가 답답해하고 바꿔야 할좀이라고 생각하고! 자신이 올린템을 올리고 판매등록대기같은 그런점에서 많은 유저분들이 불편해하는것 같습니다!! 이러한점을 조금만 개선해주시면 메이플m을 더욱더 재밌고 즐겁게 하는 유저분들이 매우 많아질것이라고 생각합니다! 아 그리고 npc상점에서 무기같은거 살때 대량으로 살수있게 해주세요!! 하나씩 하나씩 사는게 시간낭비고 너무 의미없습니다!! 분해할때도 선택해서 한꺼번에 할수있도록 되면 더욱더 좋은방향이라고 생각합니다,3
2019-05-13T20:21:55-07:00,굿,굿,5
2019-05-13T11:31:13-07:00,현질하는것,일단잼나는데 현질이좀 옛날이날보다 현질이더싶어져서요....실망감이큰내요,3
2019-05-12T22:39:44-07:00,튕김ㅡㅡ,아이폰6시리즈는 보니까 다 튕기는거 같은데 요거 어뜨케 조치 해주심 안되나염 겁나하고싶은데,1
2019-05-11T20:14:03-07:00,렉걸려요,렉걸려요 막 장면 멈추고 끊엇다가 다시 켯다가 좀 고쳐주세요,1
2019-05-11T19:31:28-07:00,공,공로,5
2019-05-11T13:01:28-07:00,ㅈ,ㅉ,5
2019-05-11T03:31:00-07:00,아이디좀찾아주세요ㅜㅜ,폰을바꿔서 아이디찾기를해도 기억이안나서 ㅜㅜ 게임은 정말로재밌어요 ㅜㅜ,5
2019-05-10T20:11:15-07:00,그냥 한만해요,ㅎㅎㅎ,3
2019-05-10T19:21:46-07:00,아이폰 계속툉김니다,이거 와이파이 잘터지는 곳에서 헤도 계속튕기는데한두번이 아님니다!!,1
2019-05-10T07:48:10-07:00,계속 튕겨요,"게임을 킨지 1~2분만이 튕깁니다
게임을 하라는건지 말라는건 저장공간도 많구요
ㅅㅂ좀 고쳐주세요...",1
2019-05-10T04:50:51-07:00,Eng,"Hi I need English or Russia language,
I like this game isn’t Korean language",4
2019-05-10T04:28:44-07:00,계속 튕겨요..,"저..아이폰5s 사용자인데요, 접속은 되는데 계속 튕겨요. 원인은 모르겠는데 답변 달아주세요..:)",5
2019-05-09T20:06:43-07:00,굿,좋아요,5
2019-05-09T01:23:01-07:00,비허가,게임 시작한지 10분도 안됐는데 비허가 프로그램은 무슨 말인가요?,1
2019-05-09T01:10:40-07:00,졸잼,재미잇어유,5
2019-05-07T09:56:43-07:00,ㅎ,"예전에 메이플 했었는데 그때 안드로이드고 지금은 애플인데, 예전 제 아이디는 어떻게 되는거에요?; ㅋㅋ 하",1
2019-05-06T23:54:31-07:00,Kt이용자인데요,아니 뭔 렉이 이렇게 걸려요 게임을 아예 할수가없잖아요 장난하나 다시깔아도 안되고 뭐하자는거에요 빨리 조치하세요,1
2019-05-06T03:22:56-07:00,꼭 읽어주세요,"별5개아니면 안읽으실까봐 별5개로 쓰네요
아이폰6 자꾸튕기네요 리뷰보니까 저만 튕기는건 아닌거같고 아이폰6 들어간자1분도안되서 자꾸 튕기네요ㅎㅎ 예전에 재밌게 했던 게임인데 좀 실망이네요.
아이폰6 패치좀 해주세요",5
2019-05-05T17:48:05-07:00,월정액 취소,저번달에 월정액을 했고 취소 하고 싶은데 절차 안내좀 받을ㅊ수 있을까요,5
2019-05-05T06:15:49-07:00,아니 이건 좀 아니잖아요,게임하려고 게임키면 30초마다 팅기는데 게임 하지 말라는 건가 ??,1
2019-05-04T02:17:09-07:00,카이져 좀 추가해주세요,"제가 카이져를 제일 좋아하는데 카이져가 없네요ㅠㅠ
좀 추가 좀 해주세요",5
2019-05-04T01:21:09-07:00,이거 다시 복구 안되나요?,"제가 메이플 55렙 까지 키웠는데 데이터가 잘 안터지길래
다시 접속을 했더니 다 초기화 되어 있었습니다(지운 건 아닙니다)그래서 이거 복구 안되는지 싶어서 물어봅니다
되면 말해주시길 바랍니다(닉넴:보라사탕)",5
2019-05-03T16:20:57-07:00,계속 튕겨요!ㅜㅜ,"전 이번에 메플을 깔았는데..
직업 정하거나 로비에 있을때는 안 튕기는데,
게임만 접속하면 한1분도 안되서 튕겨요...
그래서 아직 해보지도 못했어요...
제발 어떻게좀 해주세요... ㅜㅡㅜ😥",3
2019-05-03T03:21:03-07:00,너무 튕겨요,아이폰 xr 쓰는데 너무 튕겨요 뭐 게임 들어가면 튕기니 게임을 할수가 없네요 ㅠㅠㅠㅠㅠㅠㅠㅠㅠㅠㅠㅠ 좀 해결돈 해주세요,5
2019-05-02T23:58:26-07:00,ㅋ̄̈ㅋ꙼̈ㅋ̆̎ㅋ̐̈ㅋ̊̈ㅋ̄̈,페이스북 연동할라고  햇는데  안되네요  어케  안도라까요,2
2019-05-02T09:27:43-07:00,3만원 넘게 쳐바르고 일주일도 안돼서 접네요,"강화만 쳐 하다가 돈 다날리고 걍 접습니다
다시는 넥슨겜 쳐다보지도 말아야 했는데
제가 순간 헤까닥 했네요
게임 자체는 나쁘지 않지만
캐릭 ㅂㅅ 되는거 한순간이라
스트레스 안받으려고 미련 없이 접습니다
소과금만 꾸준히 하실 유저들은
절대 시작도 하지 마십쇼",1
2019-05-01T03:12:05-07:00,아이폰 메이플 왜 자꾸 튕겨요?,"아니 ㅋ 깔아서 쓰다가 자꾸 튕겨서 다른폰 사서 했는데 
또 튕기고 짜증나 죽겠네요 ;; 아이폰만 튕기는 건가요? 
정말 짜증나요,,,,, 후 ㅠ 진짜 게임은 재밌는데 튕긴다구요,,",2
2019-04-30T20:51:28-07:00,굿굿,잘만들었네요 굿,5
2019-04-29T17:37:33-07:00,접속장애,몇시간째 접속이 안되고있네요,4
2019-04-29T17:12:41-07:00,로그인이 안되네요,갑자기 로그인이 안됩니다. 나름 열심히 키웟는데 하루아침에 로그인이 안되네요,3
2019-04-29T16:31:19-07:00,접속안됌,업뎃한지 2일지났는데 서버선택에서 서버가 안들어가져요 이럴꺼면 빠른시일내에 고쳐주시길바랍니다. 아침에90분 보상도못받고 이게 뭡니까,5
2019-04-29T16:15:04-07:00,렉 서버관리좀,렉이심해서 강제종료후 재접속하면 이미로그인중이라고 게임들어가지지도않고 서버관리좀 제발,1
2019-04-29T15:49:58-07:00,서버 연결이 안된다 그냥 다시깔고 암만 해도,서버연결 계속 안되네 ㅈ같네 게임,1
2019-04-29T13:56:11-07:00,스타포스 필드,어제부터 갑자기 스타포스필트 파티가입신청하면 몬스터 다 없어지고 그상태로 아무것도 안돼요;;;,1
2019-04-29T08:07:48-07:00,아이폰6 팅김 현상,별점 5점을 주지 않으면 안 보실 거 같아서 5점으로 하고 쓰고잇네요. 오랜만에 하고싶어서 들어왓더니 너무 팅기네요. 안드로이드로 할 때는 멀쩡햇는데 왜 아이폰으로 바꾸니까 이런 현상이 나타나는 건가요?? 분명 게임 호환성에도 아이폰6가능 이라고 쓰여져 잇는데 완전 플레이를 할 수 없지 않습니까. 새로운 기능 이런거에만 신경쓰지마시고 유저들이 즐기면서 플레이 할 수 잇게 빨리 이 문제를 해결해 주셧으면 좋겟네요. 리뷰좀 보세요. 다른 사람들 리뷰에도 대답하나도 없던데 게임 이렇게 운영하시면 안됩니다.,5
2019-04-29T03:49:13-07:00,面白い,面白いですね,5
2019-04-28T05:11:10-07:00,길드마스터가 모르는 사람으로 되어있는데... 뭐죠?,안녕하세요 루나섭에서 “시차” 라는 길드를 만든 도연쓰라고 합니다ㅠㅠ 다름이 아니라 정말 오랜만에 메이플에 들어갔는데 가족들끼리만 하는 길드였는데 어느새 모르는 사람이 길드마스터가 되어있었습니다.. 원레 제가 동생 계정으로 마스터 임명 시키고 한동안 안하고 동생도 안 하고 있었는데 마스터가 저절로 바뀔 수 있나요?? 만약에 버그면 다시 제자리로 돌려놔주세요... 그럼 돌아와서 별점 5점으로 바꿔드릴게요!!! 이건 진짜 심각합니다;;;;;;;,2
2019-04-28T03:18:53-07:00,2016년에 키우던 캐릭터가 사라졌는데 확인 가능할까요..,2016년에 키우다가 다시접속힌건데 사라졌네요..,5
2019-04-27T17:11:49-07:00,..,자꾸 팅기고 렉걸려서 게임을 못해요,1
2019-04-27T15:45:11-07:00,추천,옛샹각나고 좋네요,5
2019-04-26T17:09:49-07:00,굳,굳,5
2019-04-26T09:07:40-07:00,하 진짜 너무하네,"무슨 게임이 3시간이 넘도록 다운이 안되나요..
아이폰8 256기가 사용하는데 와이파이로 연결해도 너무 느려서 3시간이 넘도록 다운이안되요 다운이",3
2019-04-25T10:24:11-07:00,해봣자 다 사라짐,팅기고 계정이 변경되고 계속 다른계정으로 접속됨,1
2019-04-25T09:48:12-07:00,렉이랑 서버가 자꾸 튕기네요,업뎃할때마다 그런것같은데 신경좀 많이 쓰셨으면 합니다 많은이들이 그렇게 말하는데 무시하시는건지 참 그렇네요,3
2019-04-25T06:48:17-07:00,ㅡㅡ업뎃 이후 접속안됨,아이폰 유저인데 안들어가져요 캐릭선택창은 보이는데,1
2019-04-25T03:30:13-07:00,언제까지 점검하나요?,어제 새벽부터 지금까지 계속 점검 중인 거예요???,3
2019-04-24T23:42:36-07:00,캐릭터 삭제,방금 업데이트 후 접속하니 모든 캐릭터가 삭제되서 아무것도 없습니다. 어떻해 된건가요.,5
2019-04-24T21:04:36-07:00,캐릭삭제,"업데이트하고 지우고다시 다운받았는데
캐릭이삭제됫어요 ㅡㅡ 복구해주세요",1
2019-04-24T21:02:21-07:00,업데이트 했는데 자꾸 업데이트 하라고 뜨면 어쩌라고요 ㅠㅠ,고쳐줘요 제발..,1
2019-04-24T07:30:18-07:00,ㅓㅓㅓㅓ,ㅓㅓㅓㅓ,5
2019-04-24T06:44:01-07:00,관리자야 확인좀해라,요긴 왜 리뷰에 답변을 안해주냐 ㅈㄴ 튕기는데 겜 좀 즐기게 해주라,1
2019-04-24T06:07:56-07:00,튕겨요;;;,"아이폰7인데 너무 튕기는거아닌가요
혼잡일땐 물론이고 원활일때도 시도때도없이 튕기는데;;;; 서버관리 엉망이네요 ㅎ",1
2019-04-24T04:57:33-07:00,별 다섯개 달아서 보라고 별 다섯개 드렸어요,"진짜 예전에 포켓메이플때도 하고 메이플스토리M 한창 메르세데스 신캐릭터였을 때 잠시 했다가 한동안 시간이 안돼서 못할 거 같아 잠시 지웠거든요. 근래 다시 깔아서 열심히 캐릭터를 키우고 있는데 생각해보니 포켓메이플 때 있던 캐릭터들이 아직까지 많이 없더라고요;;;;ㅎㅎㅎ 데몬 캐릭터들 추가 해주시면 안될까요? 그리고 엔젤릭버스터도 캐릭터가 귀엽잖아요ㅎㅎㅎ 엔젤릭버스터도 추가 부탁드리고 제가 키네시스 캐릭터 나온 지 얼마 안됐을 때 해봤는데 일단 주인공이 서울에서 사건을 몇 개 해결하고 메이플 월드로 건너갔다가 왔다가 하는 자체가 흥미로운 소재이고 캐릭터 스킬도 나쁘지 않았다고 생각해서요ㅎㅎㅎ 패스파인더, 아크, 제로 이 캐릭터들도 인기가 인터넷 상으로 많잖아요:) 모바일로 가져와도 괜찮지 않을까 싶어요ㅎㅎㅎㅎㅎㅎ 이렇게 캐릭터 욕심많은 유저의 하소연이라고만 치부하지 말아주시고 캐릭터 추가 제발 부탁드립니다ㅠㅜㅠ 그리고 예전에 포켓에서는 친구들끼리 서로 아이템 공유하기도 있었고 아이템 합성해서 새로운 아이템 탄생시키는 것도 있었고 아이템 렙업 하는 것도 아이템 첨부해서 할 수 있었는데 지금은 그냥 메소로만 하는 거라 약간 유저들한테 돈 펑펑 써라라는 거 같아요 포켓때가 훨씬 좋은 게 많았던 거 같아요 우편함의 기능을 포켓 메이플때처럼 친구들끼리 서로 아이템 보내줄 수 있고 아이템의 스타를 올릴 수 있는 방법도 다양하게 만들어주세요. 그리고 마지막으로 유료 펫조차도 영구가 아닌건 좀 아니지 않나요? 가뜩이나 영구펫은 계정당 하나로 처음 만든 캐릭터에만 적용되는데 영구펫 좀 해주세요 골든리프로 매번 사기도 벅차고 골든리프로 보조무기 사야되는데 펫 좀 어떻게 해주세요",5
2019-04-24T03:32:04-07:00,니가 왜 나와,내가 지금 개빡쳐가지고 딴 앱 보는데 니가 왜 나와,1
2019-04-24T03:20:57-07:00,아이폰6 팅김,아이폰6 자꾸 팅겨요ㅠㅠ,3
2019-04-23T23:45:31-07:00,자꾸 튕겨요,자꾸 게임이 튕겨요 ;; 아이폰인게 그전엔 잘했는데 미치겠어요,5
2019-04-23T02:22:30-07:00,굿굴굿,굿,5
2019-04-22T12:19:20-07:00,도트게임 진짜 너무너무 사랑하는사람입니다ㅠㅠ,너무너무 좋은데 pc에서 팔던 홍조들도 내주세요ㅠㅠ얼굴꾸미는게 최곤데ㅠ,4
2019-04-22T08:25:34-07:00,꿀잼,핵울잼,4
2019-04-22T05:58:03-07:00,팅겨요ㅠㅠ,진짜하고싶은데 아이폰6에요 팅겨요,3
2019-04-22T01:21:45-07:00,튕김,"아이폰6유저 인데요 마일리지 먹을려고 했었는데 
와헌 패치이후 자꾸 튕기네요 빨리고쳐 주세요 
마일리지 먹고싶어요 ㅠ",1
2019-04-21T08:02:56-07:00,오류,게임은 정말 재밌습니다. 근데 아이폰 기종에 관해서 튕기는 오류는 좀 수정좀 해주세요,5
2019-04-20T03:57:46-07:00,캐릭터가 사라졌어요,게임을 껐다 켰는데 갑자기 연동 하라고해서 연동했더니 엘리시움에서 키우던 72렙 썬콜이 사라졌어요.. 닉네임은 백레연입니다. 복구 부탁드려요.,1
2019-04-19T22:16:24-07:00,재밌어요,"어릴때 추억으로 하고있는데 재밌어요
2년전부터 했는데 이제야 후기를 남기네요

후기에 아이폰6/6s 튕긴다고 고쳐달라는 분이 많으신데 메엠 문제가 아니라 핸드폰 램이 부족해서 튕기는 거예요 ㅠㅠ 메엠하려면 폰 바꾸시는법 밖에없습니다. 저는 아이폰8쓰는데 안튕기고 아주 쾌적해요~

본론으로 가서 일단 코디하는 재미도 있고 좋습니다.

다만 강화확률이 진짜 믿을수가없어요. 이때까지 여러캐릭터를 육성해왔고 강화또한 많이해봤는데 파괴확률5%가 정말 말이 안되게 터집니다. 
그리고 거래소 횟수제한을 왜 만드신간지 이해가 안가요. 1:1교환은 애플 정책때문에 안되는건 이해는 하지만 안그래도 불편한 거래소에 왜 구매횟수제한을 걸으신건지;; 신캐 육성할때 템을 빠르게 맞출수가 없네요. 토드하려면 여러개를 사야하는데 진짜 노답입니다. 하루에 10개 구매제한이라뇨;;;  왜 굳이 거래소 규제를 해서 유저들을 불편하게 하는지 모르겠습니다
또 거래소 유아이도 개선해주세요. 16페이지까지 언제 손가락으로 하나씩 눌러서 가나요.. 맨 뒷페이지갈때까지 답답해요.",3
2019-04-19T22:08:34-07:00,팅김현상좀,"아이폰 6 팅김 너무 심해요.. 1~2분에 한번씩? 게임을 할수가 업네요..
최적화 어렵지만 빠른 패치 부탁드려요",2
2019-04-19T21:45:51-07:00,구매내역 삭제부탁드립니다,재미없어요 일주일하고 지웁니다 구매내역 삭제부탁드려요,1
2019-04-19T19:06:28-07:00,자꾸 멈추고있는데 메이플이 문제일까요 제폰이 문제일까요?,"아이폰 x 쓰다가 아이폰xs로 바꿧는데
그 전에는 거의 멈추거나  튕기는 현상이 없어서 진짜 순탄하게 게임했는데
지금 아이폰xs 로 하면 자꾸 멈춰서 그냥 화면이 렉걸린듯 멈추고 그러고 기다려도 안움직여서 매일 껏다켯다 하고있어요.
퀘스트 자동으로 해놓을때마다 그러는거 같은데 왜그러는걸까요
근데 이렇게 귀찮은 일이 생김에도 불구하고 메이플은 너무 재밌네여....빨리 조치한번만...",3
2019-04-19T13:37:49-07:00,메이플,아주 재밋거 잘만들것 같아요   재밋게 하고잇습니다,5
2019-04-18T08:50:31-07:00,좋에요,구실에여,5
2019-04-17T17:15:03-07:00,제발요,와일드헌터 방향전환 안되고 골드리프로 팻 살려는데 구매하기가 안되요. 가위나 다른건 다 되는데 왜죠? 그리고 메소..진짜 120쯤 넘어서 주문서 없이 강화를 시킬 수가 없어요 제발 강화비용좀 줄여주세요. 빠른시일내에 조치 부탁드립니다~,5
2019-04-17T07:20:41-07:00,캐릭터도 귀엽고,게임도 재밌고 다 좋은데.. PC 버전 같은 헤어는 무리인건가요..? ㅠㅠㅠ 현질하는 재미로 게임하는 사람인데 머리가..너무 안예뻐서.. 또르륵 예쁜머리 나오게 해주세요 엉엉,5
2019-04-17T04:01:34-07:00,튕겨요 아이폰6,아이폰6 이용자입니다. 오랜만에 메이플 해보려고 하는데 엄청 튕겨서 게임을 못하네요 폰 바꾸는 방법말고는 없는건가요.,1
2019-04-17T02:16:51-07:00,s굿,ssss굿굴굴,5
2019-04-16T16:39:41-07:00,렉?,"메이플 모바일 정말 잘 사용하고있습니다
캐릭터도 너무 귀엽고 스킬 또한 너무 멋지지만
하다가 항상 캐릭터 좌우방향이 안바뀌네요ㅠㅜ
렉걸려서 캐릭터가 우측 방향으로 쳐다보질 않아요 
무슨 문제 인가요..?",5
2019-04-16T13:20:08-07:00,아이디왜없어짐?,왜없어진거임?내캐릭돌려줘,1
2019-04-16T07:21:57-07:00,자고 일어났더니 로그인 안됨.. 뭐임??,어디에 문의를 해야함? ㅡㅡ,1
2019-04-16T06:20:20-07:00,와일드 헌터 방향이 안바껴요,와일드 헌터방향키를 움직어도 왼쪽으로 움직이지 않고 오른쪽을 본채로 그냥 뒤로 갑니당 해결해주세요,3
2019-04-15T23:02:28-07:00,데이터 다날라갔는데요;;,캐릭이 다사라졌어요,2
2019-04-15T21:56:06-07:00,편해~,ㅓㅝㅓ,4
2019-04-15T19:44:07-07:00,역시 넥슨!,ㅎㅎㅎ 시작하자마자 동의 (필수) 만 하고 시작 하려 했는데 오른쪽에 확인 버튼이 많다는 뛰어난 정보 수집력으로 국회의원들이 법안 날치기로 하듯 빠르게 (선택) 에도 동의를 하게 만들어 보리는 넥슨 클라스 인정 드립니다! 게임 하기도 전에 기분 팍! 상해서 게임을 삭제하는 바람에 재밌는지 안재밌는지 몰라서 별 1개 드립니다 번창하세요~!,1
2019-04-14T16:23:44-07:00,어제 저녁까지만해도,잘 했는데 오늘 아침에 보니까 제 캐릭터들이 아무것도 없고 새로 만들라고만 하는데 제가 초기화 시킨적도 없고 그래서 문의 한번 드립니다 ㅠㅠ,1
2019-04-14T05:12:32-07:00,아이폰 갑자기 안들어가지네요,아이폰XR인데 오늘 갑자기 에러코드 뜨면서 접속이안되네요...원정.길전등 하나도 못하고있는데 조치좀 해주셔야될꺼같아요...,5
2019-04-14T04:23:53-07:00,열심히 하고있는데 한번 튕기더니 안들어가지네요,이따위로 만들꺼면 만들지마세요 사람 짜증만나게 핸드폰 껏다 켜도 안되고 삭제했다 다시해도 안되네요 개짜증나네..,1
2019-04-14T00:30:28-07:00,왜 삭제 했었는지 기억났네ㅋㅋㅋㅋㅋ,아니 게임키면 접속한지 1분도 안 돼서 튕기는게 말입니까?; 이거 언제 고쳐주실련지... 게임 재밌게 하고싶어요,1
2019-04-13T22:31:47-07:00,버그 수종좀 해주세요 ㅠㅠㅠ,캐릭터가 한쪽 방향만 보고 반대똑을 눌러도 개속 한방향만 보네요 사냥고 힘들고 어려움이 너무 많습니다 짜른 수정 부탁드립니다,4
2019-04-13T16:18:13-07:00,아이폰은 팅겨요,아이폰6를 쓰는데 너무튕겨요,2
2019-04-13T15:28:25-07:00,아이폰 6 튕김,너무 심합니다,1
2019-04-13T00:54:58-07:00,계정,어케 찾나요 ㅠㅠ방붑좀,4
2019-04-12T22:09:23-07:00,와헌이 문워크를 하는 이유가 궁금합니다,"지금 와헌을 육성하는데 캐릭이 수평이동할 때 왼쪽만 보면서 이동하고 
공격도 외쪽만 합니다
그래서 오른 쪽에 있는 몬스터를 공격하지 못하네요
기종은 7플러스 입니다
오류 좀 해결해주세요 ㅠㅠ",5
2019-04-12T21:22:54-07:00,굿젬,졸젬,5
2019-04-12T18:38:28-07:00,캐릭사라졋어요,"존나큰일이에여 제 캐릭이 다 사라졋어여
스카니아랑 루나섭인데.....겜지우고 한것도아니고 정상적으로 끄고 다시켯는데 사라졋어여ㅕㅕㅕ",3
2019-04-12T07:14:41-07:00,팅김,계속퀘스트를 받으면 팅기는 현상이 생김니다,1
2019-04-12T05:08:15-07:00,아이폰 6쓰는 사람입니다,"너무 튕겨요. 전원을 껏다 켜봐도
몇번을 나갔다 들어와봐도 
게임을 할수가 없어요.",1
2019-04-12T01:54:32-07:00,아이디 로그아웃,제발 아이디 멋대로 로그아웃좀 시키지마라 페북아이디 두개인데 계속 안쓰는 계정으로 로그인돼서 열받네 게임을 하라는거냐 말라는거냐?,1
2019-04-11T19:52:15-07:00,귀엽당,재밌어요ㅜㅜㅜ,5
2019-04-11T19:29:25-07:00,Toy erroy 10004,이거 재설치해도 그러는데 이유가 뭐죠 해결법좀,1
2019-04-11T10:18:02-07:00,아,레지스탕스 비밀광장에서 어떻게 나가요 아 나이 28인데 나가는 방법 못알아먹게 해놨으면 어렵게 해놓은거아니예요?ㅋㅋㅋㅋㅋ초딩들하는게임인데,5
2019-04-11T09:30:31-07:00,ㅋㅋ,"ㅋㅋㅋㅋㅋㅋ답장도 안해주네ㅡㅡ 아이폰만 
튕기는거 같은데 아이폰튕김 현상좀 고쳐ㅡㅡ 진짜 개빡치네  역어어어식 현질유도하는
메이플 ㅋㅋㅋㅋ역시넥슨 돈벌생각만하지마시고요 예? 제발아이폰튕김현상좀고치고요 
사람들댓글에 답장좀해주시고 예?? 알겠습니까??? 에효ㅡㅡ 누가현질유도하는 메이플아닐라까봐 에휴~~~~~",1
2019-04-11T04:48:09-07:00,재밋,꿀,5
2019-04-11T03:13:46-07:00,아이폰 6 자꾸 튕깁니다,"자꾸 캐릭터 고르고 들어가면 튕겨요
지웠다 다시 깔았는데도 그래요",2
2019-04-11T00:56:58-07:00,굿,굿,5
2019-04-10T20:49:00-07:00,이젠1초를 못가 꺼지네,핸드폰 바꾸란 소리이렇게 하네,1
2019-04-10T20:36:56-07:00,굿,려ㅗ얼,5
2019-04-10T15:21:49-07:00,아이폰6 유저는 다안되네요,이거고쳐줘야죠 아이폰6는 겜하지 말라는건가,1
2019-04-10T02:35:46-07:00,아이폰6팅김ㅜ,잘되다가도 자꾸팅김니다ㅠ 어떻게조치안될까요?,1
2019-04-10T02:02:24-07:00,ㅅㅎㅎ,ㅎㅎㅎㅎ,5
2019-04-09T21:49:30-07:00,계정연동 후 캐릭터 사라짐,"계정연동을 번거롭더라도 꼭 해달라는 공지사항에따라 페이스북으로 연동을 하였는데 그 직후 캐릭터들이 다 없어졌네요..어떻게 해야하나요 복구 꼭 좀 부탁드립니다.
앱스토어 다운로드 후 스카니아 서버 입니다.",5
2019-04-09T14:05:07-07:00,제발 제발 제발 !!,다른건 다 좋은데 캐시아이템이 너무 없어요 ㅡㅡ 의류라던지 많이 업데이트해주시고 특히 헤어랑 성형 없어도 너무 없어요. 이것 또한 업데이트 해주시고 교환 시스템 생겼으면 좋겠습니다.,4
2019-04-09T07:03:49-07:00,구숙굿굿,옛날감성  재밋당,5
2019-04-09T03:51:42-07:00,맵이,오랜만에 메이플 하고싶어서 모바일로 깔아봤는데 맵이 넓어진 느낌,5
2019-04-09T03:05:42-07:00,아이폰 6 튕겨요,캐릭 생성하고 시작하려고만 하면 튕겨서 아예 시작을 못해요ㅠㅠㅜㅜㅜㅜ 어케 좀 해주세요 pc로 해볼려다가 모바일로 먼저 체험하고자 시작하려 한건데 처음부터 튕기니 하고 싶은 마음이 싸그리 사라지는 것 같아요ㅠ_ㅜ,1
2019-04-08T23:54:03-07:00,아이폰6,아이폰6 쓰는데 앱이 계속 튕겨요ㅠㅠ,1
2019-04-08T21:55:25-07:00,ㄴ,ㅇㄷㅇㄷ,5
2019-04-08T00:07:26-07:00,ㅎ,ㅎㅠㅠㅠ,5
2019-04-07T15:37:52-07:00,굿,굿,5
2019-04-07T08:37:04-07:00,꿀잼,시간가는줄모르고 하네오 ㅋㅋㅋㅋ,5
2019-04-07T06:58:40-07:00,메이플스토리 엠,너무 재밋어요 제가 나이가 30인데 이걸 하고잇습니다,5
2019-04-07T06:34:30-07:00,굳입니다요,좋아요,5
2019-04-07T04:40:20-07:00,키우던캐릭터들이  다사라졌어요,몇분전까지 플레이하다가 잠시껐다 켰더니 캐릭터들이 모두 사라졌네요 어떻게된거죠,1
2019-04-07T00:45:02-07:00,굳굳,굳굳,5
2019-04-06T22:36:43-07:00,계속 튕겨요,아이폰 6인데 아예 안들어가져요,1
2019-04-06T22:10:43-07:00,정말 재밌은데 자꾸 팅겨요,와이파이도 괜찮고 다 괜찮은데 계속 튕기네요 ㅠㅠ 기종은 아이폰6인데 그래서 튕기는건가요??? (저장공간은 한 9기가정도 있어요),5
2019-04-06T21:46:48-07:00,팅김,컷다켯는데 캐릭터사라지는건 뭔경우죠,5
2019-04-06T21:28:41-07:00,심하지않나요,무슨 다운로드를 하는데 3시간이 넘게 걸려요 ? 어제도 다운로드 했는데 다 했더니 튕기고 다시 깔아서 오늘도 해보니까 다운로드 하는데만 3시간이 훌쩍 넘어 걸리고 이건 좀 아니지 싶네요,1
2019-04-05T21:30:17-07:00,뭔가 안타까움,"1. 인게임 버그관련 대응이 늦음. 문의를 해도 이상한 답변이 달리기도 함 2. 템 파밍이 사실상 현질을 하지 않으면 힘듦. 사실상 보뽑이 템 수급처 3. 경매장을 개선하거나 최대메소 개선하지 않으면 사실상 160제 템 거래는 도박 4. 직업 간 밸러스가 엉망. 5. 발열은 이 겜 처음 할때나 지금이나 조금만 켜놔도 핫팩 6. 자동사냥 파티 시스템은 초창기에 비해 좋아졌지만, 개인적으로 역경이나 매미관련 문제는 더 보완하면 좋을 듯 (여기부터 좋은 점) 7. 이번 이벤트같은 자잘한 자사권 및 경증권 이벤트는 만족 8. 컴메유저라 그런지 마일리지 700은 좋음",3
2019-04-05T21:22:53-07:00,별하나도 아까움,아니 정말 순수하게 게임만 하는사람을 제재하신 이유가 뭔가요~?~?ㅋㅋㅋㅋㅋㅋㅋㅋㅋㅋㅋㅋㅋㅋㅋ 개빡침 그래서 접음.이따구로 하지마라,5
2019-04-05T21:18:45-07:00,메이플스토리m,좋음,5
2019-04-05T20:19:28-07:00,내 캐릭터들이 다 사라졌어요,"모바일로 기존 접속대로 늘 하듯이
눌러서 하는데 오늘은 계속 새캐릭을 만들라며 뜹니다.
왜 지ㄹ 아니 이상태인거죠???
성질나네요
이거 다 복구해주시지 않으면 보상 청구 할거예요 ㅡㅡ",1
2019-04-05T19:48:48-07:00,굳,굳,5
2019-04-05T15:10:09-07:00,개빡치네,왜 캐릭터생성하면 안들어가지죠? 제가 혹시 몰라서 메모리 정리하고 다했는데 7번 해봐도 캐릭터생성하고 게임을 시작을 안하네요 제발 고치세요 하고싶어죽겠는데 못하는 사람 억울해죽겠네요,1
2019-04-05T10:04:51-07:00,게속 튕김,"다좋고 재미있는 데 업데이트 하고 나서부터는 계속 튕겨요 아이폰6인데 못하는 건가요?아이폰6도 할수있게 해주세요 저 엄청 힘들게 키웠단 말이에요
제발 고쳐주세요.    
아님 포켓메이플 다시 만들어 주세요",1
2019-04-05T06:43:00-07:00,캐릭터가 사라졌어요,"계정연동 했는데도 
캐릭터가 다 사라져서 안보여요ㅠㅠ
어떻게 된거죠 
제발 해결해주세요!!!!!",5
2019-04-05T06:20:14-07:00,계정을 2번이나 날렸어요..,"예전에 배틀메이지 이벤트할때 네이버 연동이되서 페북이었나 구글로 계정가입했는데 126까지 키우고, 갑자기 아이디 날라가버리고 다시 계정연동 해야된다해서 메카닉으로 처음부터 다시키워서 125 까지 찍어놨더니 또 이렇게 연결이... ㅜ",2
2019-04-05T05:12:15-07:00,Nygcjgcgucjy,Iyfyifjyfjyf,5
2019-04-05T05:06:27-07:00,백그라운드에서 다운로드 안됨,된다더니 안됨,4
2019-04-04T23:14:27-07:00,다운로드 너무 많이 오래해요,기다리다가 게임을못함,1
2019-04-04T17:18:37-07:00,재밌어용,😭짱짱재미라아어여,4
2019-04-04T16:26:40-07:00,아이폰6유저 양해점,메이플m하고싶어서 들갔는데 안드로이드에서 아이폰으로 바꿧는데 계속 튕기네요 이거 제발 고쳐주세요,1
2019-04-04T15:00:20-07:00,게임이 계속 팅깁니다,제가 웬만하면 리뷰 안하는데 게임 시작도 못해보고 팅기는게 짜증이나서 올립니다 자꾸 게임 캐릭터 생성하고 시작누르면 거기서부터 팅깁니다 제가 쓰고있는 폰은 아이폰 6입니다,2
2019-04-04T06:17:35-07:00,마일리지받자,마일리지 용,5
2019-04-03T16:50:56-07:00,아이폰,존나멈추네..짜증,1
2019-04-03T12:23:48-07:00,돈슨이 그렇지뭐...,유저들이 튕김현상 계속말하고있는데 업뎃할생각을 안하네ㅋㅋㅋㅋㅋㅋㅋ븅신같은 넥슨 망해라!,1
2019-04-03T08:46:51-07:00,몬스터를 잡으면 메소가 계속안떠요ㅠㅠㅠㅠ,메소가 안떠요ㅠㅠㅠㅠ,1
2019-04-03T03:48:04-07:00,살려주세요...,하고 싶어서 꾹 참으면서 첨부터 다운받는데 87퍼에서 잠깐 카톡만 들어왔다오니 다시 초기화됐네요....답변좀 부탁드립니다...,5
2019-04-03T02:59:20-07:00,왜 다운로드가 초기화돼는지알려주세요,다운로드하다가 내일마저 다운할려햇는데 다운로드처음부터 다시해야하네요 왜그런가요,5
2019-04-02T22:40:31-07:00,팅김,"자꾸 계속  게임을  못하겠어요ㅠㅠ
고쳐주세요~ㅠㅠㅠㅠ
아이폰6은 월래 게임 못 들어가나요?",2
2019-04-02T17:38:47-07:00,캐릭터가 사라졌어요;;;,"캐릭터가 하루아침에 없어졌어요.
추가 업데이트 깔고 들어갔더니 캐릭터가 사라진게 말이되나요................ 제가 쏟은 돈 시간들....
빨리 복구해주세요; 무슨 오류인지 알고싶지도 않아요.
캐릭터가 왜 삭제되는거에요 대체.. 하",1
2019-04-02T09:23:46-07:00,크리스탈 가든,크리스탈 가든에서 안나가져요 ㅜㅜ...,1
2019-04-02T06:10:49-07:00,많이 불편해요,아이폰 6 유저인데 뭐만 하면 계속 팅겨서 게임을 할수가 없어요 이런것좀 고쳐주세요,5
2019-04-02T04:32:04-07:00,ㅋㅋ,ㅇㄷㄴㅋㅋㅋ,5
2019-04-01T19:03:54-07:00,제제좀풀어주세요,게임안들어가져여,1
2019-04-01T15:28:18-07:00,별하나도 아까움,유저들 리뷰쓰면 의견 반영 10퍼도 안해줌 ㄹㅇ ㅋㅋㅋㅋㅋㅋㅋ,1
2019-04-01T12:21:11-07:00,뜬금없는 재제,잘하다가 제재하는건뭐야 어이읎네 아니 버그라고 쓰고 메크로 라도 쓰고 재제를 당하면 덜억울하겠는데 무슨 근거로 재제를 한거야 짜증나게 이러면 뭐 현질할맘 생기겠냐 어휴 넥슨 왜그르냐 도데체,1
2019-04-01T12:13:32-07:00,아니 먼데 갑자기 제재중인데,아침에 잘하고 자동사냥돌리고 오후에 접속하니까 제재중이라는데 확인쫌해주세요. 제재당한 이유도 먼지 알고싶네요 어이가 없어서 참..,4
2019-04-01T12:12:00-07:00,아이폰5s인데요 계속 강제 종료 되네요,"어떻게 된게 캐릭터로 들어가고 나서 20초도 안돼서 강제 종료되는 이유가 뭐죠 진짜 게임 하기가 싫어집니다. 어떻게 해야되죠? 분명히 호환성에는 아이폰5s까지 호환되는거 확인하고 게임 설치했는데 이거는 너무하네요
5s유저는 하지 말라는 건가요?",1
2019-04-01T10:02:53-07:00,굳,굳,5
2019-04-01T09:22:58-07:00,무고 제재 때리고 방치하는 넥슨,"4월 1일자 무고벤 사건이 일어났음
대략 오후 4~5시경 제재 난무 시작된 것으로 예상.
이후 제재가 아직까지 이루어지고 있음. (현 피해자 속출중)
확실한 정보는 아니지만 이번 신캐로 나온 와헌을 육성하다가 정지를 먹은 사람이 대다수. (필자 포함)
글쓴이는 4월 1일 새벽2시경 와헌 100을 찍고 메m을 완전히 종료 (자동사냥시스템 사용x) 그 후 오후5시에 접속을 시도 했더니 접속이 안됨. (제재중이라는 메시지만 있고 제재사유는 명시 x)
카페 모니터링 하는건 누구나 아는 사실이지만 아무리 그래도 무고로 제재당했다고 말하는 유저가 한 둘이 아닌데
공지도 안올리고 방치하고나 있음.
이런데에 글 올려봤자 확인도 안할테지만 그냥 답답해서 올림. 이런 말들 듣기 싫으면 관리좀 잘 하십쇼 제발.",1
2019-04-01T08:11:00-07:00,어떡해하죠?,"이 게임을 전에 다른폰에서 했는데 이상은 없었어요
근데 아이폰으로 넘어온뒤 하려고 하니 계속 알수없는 이유로 계속 튕기고 있어요 해결부탁드립니다
그렇다고 핸드폰 문제로 볼수없는게 다른 게임이나 앱들은 잘되요 근데 이것만 안되면 ㅜㅜ",1
2019-04-01T05:40:11-07:00,어이없어서 접음,"길드도 안들고 그냥 혼자 소소하게 플레이하는 유저인데
오늘 갑자기 무슨 이유인지도 안알려주고 제재됬다고 떠서 접음
드러워서 안함",1
2019-04-01T03:51:38-07:00,제재 사항,"자동전투 키고 몇시간 있다가 접속했는데 부적절한 프로그램 사용 땜에 제재가 걸려있다는건 무슨 경우인가요?
접속도 못하고 짜증나네요 빨리 해결해주세요",5
2019-03-31T21:23:16-07:00,아이폰이랑 게임이 안맞는건지,이동시 캐릭터 얼굴이 좌우로 왔다 갔다 해야되는데 한 쪽 방향으로 고정된채로 움직이니 이건 뭐 사냥도 안되고 뷰웅신처럼 움직이네요.,1
2019-03-31T21:21:41-07:00,몬가어려워,아아아아아아,5
2019-03-31T14:41:03-07:00,아이폰유저배려0,별한개도 주고 싶지않습니다,1
2019-03-31T07:36:27-07:00,너무 끊겨요ㅜㅜ,아이패드 유저인데 와헌 업뎃 이후로 1분 이상 연속 플레이 성공한 적이 없어요 다섯시간 넘게 시도했는데 ㅜㅜ,1
2019-03-31T06:36:19-07:00,재미있어요,옛날 생각이나네요.,5
2019-03-31T02:25:04-07:00,추억삼아 다시 해본 게임,"초딩 때 했던 메이플이랑은 달라진 게 너무 많지만 결론적으로는 해볼 만했다. 가장 많이 달라진 건 직업이 어어어엄청 많아진 것. 스킬 같은 거 볼거리가 많아졌다.

퀘스트도 좀 아쉽다. 퀘스트 내용이 결국 누구 찾아가기, 사냥하기, 사냥해서 아이템줍기밖에 없어서 단조롭다. 퀘스트 할 때 NPC랑 대화가 엄청 긴데 레벨 100까지 키우면서 단 한번도 제대로 읽어본 적이 없다. 퀘스트 대화내용 대신 플레이내용을 더 다채롭게 하면 좋았을 듯.

과금요소가 심해보이진 않는다. 공략 보고 열심히만 한다면 꽤 괜찮은 캐릭터를 육성할 수 있다. 과금 얼마간 해서 겜의 재미를 더하는 것도 좋긴 할듯. 그렇지 않다면 노가다가 좀 필요하다..",3
2019-03-31T01:39:45-07:00,리뷰,구두두구굳,5
2019-03-30T21:41:44-07:00,졸라튕기는디,이게서버문제인지 버닝때문에 혼잡해서 그런건진 모르겠는데 왤케 튕기는지도 모르겠고 뭐만 할라하면 꺼져서 걍 안할란다 어케 서버관리가 컴메보다 후지냐,1
2019-03-30T20:28:26-07:00,꿀잼,꿀잼,5
2019-03-30T19:21:10-07:00,팅긴다는 놈들,"그거 니네 폰이 구져서 그런거야  ;;;
폰 좀 바꿔라...",5
2019-03-30T16:32:36-07:00,팅김,아이폰6인데 다운다하고 겜들가고 캐릭만드니 겜 들어가자말자 튕김ㅋㅋ,1
2019-03-30T12:31:34-07:00,아이폰 튕김,아이폰6 쓰는데 계속 튕겨요ㅠㅠ 다른 RPG게임들은 다 멀쩡한데 메이플만 그러네요 오류 고쳐주세요,1
2019-03-30T10:37:40-07:00,재밌는데,재밌는데 자동사냥은 계속하게 해주세요 과금을하라는건가요,5
2019-03-30T09:35:46-07:00,업데이트 불가능,매번 게임 업데이트 될때마다 앱에 들어가면 업데이트를 하라고 하지만 막상 앱스토어에 오면 앱 업데이트가 불가능합니다 앱을 삭제했다가 다시 깔기를 반복하고 매번 로그인하기도 번거롭고 불편하네요 확인 좀 해주세요,4
2019-03-30T03:36:24-07:00,와일드헌터 업데이트후 발생하는 문제,와일드헌터 육성중 3차까지 찍었습니다. 그런데 3차까지찍고나서부터인가  오른쪽 방향으로 갈때 캐릭터가 원래는 오른쪽을 보고 걸어야 하잖아요? 그런데 왼쪽을 보면서 어른쪽으로 이동합니다(무슨 문워크하는줄...) 게임을 껏다 켜도 고쳐지지 않아 글 올립니다.,1
2019-03-30T01:47:40-07:00,아이폰6 너무 튕겨요,아이폰6 너무 튕깁니다ㅠㅠㅠ 진짜 캐릭터 선택하구 나고 바로 튕겨요....아이폰6에서 원활하게 할 수 있게 해주세요ㅠㅠㅠ,3
2019-03-29T23:44:24-07:00,아이폰6+쓰는데 자꾸 팅겨요,게임플레이 3분이상 불가능할정도로 자꾸팅기는데 언제쯤 고쳐주실까요 1년전 리뷰에도 팅긴다되있던데,1
2019-03-29T20:29:03-07:00,게임에 소리가 안나요,환경설정도 소리 높이했는데 소리가 안나네요 메이플은 브금이 생명인데 어떻게 하나요?,3
2019-03-29T19:48:24-07:00,팅김현상,"아이폰6팅김현상이 너무너무 심각합니다
해결좀 해주세요 ㅠㅠ",2
2019-03-29T19:30:24-07:00,들어가기만 하자,"아이폰 6인데 4시간동안 튜토리얼도 다 못깸
계속 틩김",1
2019-03-29T17:47:13-07:00,제발할수는있게해주세요ㅠㅠㅠㅠ,제가 메이플을하려는데 와일드헌터 업데이트 가된이후로 30초도 못하고 계속꺼져요ㅠㅠㅠ 제발 할수는있게해주세요ㅠㅠ,1
2019-03-29T12:17:16-07:00,계속 팅깁니다..ㅠㅠ,아이폰 6인데 계속 팅기네요ㅠㅠ,3
2019-03-29T10:41:47-07:00,추천!!,생활하면서 즐길 수 있어요}~,5
2019-03-29T07:41:04-07:00,3월 29일 패치후 페북연동 계정 사라짐,"패치후에 페북연동 계정이 사라졌습니다.패치할 때, 하자없이 해주세요. 하아ㅏㅏㅏㅏㅏㅏㅏㅏㅏㅏㅏㅏ똑바로쫌 하십쇼!!!!!!!!!!!",1
2019-03-29T06:58:07-07:00,튕김버그 처고치라고 시발년들아,튕김버그계속일어나고 업뎃돼고 아예 들어가자마자 튕김 시발샠기들 추가업뎃 ㅇㅈㄹ 했는데 개ㅈㄹ임 고칠생각없나봐 게임 개 ㅈ 역시 넥슨 ^^,1
2019-03-29T06:42:18-07:00,아이폰8입니다. 발열이 너무 심해요,"프레임을 낮춰도, 30분도 안돼서 발열이 너무 심해요;;; 휴대폰 터질깝허 겁나서 못하겠네요;",1
2019-03-29T06:14:04-07:00,어...,"다 좋아요. 다 좋은데 퀘스트를 받자마자 자동 이동이나, 한대 때리자 마자 자동공격은 너무하지 않나요? 저도 한때 메이플스토리 m 팬텀 으로 노가다 하는데 자동 이동하고 자동 공격 때문에 참을 수 없어 접은 유저 에요. 자동 이동 말고 순간이동의 돌이나 퀘스트를 받았을 때 화살표로 뜨는 게 낫지 않아요? 설정에서 설정 하도록하면 좋을 텐데요? 맘 같아서 별 0.5개 주고싶지만 다른 사람들도 보시게 별5개로 리뷰합니다. 이 문제가 해결되면 다시 복귀하겠습니다. 어서 해결해 주세요.",5
2019-03-29T04:56:49-07:00,발열 너무 심해요,"넥슨 겜 두개하는데 왜이렇게 둘 다 발열이 심한건지 이번 업뎃하고 더 심해졌네요. 그리고 아이폰6,6+은 이제 호환성에서 내려줘야하는 거 아닌가요???올때마다 팅긴다는 리뷰 있는데 아이폰은 램 2기가 부터 가능!!!!!!",5
2019-03-29T00:47:23-07:00,듀얼블레이드좀 추가해주소,듀얼블레이드 추가해달라고 몇번이나 얘길했는데 아직도 안추가 되면 어쩌자는거야 ㅅㅂ 이러니까 돈슨이라는 말을듣지,5
2019-03-28T23:49:30-07:00,끊김현상,이번 업데이트 이후 게임이 자꾸 버퍼링 걸리는것처럼 끊김이 생기네요 계속... 프레임이랑 화질도 조정했는데 계속 그래요...ㅠㅠ,2
2019-03-28T23:25:40-07:00,재밌는게임,"메이플에 투자 하나도안할 급식 아닌이상 충분히 소과금으로 즐길수 있음. 폰게임에서 이것저것 다 요구하는 사람들이 문제인거지, 메m 자체는 괜찮은 모바일 게임. 물론 보완할점도 있지만.",5
2019-03-28T20:37:48-07:00,다 좋은데 렉이 심해요,지금 아이폰XS를 쓰고있는데 렉이 심한것같아요,5
2019-03-28T19:51:29-07:00,랙 ㅅㅂ,아니 ㅅㅂ 아이폰XR인데 업데이트 하고나서 랙이 너무 심하잖아요 게임진행이 안되네 개짜증나네ㅡㅡ 좀 어째좀 해봐 ㅅㅂ,1
2019-03-28T19:32:46-07:00,ㅆ,ㅆ,5
2019-03-28T18:51:52-07:00,와런패치,와헌이 움직일때 이상하게 움직여요 패치 부탁드려요,3
2019-03-28T18:13:39-07:00,ㅋ,ㅋㅋ,5
2019-03-28T16:41:51-07:00,아이폰6 지원 이제 안하나요?,캐릭터 선택하면 반드시 튕김,1
2019-03-28T15:28:35-07:00,렉ㅡㅡ진짜 싫어,"아니 왜 업데이트 하고 나서 렉이 심해요?
그 전엔 안그랬는데",1
2019-03-28T10:27:45-07:00,버벅거리는 현상 너무 심함,"어째 업뎃 후 게임 상태가 안 좋아진듯함
버벅거림은 물론이고 몬스터?들 왜 이렇게 안나와요
진심 5분 기다리니까 버벅거리다가 한두개 나옴",3
2019-03-28T10:26:36-07:00,초장부터,렉 개심하고 지금 처음으로 들어가서 다운로드중인데 다운중에 인내의 숲 플레이할때 렉 개심함 점프도 부자연스럽고 방향키도 인식 너무 느림요 참고로 아이폰7임 리뷰보니 아이폰 유저들은 다 비슷하게 렉이나 튕김현상을 보이는것같은데 하고싶어도 할 수 없게 만들면 어쩌라는거죠ㅠ,1
2019-03-28T07:00:35-07:00,아이폰 6유저입니다,진짜 재미있는데 계속 팅기네요 언제 수정들어갈꺼입니까 빨리 재밋게 하고싶은데 공기계를 살수도없는부분이고 빨리 패치를 통해 바꿔갔음 좋겟습니다 수정은 들어가지 않는겁니까?답변 부탁드려요,5
2019-03-28T06:49:52-07:00,프레임드랍,오늘 업데이트 이후로 프레임드랍 너무 심해서 불편합니다. 빨리 고쳤으면 하네요,1
2019-03-28T05:36:30-07:00,재밌어요.. 튕기지만 않으면요.....,"6+ 쓰는 유저인데요,게임은 좋아요, 하지만 계속 하다가 튕겨요. 점검을 한번 해주세요 다른 유저들도 많이 튕기거든요.",4
2019-03-28T05:31:07-07:00,제발 오류 수정좀,"아이폰 6 접속하자마자 팅기는 현상
언제 수정합니까?",1
2019-03-28T05:10:20-07:00,왜 케릭터가 다 없어짐?,"업데이트하니까 내가 열심히 키운 케릭터 다 없어짐? 이거 어떻게 해줄꺼에요?
정말 어이가없네",1
2019-03-28T04:58:03-07:00,왜업데이트하고나서,렉이 이렇게 걸리나여,4
2019-03-28T02:36:05-07:00,여자친구랑 같이하고 있어용,재밌어용 ^0^,1
2019-03-28T01:39:22-07:00,메m그란디스종족 추가해 주세요,"아크,일리움 ,카데나,카이저같은애들 있었음 좋겠어요!!이게임 진짜재밌어요",5
2019-03-27T23:32:56-07:00,와 진짜 이건 아니지,"오늘 업데이트 하자마자 들가서 와헌 만들고
재규어 잡을라했는데 어째 한마리도 안보이죠
오히려 메이플 본섭이 더 잘잡히네
모바일이 더 안되면 어쩌잔말이지
계속 해도 안보이네 확률이 진짜 머 같네요 진짜",1
2019-03-27T23:30:54-07:00,업데이트하고 게임이 끊겨요ㅠㅠㅠ 하기전엔 안끊겼는데퓨,끊겨요ㅠㅠ,4
2019-03-27T23:13:08-07:00,렉이너무심해서,"아이패드로 게임중인데 거짓말안하고 1분에 한번씩은 렉이걸려서 이도저도못하다가 앱을 종료하고 다시 들어와야함 
레벨이 높아질수록 심해지는것같은기분
게임자체는 너무 재밌는데 계속 튕겨서 즐길수가없으니 ...",1
2019-03-27T22:27:54-07:00,마일리지 모두받기 오류,"마일리지 모두받기 누르면 업적이 어쩌구하면서 안받아짐.
편의성 패치한건 좋습니다만 패치적용이 안된거같음",1
2019-03-27T21:19:05-07:00,보마 좀 상향 하주면 갓겜,신캐 나오면 구캐 너무 밀려남. 보마 상향해주면 똥꼬라도 빨아드림,5
2019-03-27T20:41:02-07:00,마일리지 수급 좋습니다,다만 120 좀 빨리 찍을수있으면 좋았을듯,5
2019-03-27T20:34:24-07:00,ㅎㅎ,좋아요,5
2019-03-27T18:04:10-07:00,이거 꼭봐라,아이폰 7 플러스 쓰는데 업데이트 떠서 할라니깐 결제창이 왜뜨냐 이제 이렇게 돈버냐,5
2019-03-27T17:42:03-07:00,퀘스트가 안깨져요 ㅠㅠ,안녕하세요 다름이아니라 퀘스트를 깨는도중 9레벨에 시작하는 신입기사단환영회 퀘스트가 깨지질 않아서요 자동으로 하려고 해도 목적지를 찾을 수 없다고 뜨고 퀘스트 진행자체가 안되네요 어떻게 해야되죠?..,4
2019-03-27T17:23:50-07:00,아쥬좋아요~~,"현질도 원하는만큼 , 업뎃도 주기적으로, 지루할틈 없이 아주재밌어요~~ 1년넘게하는데도 새롭네요~~ 근데 업뎃 시간좀 잘지켜주시길",5
2019-03-27T16:13:57-07:00,시간은 알려줘야하지않겠냐,점검이래놓고 뭐 점검시간이 언제까지다 안쓰면 유저들은 닥치고 기다리라는건지..,2
2019-03-27T16:01:45-07:00,아이폰8,메이플은 아이폰이지,5
2019-03-27T14:37:13-07:00,업데이트,안됨,1
2019-03-27T13:26:30-07:00,마켓이있었음좋겠어요,템도3개밖에못올리고 템창은 차고 물건은안팔리고 ㅠ3ㅠ 답답해쥬금,5
2019-03-27T09:26:43-07:00,게임을 이따구로 만들어놨네,"아이폰6 쓰고 있는데 게임이 계속 퉝기네요
와이파이를 써도 튕기고 데이터를 써도 튕기니
이건 게임을 어떻게 하라고 하는지 영 모르겠네!!
이럴거면 아이폰쪽에 게임 배급을 하지나 말던지
계속 반복적으로 튕기게 할거면 게임 시스템이나 열심히 수정하시길 바랍니다
갤럭시도 될지 안될진 모르지만 진짜로 튕기는게 거의 공튀기기급이네요
정말 빡치네요",1
2019-03-26T04:11:02-07:00,아이폰xr사용자입니다,"게임은 정말 마음에 들어서 돈쓰면서까지 하고싶은데
화면이 이상합니다. 8에서도 안깨지는 도트들이
Xr인 제 핸드폰에서 화면 해상도가 낮은것처럼 깨집니다. 빨리 고쳐주시거나 답글 납겨주세요",3
2019-03-25T16:58:27-07:00,살면서 처음리뷰쓴다,"살면서 처음 리뷰쓴다 ;; 
이벤트 받을거 다 받고 나름 주말동안 열심히
시간써서 키웠는데
자고 일어나니까 데이터 다 날아가 있네
뭐 이딴게임이 다있나 싶다;
현질 안한게 다행이네 진짜 오늘부로 넥슨 모바일게임
싹다 정리한다",1
2019-03-25T02:02:53-07:00,캐릭터가 없어졌어요,제가 메이플을 키우고있는 사람인데 캐릭터가 없어졌네요 확인좀해주세요 다른건 다좋아요,5
2019-03-24T23:49:23-07:00,배터리 녹습니다,하지마세요 ㅋ,5
2019-03-24T20:08:50-07:00,F,F,5
2019-03-24T19:23:16-07:00,굿,업데이트가안되용,4
2019-03-24T19:21:24-07:00,아이폰6 계속팅김,5분에 한번씩 팅기는거같은데 게임 그냥 겁나잘팅김,1
2019-03-24T05:40:31-07:00,왜 자꾸 튕기나여;;,"보라고 별5개 주는데여 1점도 못 주겠습니다
들어가서 5분 정도 있으면 걍 튕깁니다 다른 분들도 그런거 같으니 제 폰이 문제가 있어보이진 않습니다 제발 좀 의견 반영좀 해주세요",5
2019-03-24T05:28:59-07:00,캐릭터 카데나좀 만들어주세요,"저는 메이플스토리m을 즐겨 하고있는 중학생입니다.
pc로도 메이플스토리를 하고있는데 카데나라는 
캐릭터를 한번 재미삼아 해보았는데 스킬또한 스킬레벨이 아주 저와 잘 맞아서 계속 본캐로 하고있습니다
꼭 카데나를 만들어주세요!!",5
2019-03-24T02:03:23-07:00,굿,굿,5
2019-03-23T22:39:41-07:00,굿,굿,5
2019-03-23T07:31:34-07:00,추억,"역시 추억... 음악 하며... 캐릭터 하며... 옛날로 돌아간 기분이네요 정말
어린시절의 향수 감사합니다",5
2019-03-23T06:08:29-07:00,새캐릭,새캐릭터좀 빨리출시해주세요 버닝이벤트도 자주해주시면 좋을거같습니다,3
2019-03-23T00:36:14-07:00,아이폰버그,아이폰으로 하려고하는데 계속 튕기고 나가집니다 왜그러는건가요?ㅠㅠ안고쳐지나요?? 다른사람들도 다 문제있다고하는데 어떻게 생각하시나요? 답변좀 부탁드릴게요,5
2019-03-22T20:03:34-07:00,캐릭터가 없어졌어요......,갑자기 재접하다가 캐릭이 없어졋어요!!!!!!!!!!,4
2019-03-22T09:48:10-07:00,아이폰6,ㄹㅇ 옛날엔안그랬는데 올만에깔아서하니까 오지겡팅김 다른분들 리뷰처럼 튕김아이폰,5
2019-03-22T05:57:00-07:00,그냥 존망겜,아니;; 데이터 다운로드 시간만 2시간 걸리는데 뭐 어쩌라는거야;;,5
2019-03-22T04:04:10-07:00,팅기고 팅기고 계속 팅기는게임,제목그대롭니다 하다가 갑자기 팅기고 서버는 관리가 제대로 안되는지 불안하기만 하고.. 부디 고쳐주세요 제발,1
2019-03-21T17:28:17-07:00,굿,굿,4
2019-03-21T06:37:45-07:00,메이플,갓,5
2019-03-21T05:02:37-07:00,여보시요,"만원짜린가 월정액패키지삿는데 
왜하루에 20루비주는거 안주나요 짜증나네요",5
2019-03-20T17:43:31-07:00,정말,자밌습니당ㄹㅎㅎㅎㅎ,5
2019-03-20T06:35:48-07:00,왜 없음 ㅡㅡ?,예전에 현질 했던 캐릭터 있는데 어디감 왜 사라짐 먹튀임? 구름 타고 다니던 내 캐릭터 ㅡㅡ,5
2019-03-19T23:46:53-07:00,괜찮아요,나쁘지않습키다,5
2019-03-19T16:12:23-07:00,굳굳,굳굳굳굳굳,5
2019-03-19T14:20:33-07:00,이게임 별점이 왜 높은지 의문인 1인,ㅈㄱㄴ,1
2019-03-18T07:49:44-07:00,어이가 없네 ㅋㅋ,ㅋㅋ캐릭터 만들고 현질까지했는데 팅겼더니 캐릭터 사라진거 뭡니까;; 복구 안해줍니까?,1
2019-03-18T07:42:46-07:00,키운던 캐릭터들 다 없어졌어요,왜이러죠? 갑자기,1
2019-03-18T05:16:19-07:00,Snend,Snsnd,5
2019-03-18T05:01:55-07:00,아니 이건 심하잖아요,아니 게임 할때마다 튕겨서 개빡쳐요 아니 뭐 때문에 튕기는지도 모르고 둘어가면 튕기고 진짜 심하잖아요 그리고 상점 들어가서 옷 구경 중에 10초 만에 튕겨요,5
2019-03-17T15:52:47-07:00,굴굿굿,곳오,5
2019-03-17T06:31:38-07:00,재밀구잔다,재밋숩니다,5
2019-03-16T22:55:50-07:00,아이폰6에서 겜튕기는거좀 고쳐줘라,잘만 하던겜이라 접지도 못해서 녹스로 그나마 플레이 연명 하고있는데 폰으로는 재설치를 하든 뭘하든 소용이 없는거 보면 게임문제인데 고쳐줄 생각은 절대 안하나보네,1
2019-03-16T22:46:02-07:00,환불좀 부탁 드릴게요,계정을 연동 안하고 3500원 결제 햇는데 다른 계정이 있어서 연동하니까 날아가버렸네요,3
2019-03-16T20:07:07-07:00,그딴식으로 하지마소,크로아/미소엉아 아이디사라짐. 찾아내,1
2019-03-16T14:02:32-07:00,삭제요청,삭제요청,5
2019-03-16T05:25:15-07:00,아이디를 찾고싶습니다,"1년전에 계정등록을 안하고 애플폰으로 게임하고 게임센터 계정으로 연동 되는줄 알고 지워서 아이디를 찾을 수 없는데 
메르세데스 아이디는 응어이 , 에반 아이디는 비엣남인데
찾는방법없나요...?",5
2019-03-16T01:50:32-07:00,네이버계정도 메이플m을 하고 싶습니다!,제목 그대로 입니다. 메이플m 재밌을 것 같은데 네이버계정이 없어서 너무 아쉽습니다.,5
2019-03-16T01:19:23-07:00,아니 오토퀘스트 안한다구여,"내손으로 할건데 뭔데자꾸 퀘스트 받으면 오토퀘스트로 넘기냐구요
웃긴건 오토퀘스트 취소하면 그자리에서 취소되는게 아니라 뭔 쓸데없는곳으로 워프시켜버려서 존나불편함 이것좀 어떻게 해봐요 진짜 짜증나니까",2
2019-03-15T23:43:15-07:00,아이폰6를 쓰고있는데 계속 팅김,아이폰6 휴대폰 유저입니다. 다름아니라 메이플스토리m 게임을 하면서 하루에 20번이상 팅기는 현상이 발생하는데 이 팅기는 현상이 없으면 게임을 잘할수 있을거같습니다. 버그인지 오류인지는 모르겠지만 고쳐주시면 감사드리겠습니다.,5
2019-03-15T20:33:26-07:00,아이템 교환이 시급...,친구한테 아이템이나 메소 주고 싶은데 교환기능이 없네요... 택배나 우편으로 보낼 수 있게 해주세요ㅠㅠ,3
2019-03-14T21:32:23-07:00,ㅅ,ㅎ,5
2019-03-13T22:47:30-07:00,연동까지했는데 캐릭터가 없어졌습니다.,문제 해결 부탁드립니다.,5
2019-03-13T21:13:41-07:00,재밌는디요,메이플패키지2 계속 뜨는데 엑스버튼도 없고 강제종료후 계속 하긴하는데 패키지뜰때마다 강제종료해야되나요? 디게 불편합니다 ㅠ,5
2019-03-13T20:45:42-07:00,ㅏ만아아아아아아아ㅏ,조오ㅓㅎㅎ봏나오,5
2019-03-13T19:39:20-07:00,캐릭터가 없어졌습니다,열심히 키운 캐릭터가 점검이후 사라졌습니다. 복구 부탁 바랍니다,1
2019-03-13T15:31:35-07:00,튕김,게임하다가 갑자기 튕기고 안들어가져요 아이폰 x인데,5
2019-03-13T14:06:35-07:00,캐릭 증발,"들어가니 캐릭 증발 ㅋㅋ
분명 6시간 전까지만해도 접속해서 사냥햇는데
왜 캐릭이 갑자기 사라진거죠..
복구 방법은 없는겁니까? 128찍어놧는데
개억울하네
복구좀 해주세여 ....
엘리 // 푸딩구 // 썬콜 128 입니다...",5
2019-03-13T09:41:27-07:00,복구해주세요,"안드로이드에서 아이폰으로 변경하고 똑같은 구글계정으로 로그인했고 정식계정연동도 다 해놨던 계정 사라져버렸습니다 . 복구해주세요 현금결제한것 전부 환불해주십시오
영수증 전부 있습니다 . 시간이 늦어서 남기고 갑니다 날이 밝으면 전화합니다.",1
2019-03-13T07:01:40-07:00,굿,뜨,5
2019-03-13T06:10:27-07:00,ㅈㅂ,"제발 포켓메이플 좀 다시하자
메이플M 보다 포메가 그립다
평점은 물론 사람들 보라고 ㅎㅎ",5
2019-03-12T04:07:22-07:00,케릭터 다 살아짐 씨,아 망했어,1
2019-03-12T01:35:47-07:00,서버점검,"서버점검 toyerror10007이라고 뜨고 안나와요ㅠㅠㅠ해결
해주세여ㅠㅠ",4
2019-03-10T22:35:52-07:00,님들폰이 구린거에요,"아이폰6, 아이폰6플러스 모델 램 1기가 밖에 안되는데 메모리부족으로 감당 못하고 팅기는건 당연하죠.. 상위모델 아이폰 쓰시는 분들이 리뷰에 팅긴다는소리 하나요? 없어요... 보다가 답답해서 씁니다. 성능좋은 신형 폰으로 바꾸던지 원할이 플레이 가능한 다른 포터블기기로 즐기세요^^",5
2019-03-10T11:21:45-07:00,아이폰 6 너무 팅김,"메이플 하고싶은데 아이폰 6는 너무 팅겨서 게임 자체를 할수가 없눈 상황까지 옵니다 그래서 거의 1년 넘게 안하는중이에요 아직 아이폰 6는최적화가 안되있나봐요 팅긴다는 리뷰 달리는거 보니,, 팅김현상만 고쳐졌음 맨날 하는건데 ㅠㅠ",3
2019-03-10T09:58:06-07:00,서버관리,단적으로 말합니다. 플레이시간에 비해 튕겨서 다시 접속하는 시간이 압.도.적. 으로 많습니다. 이 넥슨 개같은 벌레들아,1
2019-03-10T06:20:26-07:00,굿 ㅋㅋㅋㅋㅋ,ㅇㅋ,5
2019-03-10T05:04:51-07:00,ㅎ,ㅎ,5
2019-03-10T00:53:45-07:00,존재,존잼,5
2019-03-09T17:46:20-07:00,아,이거 자동전투 왜 되는거예요?,3
2019-03-09T04:32:25-07:00,길찾기 및 사냥 자동화 노잼이에요,"길찾기 기능은 pc처럼 길방향만 알려줘서 직접 갔으면 좋겠어요
길찾기랑 사냥이 자동으로 되서 재미없어요",3
2019-03-09T01:06:28-07:00,아이폰으로 왜 안돼요!!,아니 지금 차별함니까?! 아이폰으로 하면 왜 튕겨요!! 당장 고쳐요!!,1
2019-03-08T17:05:27-07:00,아이디 연동은 불가능합니다,"네이버는 들어가면 연동 실패로 뜨고 넥슨이나 메이플 아이디는 조건도 가르쳐 주지 않고 잠금보호를 걸어버립니다
푸는 법도 알려주지 않고 일시적으로 잠겨있다고만 나오네요 렉도 자주 먹어서 행동이 끊기는 경우도 많고 펫은 기간제인데 한정 펫의 일부는 기간 연장하려면 일반 펫과는 다를 더 비싼 연장제 아이템을 쓰라고 하네요",1
2019-03-08T15:50:28-07:00,자꾸 튕겨요...ㅠㅜ,"별 다섯개 써야 보일듯해서 씁니다
아이폰 6쓰는데 들어가서 조금 플레이 하먄 자꾸 튕기네요
좀 고쳐주세요...
게임은 재밌게 플레이하는데 이점때문에 많이 불편합니다.. 최대한 빠른시일에 고쳐주시길 바랍니다..!",5
2019-03-08T15:28:36-07:00,튕기는 것 좀 고쳐주세여,"삼성으로 해도 튕기고 아이폰으로 해도 튕기고 
너무 재밌을 것 같은데 계속 튕겨서 너무 힘듭니다 ㅠ",3
2019-03-08T00:23:56-07:00,ㅎㅇ여,잼슴,5
2019-03-07T03:57:00-07:00,재밌네,초딩겜이라고 생각했는데 생각보다 잼난다,5
2019-03-07T03:56:34-07:00,ㅎㅎㅎㅎㄷㄴㅋ,ㅎㅎㅎㅎㅎㅎㅎㅎ,5
2019-03-06T02:03:07-07:00,뭐하잔거져,삭제햇다가 다시깔앗는데 계정연동햇는데도 왜 캐릭터가없고 생성해도안만들어지고 캐릭터는 생성하는데로생기고 화면에는 아무것도없고 하면 뭐 어쩌라는겁니까,1
2019-03-06T00:10:43-07:00,저 왜 캐릭터가 없어졌죠,오랜만에 업데이트 하고 접속했는데 캐릭터가 없어졌어여 어떻게 복구하나여,5
2019-03-05T23:48:37-07:00,아이폰 6 계속튕김,"아이폰 6도 하게 해주세요.
램 사용량이 너무 많은건지 계속 튕기네요.
정말하고 싶은데 포켓메이플스토리때가 더 나았던 듯 하네요. (일부로 성급하게 섭종한건가요?)",1
2019-03-05T21:09:27-07:00,.,Zzz,5
2019-03-05T18:10:36-07:00,굿,굿,5
2019-03-05T05:48:21-07:00,너무 재미집니다 어서 다운 궈,너무 재미집니다 퀄리티가 아주 오지고 지려요,5
2019-03-04T23:25:19-07:00,자꾸 끊긴다는 사람들,"보면 거의 아이폰6인데 언제적 꺼냐
옛날 폰인데 잘 안 돌아가는 게 당연하지 
본인 폰을 바꾸세요",5
2019-03-04T11:04:00-07:00,강제종료? 튕김? 아이폰6문제,뭐만할라하면 튕기는데 혹시나 계정연동안해서그런건줄알고 계정연동도해봣는데 튕기고 아이폰에 게임센터에서 로그인하라떠서 그거안해서 튕기는줄알고 로그인도했는데 튕겨요 게임은 드가지는데 게임안에서 뭐만할라하면 튕겨요 이거 문제 좀 빨리고쳐주세요 친구랑할려고깔았는데 공격하면 튕겨서 렙업도 못시키고 엄청 불쾌할정도로 불편하네요 빨리 개선햇으면합니다,1
2019-03-04T07:42:10-07:00,다운로드 진짜  느려요,"내가 바다에 불 붙여보겠다고 지랄해서 
결국 불날때까지도 저건 다운로드 안끝났을거에요 
진짜;;",1
2019-03-03T13:22:21-07:00,구매내역 삭제해주세요,부탁드림,1
2019-03-03T07:47:08-07:00,ㅋ,계정연동이 안됨 빌어먹을 넥슨에서는 로그인하라고 하는데 로그인 하고 아이디를 만들어봐도 없다하고 네이버 페북등 모두 연동안된다고 고겍센터에 연락하라고함 꼭 안해도 되지만 먼가 정말 기분나쁨 아이디를 만들고 로그인을 수백번해도 안되는건 문제가 잇는거 아니냐 분발하자 게임하다가도 한번씩 자동퀘스트 터치해도 되지도 않고 끊키고 참고로 아이폰x다,1
2019-03-02T22:42:12-07:00,굿,굿굿,5
2019-03-02T02:33:05-07:00,이 게임도 할만한데....,"이렇게 리뷰를 써도 답장을 주시지 않겠지만, 일단 이렇게 리뷰를 남깁니다.
저는 메이플스토리를 즐겨하던 유저였습니다. 근데 정말 오랜만에 메이플스토리를 다시 깔아서 플레이 하려니까 메이플스토리엠이 있더라고요. 그래서 일 단 깔아서 해봤는데 할 만은 하더라고요. 근데 원래 메이플스토리(메이플스토리m아님)의 매력이나 느낌이 좀 사라졌더라고요. 이 점을 고쳐달라는 것은 아닙니다. 전 원래 메이플스토리를 왜 없애고 이 게임을 만들었는지 궁금해서 리뷰를 남깁니다. 원래의 메이플스토리를 하고 싶습니다.",4
2019-03-02T01:32:29-07:00,캐릭터가 없어졌네요,"작년 11월 까지 하다가 오늘 오랜만에
들어왔는데 캐릭터가 다 사라져있네요 왜그런거죠? 얼른 하루빨리 복구좀 해주셨으면 좋겠습니다 현질도 했던거라...",2
2019-03-01T10:05:43-07:00,겜은 잘하고있었는데,"이제 캐릭터 들어가려고하면 화면이 그대로 멈추네요
다른 핸드폰으로 제 계정들어가면 들어는가지는데..ㅎㅎ
정작 제 폰으로는 게임을 할 수 없으니 그냥 접어야겠습니다ㅜ",3
2019-03-01T03:13:51-07:00,아이폰 강제종료 현상 언제 고쳐주시나요?,여러 리뷰들을 보니 아이폰은 강제종료 흔히 팅긴다고 하는데 언제쯤 고쳐지나요? 동기화가 덜 된거면 빨리좀요..,1
2019-02-28T21:30:20-07:00,캐릭터가 다없어짐,유료결제도 했었는데 게임삭제하고 다시까니  캐릭터 두개가 다없어졌습니다 조치 취해주세요,1
2019-02-28T21:11:53-07:00,아앙,ㅏ이오고다ㅡ려아,5
2019-02-28T18:05:10-07:00,다좋은데,"다좋은데 계속해서 튕기고 보스전에서 튕겨서 보스전 장소에 갇혔어요 좀 꺼내주세요 
닉네임은 청주시토박이2 에요",3
2019-02-28T17:38:02-07:00,ㅇㅇ,ㅇㅇ,5
2019-02-28T17:27:05-07:00,강제튕김,강제튕김현상좀 막아주세요 아이폰6사용자인데 불편합니다 그리고 다른 아이폰 사용자도 강제튕김현상이 일어나더군요 근데 강제튕김현상이 몇분게임하다가 갑자기 튕깁니다,5
2019-02-28T16:49:46-07:00,개꿀,개꿀,5
2019-02-27T22:20:05-07:00,아이패드 업뎃이 왜안되냔말임,ㅡㅡ,1
2019-02-27T04:47:12-07:00,업데이트할때마다 안들어가지냐?,어?,1
2019-02-27T00:31:36-07:00,새로운 캐릭,새로운 캐릭을 원합니다 여러가지 캐릭터를 업데이트를 해주시면 감사하겠습니다!!!!!,5
2019-02-27T00:17:36-07:00,제발,다른건 다̑̈ 좋은데 게임은 할 수 있게해야지 ㄹㅇ 몇분마다̑̈ 계속 튕기면 사람이꙼̈ 게임을 어캐하라는거임 ?̊̈ 더구㉯ rpg게임인데 장난하㉯ 튕기는̆̈ 것좀 어떻게 해보세요;; 튕겨서 게임을 할 수가̌̈ 없어요;,4
2019-02-26T23:17:44-07:00,제 개정 어떻게 하나요,업데이트 되고나니 제개정이 사라졌어요,5
2019-02-26T21:46:38-07:00,5개주고 유저들 보라고 올린글 답변,"아이폰 6,6s 7 그리고 xs max 쓰는데 다 잘되는데??
니폰이 문제야 애플스토어가서 수리해",5
2019-02-26T21:08:34-07:00,오지게 팅기네요,"아이폰 6 사용잔데요 UI 들어가면 팅기고 그래요
아이폰도 좀 최적화를....;",3
2019-02-26T21:03:16-07:00,업데이트했는대 업데트하라하면,뭘 어떻게해야됨? 껏다켜도안되고 업데이트있을때마다 짜증나죽겠네,1
2019-02-26T20:04:32-07:00,ㄴㅇ,ㅇㅇ,5
2019-02-26T19:35:56-07:00,아이폰7 인데 겁나 잘됨~~~~,아이폰 안된다고 그러는데 나는 겁나 잘되는데?!,5
2019-02-26T18:22:28-07:00,다이아 돌려주시고 신규캐릭터 넣어주세요,"다이아 250 개를 사고 모아서 숲에 요정 헤어를 사려고 눌렀는데 그게 아니라 그 옆에 있는 헤어가 됬어요 제발 돌려주세요
다 구식인 캐릭터라서 재미가 없습니다 신규캐릭터도 많은데 왜 하나도 없나요",2
2019-02-26T15:43:47-07:00,센빠이사랑해님;;,"이게임 6은 호환안되여 거진 모든 알피쥐가안되는데;; 그리고 읽다보니 기가차네여,,
아이폰8s도 없는데;;.. 허언리뷰에 첨 리뷰 남겨요;..",4
2019-02-26T12:34:23-07:00,리뷰 남기면,답글들좀 달아라,1
2019-02-26T12:14:03-07:00,보세요 운영자야,"아이폰8 유저에요
 진짜 리뷰 쓰신분들 몇개만 읽어봐도 공감이 한가득입니다
미니던전이나 엘리트든 뭐든 자꾸 렉 걸린 마냥 움직이는건 잘 움직이는데 공격 데미지는 뜨지 않고 몬스터들 사라지지도 않고 타임먼 흐르기도 해요 자주요
이 부분 꼭 확인 부탁하구요
메이플 게임이 제가 초딩때부터 컴퓨터로 시작해서 참 제 나이가 이십대 중반인데도 하고 있고 휴대폰 결제를 하는 게임인데 뭔가 좀 더 색달라지고 노가다게임이라는 타이틀이 없어지게 하는 컨텐츠가 있으면 좋겠네요
결론은 좋은데 애매한게 더 많다는 평입니다
화이팅 좀 합시다
아 맞다 근데 늘 현질만 유도 좀 애지간히 해라 운영자들아 돈 많이 벌었잖냐",5
2019-02-26T02:32:50-07:00,신직업 주시죠,"재밌습니다 방학시즌이나 휴가시즌에 맞춰서 신직업 내놓는거 말고는 상당히 재밌게 즐기고 있지만
한편으로는 구현하는게 어렵지 않을텐데 그냥좀 직업수좀 팍팍 늘려주시지^^ 왜이렇게 아끼나 싶기도 하구요

강화비용, 장난합니까? 2강에 1,000,000메소? 스타포스사냥터 들어가려면 적어도 장비하나당 5강은 필수인데
조정좀 부탁드립니다, 드럅률이 좋은것도 아니면서 캐릭터 유지하기가 너무 힘드네요 100레벨정도 찍으면 더키울 생각을 하기가 힘듭니다

레벨업, 컨텐츠가 부족한건 사실인거 같습니다 뭐 유저들 보면 전부 자사 박아놓고 가끔 들여다 보는게 전부 플레이보단 육성이 많이 강한느낌이 있네요, 그래도 데비존이나 보스들 잡으면서 간간히 재미보기는 하는데 그것도 10분정도

신직업이나 주세요",3
2019-02-25T20:58:37-07:00,굳,굳,5
2019-02-25T15:14:59-07:00,스으읍하아아,이게임은 아이폰이랑 인연이아니네요 ㅠㅠ,3
2019-02-25T00:20:44-07:00,👍,👍,5
2019-02-24T23:33:03-07:00,지금까지 몇달동안 열심히 캐릭터 5-6개는 키웠는데 삭제됬어요,"방금까지도 메이플 이용중이던 사람인데 갑자기
연결이 안된다고 하면서 튕기더니
계정이 다삭제됬습니다 어떻게 된건지 빨리 처리해주세요
아 욕나오네요 다시 들어가봐도 새캐릭터만들라고 하고
혹시나해서 기존 캐릭터 아이디로 만들어보려니
기존에있는아이디라고 나오고 왜이러는거죠?
캐릭터를 5개정도키워왔는데 뭡니까이게??",5
2019-02-24T08:22:54-07:00,z,zzzzz,5
2019-02-24T07:02:06-07:00,재밌어요,유니온땜에 해요,5
2019-02-24T05:23:38-07:00,거래소 구매 횟수 제한좀 없애주세요,"다좋은대 구매횟수 제한이 너무 거슬려요
풀어주시면 좋을거 같아요!! 
다른거는 정말 최고에요",4
2019-02-23T19:10:23-07:00,팅김 현상,게임중에 팅김현상 오류좀 고쳐주세요 제발,1
2019-02-23T12:20:36-07:00,재밌어요 !,PC랑 차이는 많이 없지만 가끔 제멋대로 방향키가 눌림ㅠ 그리고 게임 잘 하다가 팅겨서 강제종료됨.. 그런 이유 말고는 괜찮아요ㅎㅎ 예전이랑 많이 바꼈지만 엄청 재밌네요,5
2019-02-23T09:25:07-07:00,아이폰 유저에요,"제발 최적화좀 잘해주세요 요즘나온 게임들도 
최적화가 잘되어있는데 유독 넥슨 게임들만 최적화가 잘안되어있는것같아요 그리고 제발 팅기는것도 좀 고쳐주세요",5
2019-02-23T05:25:01-07:00,야이 썅년아,파괴 ㅈ만겜,1
2019-02-22T18:45:05-07:00,시발 어이없네,"왜이리 튕기냐 업데이트 다시해
아니 불편해서 게임을 못 하잖아!! ㅡㅡ 시발거",1
2019-02-21T17:38:00-07:00,관계자님 제발 이거 좀 고쳐주세요,게임도 좋고 재미 있는데 다른 캐릭터를 키우고 있는데 캐릭터가 자동으로 HP와 MP을 채우지 않아요 메가 버닝 한 캐릭은 잘 채우는데 어떻게 해야 하나요,5
2019-02-21T15:08:45-07:00,계정,"제가 아이폰7을 썼을때 메이플스토리m를 했었는데 
계정연동은 안했었고 앱스토어 아이디 같으니깐
폰새로 바꿔도 같은앱스토어 아이디로 들어가면 계정 그대로 할줄 알았는데 새로 만들어야 되더라고여 이거방법없나요??",5
