date,review_title,review_text,rating
2019-06-10T23:19:35-07:00,탈퇴 안됩니다.,"계정 탈퇴하고 싶은데 탈퇴 안된다고합니다.
탈퇴 방법 안내 해달라고 하니 새계정 만들라고 합니다.
나는 탈퇴를 원한다는데 엉뚱한 소리만 하네요..
탈퇴 하고 싶다고!!!!!",1
2019-06-08T04:49:18-07:00,꿀잼,"코스튬, 던전, 사냥 다 재밌어요",5
2019-06-05T04:37:28-07:00,굿,겜,5
2019-06-04T08:42:22-07:00,운영자님 버그좀 제발 ㅜㅜㅜ,다른 이벤트 중이라고 파티참여하는 컨텐츠 자체가 안되요 ㅜㅜㅜㅜㅜㅜ제발 좀 고쳐주세요 ㅜㅜㅜ,5
2019-06-01T06:04:42-07:00,와우,제밌음,5
2019-05-31T01:47:57-07:00,진짜 개꿀잼 인생겜 찾았음,대박임,5
2019-05-30T17:40:05-07:00,아직 곳곳에 중국어 나오는곳이 잇네요,이부준 개선해주셧으면 좋겟습니다 ㅎ,4
2019-05-29T03:35:15-07:00,잼,잼,5
2019-05-27T18:42:40-07:00,오랜만에 재미있게 하는 rpg입니다!,몬길 이후로 재미있게 하는게임이없다가 오랜만에 찾은거같아요!!,5
2019-05-26T10:07:38-07:00,던전스트라이커?,섭종된 PC게임 던전스트라이커를 차라리 모바일로 똑같이 가져오시는게 더 좋을 것 같습니다.,5
2019-05-26T02:49:21-07:00,업뎃 없나요?,잼있게 하는데 중국서버처럼 신규직업 한국은 업뎃 없나요?,4
2019-05-26T01:00:42-07:00,다운로드를 데이터로는 못하나요??,다운로드를 데이터로는 못하나요??,5
2019-05-24T08:28:25-07:00,버그,겜 잘하는중에 자꾸 이벤트 참여중이라고 퀘스트 안되는거 왜그런거에요?,3
2019-05-24T04:03:24-07:00,전형적 먹튀 게임 회사,"맨트라 뉴스 참조하세요
돈 지르지말고 걍 무과금으로 편하게 즐겨요
먹튀회사라고 뉴스까지 뜸",1
2019-05-23T05:22:57-07:00,저자저줘저,ㅗ조저쟈저자ㅏ잦,5
2019-05-21T23:13:01-07:00,왜갑자기 로컬로딩중에서...,접속하려하니까 로컬로딩에서 하루쟁일안들어가지네요....왜이러는거죠??,1
2019-05-20T08:54:55-07:00,다이아를 구매했는데,다이아는 왜 안들어오고 돈만더빠져나가는거죠?,5
2019-05-20T05:19:22-07:00,코어,물품이나 코어나 판매할때설명좀 있음 좋겠어요,4
2019-05-19T17:32:11-07:00,아이폰7 소리,"아이폰 7에서 소리가 안나요.
이어폰을 연결해야 납니다.ㅠㅠ
해결 방법좀. . . . .",5
2019-05-18T04:50:28-07:00,재밌어요,굿굿 ㅠㅠㅠ,5
2019-05-17T06:44:45-07:00,깔리는데만 1시간,까리는데 1시간 어떤 촌은 들어가면 틩김,1
2019-05-17T04:52:39-07:00,굿,굿ㄱ ㅅ굿,5
2019-05-15T04:31:57-07:00,굿이요,굿이에용,5
2019-05-14T20:11:56-07:00,좋아요,재미잇네요ㅋㅋ,5
2019-05-12T20:49:30-07:00,게임은 재밌는데 버그가ㅠ,캐릭터를 다시 만들어서 기존에 있던 캐릭터를 삭제할려니 삭제가 안되네요ㅠㅠ 껏다 켜도 안되고..캐릭터도 너무 귀엽고 게임은 재미있습니다!,4
2019-05-12T04:14:27-07:00,재미,있어요,5
2019-05-11T04:42:33-07:00,벨런스 똥 망겜 ㅋㅋㅋㅋ,65렙 까지 해본 결과 캐릭귀여운거 외엔 똥 망겜,5
2019-05-11T04:37:00-07:00,무과금 재미져요,그냥 할뿐인데 할만하네여,5
2019-05-09T21:38:15-07:00,할만함 ㅇ ㅇ,솔플한다 생각하면 돈안쓰고 할만함 코스튬 옵션 달려있고 나오는것도 랜덤이리 코튬은 돈 많이 잡아 먹을듯,5
2019-05-09T08:18:40-07:00,캐릭이름 삭제하고 언제다시 만들어지나요??,외형이 맘에안들어서 삭제햇다 다시만들려니깐 안되는데 그이름 쓸려면 얼마나 기다려야되나요,2
2019-05-09T06:31:50-07:00,직업 추가,"다 좋은데 직업이 좀 더 있었으면 좋겠어요..
추후에 업데이트 가능성 있나요?",5
2019-05-09T05:53:58-07:00,계정 삭제 복구 되나여??,ㅠ....,5
2019-05-08T08:24:49-07:00,아기자기하고 재미있네요 ㅋㅋ,만족 합니다 ㅋ,5
2019-05-08T04:08:46-07:00,재밋게 하고잇어여,ㅋㅋ,5
2019-05-07T20:42:14-07:00,귀여워서 5점임,검은x막 트x하에는 없는 커여움으로 5점 먹고들어감,5
2019-05-07T02:05:45-07:00,기력물약,기력물약이 에너지가 부족할때 먹는건데 체력이만땅일때는 기력물약이 안먹어지네요 힐을해야하는데 에너지가없어서 먹으려고해도 체력이만피면 안먹어지니 기력물약이 진짜필요할땐 있으나마나네요 이런 자잘한버그아닌버그같은건 수정이필요할듯합니다 차라리 기력물약이 체력하고 같이 체우게 만들어져 있어서그런듯하니 그냥 에너지만 채울수있게끔 하면 될듯합니다 수정부탁드려요,4
2019-05-06T23:11:53-07:00,굿,굿,5
2019-05-06T08:24:51-07:00,다른이벤트 진행중이라고 컨텐츠가 다안되여ㅡㅡ,캐릭터 버그걸린거같은데 풀어주세여,1
2019-05-04T20:44:32-07:00,아이패드 활성화 좀,맨날 튕겨서 게임을 할 수가 없네요,3
2019-05-02T21:36:23-07:00,엄청 팅기네요,"수시로 클라이언트 강제 종료
개발자들은 고칠 생각이 있긴 한가요?",1
2019-05-02T21:32:13-07:00,추가 개선 사항,"게임 너무 잘 하고있습니다.
그런데 한가지 아쉬운점이 있어 리뷰남깁니다.

채팅창에 차단기능이 있으면 좋겠습니다.
광고글이 너무 많이 올라와서 신고기능도 있으면 좋겠습니다!!!",5
2019-05-01T06:04:37-07:00,재밋네요,😁재밌어요,5
2019-05-01T05:43:50-07:00,굳,굳,5
2019-05-01T04:43:28-07:00,아이폰은 다운안되나요?,아이패드로 다운 받아 하고싶은데 다운이 안돼요 ㅜㅜㅜ,1
2019-04-30T01:37:54-07:00,정말 나한테 딱 맞는게임!!!!,"캐릭터 귀엽고~~~
모바일게임치고 컨탠츠도 많고!!!
정말 재밋게 하고잇습니다...

근데 한가지 아쉬운게 하루 경험치를 다 쓰고나니 뭘 할게 없군요....몇시간만에 다 쓰고 나니 그냥 켜놓기도 뭐하고...;;",5
2019-04-29T21:34:28-07:00,운영자님 운명기능이 버그가 생겻어요 ㅠㅠ답변 꼭 부탁 드립니다,"제가 카페에 글2번 올리고 고객문의에도 여러번 문의 드렷는데 누구도 답장이나 처리를 안해줘서 여기에다까지 문의 올리네요 ㅠㅠ
운명분이랑 1주일 끝나고 다시 서로 신청을 햇는데 운명이 될수 없습니다 라는 문구가 계속 뜨고 잇어요ㅠㅠ 운명 분이랑 2일째 운명미션 날리고 잇어요 아아아 사탕 100이상이나 날려어요 ㅠㅠㅠ 보상은 바라자 않고 빠른 확인이나 답장 처리 부탁드립니다 고생하는 운영자님  그리고 소셜 운명창에 신청을 동의 해도 운명이 될수없다는 문구가 뜨구요 바로3초뒤에 신청이  또 뜨는 버그도 잇어요 저랑 운명분 둘다요 ㅠㅠ
                                        5섭:초아좋아요
                                        운명:청아냥냥
빠르 처리 부탁 드립니다 ㅠㅠㅠㅠ감사함니다",5
2019-04-29T02:56:30-07:00,ㅇㅇ,국,5
2019-04-28T23:44:02-07:00,오랜만에 할만한 게임을 만났네요,"케릭터도 귀엽고 컨텐츠도 좋네요
일단 던전에서 직업별 역할이 중요한 점이 좋네요
일일퀘스트나 토벌 자동사냥 다 좋습니다

그러나,코스튬 뽑기나 탈것뽑기 확율은 좀 너무하네요..저는 외형 꾸미는 것을 좋아하는데요~ 뭐 나오는 맛이 있어야 현질도 하죠?
그리고 거래소 기능이 활성화 되었으면 합니다
거래소에서 코어나 스킬북을 구한 기억이없네요?

조금더 신경써주신다면 좋은 게임이 될것 같습니다
운영자님 화이팅입니다~^^",5
2019-04-28T23:17:36-07:00,너무 귀엽고재밌어서..,"너무 취향저격당해버려서 네캐릭터 다키우고싶은 
욕심을 부리자마 접속이 안돼 너무 슬퍼지고있어요..... 제발...되게해주세요😥너무재밌는걸요..👏🏻",5
2019-04-28T07:11:27-07:00,재미짐,귀엽고 재미짐,5
2019-04-20T05:59:48-07:00,맨트라 최고!!!,진짜 이렇게 재미있는 게임 10년만인 것 같아요 ㅠㅠㅠ귀엽도 꿀잼에 퀘스트도 빨라서 좋아요!!!,5
2019-04-20T05:14:42-07:00,재미나요 ㅎ,캐릭도 아기자기하구!! 재미나네요 ㅎ 간만에 잼난 겜 찾앗어요 ㅎㅎ,5
2019-04-20T04:55:28-07:00,인생게임 입니다.,"컨텐츠도 많고 캐릭도 아기자기 해서 좋습니다~
추천!",5
2019-04-20T02:42:33-07:00,재밌음,아기자기한게 재밌어요 캐릭터도 귀엽고,5
2019-04-20T00:41:44-07:00,ㅎㅎ,캐릭터도 너뮤귀엽고 밸런스도 은근 잘맞는거같아 재밌습니다 힘내십쇼 !!,5
2019-04-20T00:40:49-07:00,게임 구성도 좋고 컨텐츠도 많아서 좋습니다!!,ㅎㅎ,5
2019-04-20T00:04:52-07:00,재밌긴 합니다,재밌긴 하네요!,5
2019-04-19T22:48:22-07:00,듀랑고 이후 꿀잼이에요,"너무 재밌어요! 친구들 마구 추천해서 같이하는데
시간가는줄 모르겠네요 ㅎㅎ

2서버 달빛파도 - 아ㅇl !!",5
2019-04-19T22:36:51-07:00,굿,재미있어요,5
2019-04-19T22:35:12-07:00,올만에 갓 혜자겜,오래도록 하고싶습니다 크,5
2019-04-19T21:14:46-07:00,너무재미있어요,인생겜이네,5
2019-04-19T20:40:41-07:00,재밌게,잘하고있습니다 화이팅,5
2019-04-19T19:26:58-07:00,옛날 던스 생각나는 게임이네요,무튼 할만함,5
2019-04-19T19:14:45-07:00,정주행중 ㅎ,잼있어요 ㅋㅋㅋ,5
2019-04-19T19:13:07-07:00,아기자기,아기자기하고 재밌어요,5
2019-04-19T16:38:13-07:00,생각보다 더 재밋어여,"생각보다 재밋고 개임 자체가 자동으로 하기 편합니다

저는 우디youtube 입니다",5
2019-04-19T16:01:37-07:00,rpg를 이렇게 오래하기는 처음...,모바일 게임은 게임같다는 느낌이 안들어서 꺼려했는데 아기자기함이나 최적화같은게 말그대로 힐링의 느낌이네요,5
2019-04-19T15:47:29-07:00,낚시채집,낚시채집 자동이 나오면 좋겠네여 ~ 그걸 빼면 굳입니다~,5
2019-04-19T15:17:23-07:00,재밌어요,"재밌어서 계속 하게돼요ㅋㅋㅋ
시작한지 이제 삼일짼데 컨텐츠가 많아서 질리지 않아요",5
2019-04-19T14:39:37-07:00,~~~,6섭으로 하고있는데 캐릭터도 귀엽고 재미있는데 중국 게임이라 그런지 오타들이 많아서 아쉽네요ㅠㅠ,5
2019-04-19T13:44:57-07:00,맨트라,꿀잼이에요 오랜만에 핸드폰잡도 게임만 하는중!,5
2019-04-19T13:10:09-07:00,인생게임이다,인생게임이다 Rpg게임안하는데 이거는꽤재미있다,5
2019-04-19T12:18:30-07:00,아기자기하고 재미있는게임이네용~,아기자기하고 재미있어서 게임하고있습니다~,5
2019-04-19T10:48:53-07:00,맨트라 그리 쉽지 않아 재밌어요,"아직 적응하는 단계지만쉬운 게임이 아니라 맘에 드네요 ㅎㅎ 
조금 생각은 하면서하는 게임이라 시시하지 않아요~",5
2019-04-19T09:42:38-07:00,잼나요,꾸르잼 ㅇㅇ,5
2019-04-19T08:49:03-07:00,재밌어요,"재밌고, 아기자기하니 귀여운맛에 하고있습니다
매일매일 못해도 이전 보상들을 받을 수 있어서 좋아요
자동전투도 적절하구요
유저가 빠져나가지 않았으면 좋겠어요",5
2019-04-19T08:24:20-07:00,이제 시작,여명해안 1섭 구나인,5
2019-04-19T08:23:16-07:00,굳,귀엽고 재밌어요,5
2019-04-19T07:17:39-07:00,오픈된 월드와 아기자기한 케릭이 굿,"좋은 컨텐츠는 가득 있는것 같습니다
과금도 많이 필요하지 않으며 오픈된 월드로 유저간 소통이나 게임시 파티도 잘 이루어 지고 있고 케릭터 또한 아주 귀엽고 아기자기 하며 스킬부분이 아직 많이 없는게 아쉬운 부분이지만 점점 나아질거라 봊ㄴ다 아주 재미 있네요",5
2019-04-19T07:06:22-07:00,아기자기한 느림의 미학,그래픽과 아기자기한 캐릭터들 그리고 나쁘지읺은 타격감 까지~~ 수작입니다 홍보만 좀 더 많이됬으면~~~~!,5
2019-04-19T06:43:13-07:00,정말 재미있어요!,"아기자기한 캐릭터하며 타격감과 사양하는것도 재미있고
하루종일 해도 지루하지 않아요!!",5
2019-04-19T03:24:32-07:00,7서버 일삼,재밌어요 아주구냥,5
2019-04-19T02:49:42-07:00,생각보다,재밌네요 아이템구성이 신박하고 다른 게임과는 차별화가 많이된게임같아요 재밌게 잘겨볼게요,5
2019-04-19T02:49:36-07:00,개잼,졸잼 !! 진짜 개귀엽,5
2019-04-19T02:47:42-07:00,재밌다!,"이번에 오픈한... 트..... 읍읍
보다 나는 훨씬더 낫다고 본다.",5
2019-04-19T02:40:48-07:00,재미있어요,굳굳,5
2019-04-19T00:48:45-07:00,개꿀잼,개꿀잼,5
2019-04-19T00:29:40-07:00,1서버 정시훈 친구구합니다,너무 재밌어요!,5
2019-04-19T00:27:25-07:00,맨트라 중국게임 흥행작?,"우선 54렙 까지 키워본 모바일 게임 95%정도
다 건드려본자로써.. 예전 영웅서기 같은
잘짜여진 게임 진짜 잘만들어진 게임이라 생각든다
문제는 번역과 보상품들이 좀.. 그렇지만
전체적으로 만점인 최신게이중 쵝오!!",5
2019-04-19T00:27:12-07:00,내일이면 7일차에 50 찍는 뉴비입니다~,동생이 누나가 좋아할거 같다면서 찾아줘서 같이 시작했는데 캐릭터가 일단 너무 귀엽습니다 ㅎㅎㅎ 물론 퀘스트 포기 기능이나 친구가 오프일 때도 연락할 수 있는 기능이 추가되면 더 좋겠지만 맵 이동도 편하고 그 밖에 즐길 수 있는 콘텐츠가 정말 많아서 재밌게 하고 있습니다!! 맨트라 운영진 개발자분들 감사해요~,5
2019-04-19T00:01:57-07:00,아기자기하고 재밌어요,기능같은거 찾는 부분이 조금 헷갈리긴 하는데 게임은  재밌는 것 같아요!,5
2019-04-18T23:25:33-07:00,게임이 자꾸 꺼짐,아이폰 5s인데 게임이 팅겨요. 갑자기 게임이 꺼지내요. 게임문제거 아니라 폰문제 겠죠.;; 게임은 재밌네요.,3
2019-04-18T21:51:15-07:00,존재,이게임인생게임이다!,5
2019-04-18T21:48:46-07:00,다 좋아여,"다 좋은데 ㅠㅠ 파티제목 변경으로 구한다던지
트라이 하고싶은데 구하는것도 제한이구
채팅창도 구별 좀 쉬웠으면 해요ㅠㅠ.. 너무 정신없음
그리고 계속 빨간불이 떠있어서 다 체크했는데
신경쓰이는데 왜그런가요 ;ㅎ
겜은 너무 재밌구 해여~~~~~",5
2019-04-18T20:47:14-07:00,할게많아서 좋아요,재밌게하고있음!!,5
2019-04-18T20:42:45-07:00,재미있습니다,지금 4일째 플레이중!,5
2019-04-18T19:52:22-07:00,재밌네요,진짜 킬링타임용으로 생각하고 들어왔는데 보조직업 같은 방대한 컨텐츠에 놀랐습니다 할만해요,5
2019-04-18T19:17:47-07:00,재밋슴,ㅎㅎ,5
2019-04-18T19:13:18-07:00,너무 아기자기하고 귀여운 게임,"매번 노출이 심한 게임만 많아 아쉬웠는데
귀여운 캐릭터와 몬스터들을 만나볼 수 있어
기분이 좋은 게임입니다 :D
게임도 재미있고 좋네요 ㅎㅎ 화이팅",5
2019-04-18T19:08:18-07:00,지금까지 이런 게임은 없었다.,"지금까지 이런게임은 없었다.
이건은 그냥 게임이 아닌 인생게임이다.",5
2019-04-18T18:25:51-07:00,너무 재밌어요,예전에 했던 게임과 너무 비슷해서 재밌네요 최고,5
2019-04-18T18:01:23-07:00,진짜 시간가는줄 모르고 합니다,"비교하긴 그렇지만 모바일 로아라고 할까나
캐릭터도 귀여워서 메이플같고 재밌고 신선하고 또 할게 많아서 금방 안질리고 재미납니다 ㅎㅎ",5
2019-04-18T17:27:05-07:00,꽤 재밌음,"그냥 그저 그러려니 하고 키우고 있는데 
생각 보다 재밌어서 놀라는중이에요 ㅎ

서버: 대산림
닉: 장문",5
2019-04-18T16:54:06-07:00,생각보다 꾸르잼잼잼,별다른 과금없이도 충분히 즐길수있어서 좋아요!,5
2019-04-18T14:13:00-07:00,취향저격,오래가길 흥하길!,5
2019-04-18T13:32:32-07:00,구매내역삭제해주세요,구매내역삭제해주세요,1
2019-04-18T07:59:10-07:00,아기자기 귀엽,의상이나 무기에 대한 자율도가 높아서 너무 좋네요,5
2019-04-18T07:44:11-07:00,재미있어요,아기자기한 캐릭터에 다양한 컨텐츠 추천드립니다,5
2019-04-18T07:24:34-07:00,재밋어용,꿀잼,5
2019-04-18T07:05:23-07:00,아기자기해용,아기자기해용  1섭 똧,5
2019-04-18T06:19:22-07:00,굉장히 신선하고 재밌네요!!,계속 즐기겠습니다!,5
2019-04-18T05:29:32-07:00,유저가 나 한명 있어도 계속 할 게임,"여러 모바일 게임을 해봤지만 이거 만큼 만족도 높은 게임은 없었던거 같아요
번역 문제야 점점 해결 될거고 중섭 처럼 이벤트만 팍팍 해주신다면 더할 나위 없을거 같습니다. 유저가 줄어도 계속 운영해주세요!
1서버 증오",5
2019-04-18T04:59:26-07:00,맨트라 너무 재밌어요 ㅎㅎㅎ,"오랜만에 오랫동안 할만한 게임 찾았네요~^^
재밌어요!",5
2019-04-18T04:04:10-07:00,최고의 힐링판타지,"과격하지 않고, 자극적이지 않으며 소소하게 즐길수있는 컨텐츠가 많은 게임!",5
2019-04-18T03:47:52-07:00,생각보다...,재밌습니다! 모바일 Rpg 라이프 모두 즐겨요 ㅎㅎ,5
2019-04-18T03:38:50-07:00,아기자기 꿀잼,"2일차 뉴비입니다
이거저거 알아보며 하는 중입니다
어려운 점도 많지만
재밌네요 캐릭들도 아기자기 하고 
가시뿔서버 계란송송 격하게 아껴 주십쇼",5
2019-04-18T02:42:02-07:00,오랜만에 재밌게한 게임!!!,하루종일 이것만 해요 ㅋㅋㅋ 이거만큼 이런 게임류 중에서 자율성과 자동시스템이 적절하게 섞인 건 못본듯!! 캐릭터도 귀엽고 스킬이나 다른거 커스텀도 할게 많아서 좋네용,5
2019-04-17T23:32:19-07:00,생각보다재밌어요,아기자기하고 재밌는듯!,5
2019-04-17T23:07:44-07:00,재밌습니다,할게 많아서 좋음,5
2019-04-17T22:37:32-07:00,이것저것 즐길게 많아서 좋아요!,그래픽도 아기자기하고 컨텐츠가 풍부해서 좋네요!,5
2019-04-17T20:07:03-07:00,아기자기 귀여워요,"원래 게임을 잘 안하는데
캐릭터도 넘 귀엽고 아기자기해서 재밌네요^^
완전 내 취향",5
2019-04-17T19:32:33-07:00,괜찮음,"요새 나오는 게임들 다 비슷비슷하지만 
그럭저럭 할만함",5
2019-04-17T18:55:18-07:00,잼나요,귀욥. ㅎㅎㅎㅎㅎㅎ,5
2019-04-17T18:22:00-07:00,[s1 여명해안] 힝흥,자동이 아니라 좋음,5
2019-04-17T18:04:16-07:00,재밌어!!!!,일에 집중이 안되고 ... 너무 재밌구... 거의 중독수준... 어제 친구랑 7시간 디코하면서 맨트라게임함...ㅋㅎ...,5
2019-04-17T17:57:00-07:00,정말 재미있네요,왠만하면 리뷰 잘 안쓰는데 처음에 워낙 할게임이없어서 해볼까 하고 시작했는데 요즘 나오는 화려한 그래픽에 현금유도 심한게임 조금 하다가 질리고 근데 지금 이게임은 현금유도가 거의 없고 굳이 과금을 하지않아도 정말 재미있게 즐길수 있습니다. 다만 조금 아쉬운건 각종 버그와 렉 그리고 섬세한 관리가 좀 필요한듯 싶습니다. 운영진분들의 깊고 많은 관심과 홍보가 필요할것같습니다!,5
2019-04-17T13:11:37-07:00,굿,굿,5
2019-04-17T10:14:47-07:00,좋아용,좋아용,5
2019-04-17T08:33:00-07:00,아기자기하고 귀엽고 재미나요 ^^,"오랫만에 할만한겜 찾은것같아 좋네요!
1서버 로벤 입니다~~",5
2019-04-17T07:38:35-07:00,리뷰,게임 재미있습니다,5
2019-04-17T07:27:55-07:00,처음에는,"처음에는 일반 중국 양산형 게임인줄 알았는데
처음 튜토리얼이 끝나고 템맞추기 시작하는 부분부터
조합 맞춰 들어가야하는 던전, 좋은 템을 얻기위해서 가는 것은 절대 자동전투로는 클리어할 수 없으며 박진감 넘치고 클리어 뒤에 느껴지는 쾌감, 거의 없다시피하는 과금유도와 매일 쏟아지는 선물, 고심해서 맞춰야하는 스킬조합, 아기자기하고 귀여운 그래픽, 여러종류의 생활스킬(어부 채집 채광 등), 한 캐릭터로 플레이할 수 있는 상반되는 직업(딜러+힐러/딜러+탱), 수많은 시간대별 파티플레이 이벤트 등등
정말 칭찬을 입이 마르고닳도록 할 수 있는 게임이라는것을 매일매일 더 크게 느끼고 있습니다
단점이 하나 있다면 아무래도 중국게임이다보니 살짝 아쉬운 번역정도 ㅜㅜ? 하지만 게임하는데 큰 지장은 없어요
여러분 메뉴에 과금유도버튼만 있는거고 게임은 충분히 과금없이도 즐길 수 있게 되어있어요!!
정신차리고보니 모든 직업을 돌려가며 키운지 벌써 4일째네요. 
튜토리얼 부분만 플레이하다가 일반 중국 양산게임느낌에 접는 분들이 많은 것 같아 안타까운 마음에 몇 자 적어봅니다. 참고로 저는 무과금유저이며 절대 리뷰알바 아니에용
같이 게임해요 전챗으로 궁금한거 물어보실 때 제가 접속중이라면 성심성의껏 답해드릴게요
2서버 흥하자 ><~~",5
2019-04-17T07:02:09-07:00,재밌다,49렙 아직까진...,5
2019-04-17T04:49:17-07:00,굿,굿,5
2019-04-17T04:21:24-07:00,ㅎ,ㅎ,5
2019-04-17T01:39:00-07:00,너무재밋어용ㅇㅇ,굳굳굳,5
2019-04-17T01:31:43-07:00,여명해안 1서버 습관 친구구해요,"꾸르잼 입니다 같이 합시다
여명해안 1서버 습관",5
2019-04-17T01:09:50-07:00,영순이,비록 아직 약하지만.. 투력 열심히 올려서 던전도 갈겁니다!!,5
2019-04-17T01:08:30-07:00,굿굿굿,"완전 귀엽구 여자친구랑 즐겁게하고있습니다.
강츄👍🏻",5
2019-04-17T00:44:37-07:00,1서버 시헤,재미잇어요 vip시스템 없는게 제일 마음에 드네요,5
2019-04-17T00:39:43-07:00,정말 신선하고 재밌는게임이네요..,"억지로 하는 컨텐츠가아닌 정말 즐기면서 할 수 있고 부담없는 컨텐츠들이 많습니다~~꾸준히 할거리도 많고 노력만 한다면 금방 강해지기도하고 특히 과금유도가 거의 없다는게 가장큰 장점입니다!! 맨트라 대박 화이팅!!
#5서버-천일홍",5
2019-04-17T00:13:14-07:00,짱 재밌네요 귀염뽀짝,인정,5
2019-04-16T23:52:07-07:00,재밋어용,"케릭터도 깔끔하고 컨텐츠도 다양하고
앞으로 더 많은 직업과 컨텐츠가 업데이트 될것도 생각하면 오래오래 재밋게 할수잇는 게임인거같아요",5
2019-04-16T23:15:43-07:00,버벅 거림 팅김만 좀 고쳐주세요 ㅠㅠ,귀엽고 재밌어요,5
2019-04-16T22:53:10-07:00,이게 어떻게 3위고 평점이 4.8이냐 ㅋㅋㅋ,"그래픽 중옵으로하면 진짜 옛날 중국산 양산형게임느낌
요즘 중국산겜도 이렇게는 안나옴
설마해서 그래픽 최상으로 해서 돌려보니 그래픽은 볼만해지는데 모션 프레임이 플래시게임수준
타격감도 없고
뭣보다 효과음이 뭘로녹음한건지 음질이 너무 구려서 튜토만 잠깐해봤는데도 실망
튜토 끝내고 컨텐츠 즐기고 뭐하고자시고 하기도 전에 게임 품질자체가 너무 낮아서 할 생각이 안듦",2
2019-04-16T22:27:14-07:00,재밋어유,재밋어유,5
2019-04-16T21:22:54-07:00,4섭 수호파파,"재밋어요. 정보가 많이 부족해서 어렵지만, 재밋게 합니다. 4섭 몬스터X헌터 화이팅 !

이미지 안올라가요",5
2019-04-16T19:18:03-07:00,좋아,좋아좋아,5
2019-04-16T17:41:35-07:00,꿀잼,재미잇네여 하하하,5
2019-04-16T16:32:35-07:00,아기자기모험,일단해보자,5
2019-04-16T11:32:01-07:00,진짜 꿀잼인데 홍보좀 잘해서 더 잘됬으면 좋겠네요,수작인데 생각보다 사람작은게 아쉽 ㅜㅜ,5
2019-04-16T11:18:08-07:00,굿입니다.,게임이 신선하네요 ㅇㅎ,5
2019-04-16T08:27:49-07:00,재밌어요,아기자기한 게임 너무 좋아해서 다운 받았더니 ㅋㅋㅋ 넘 귀엽네요 재밌어요,5
2019-04-16T07:34:17-07:00,탈퇴 메뉴를 찾을 수 없습니다.,탈퇴 메뉴를 찾을 수 없습니다.,2
2019-04-16T07:26:27-07:00,재밋음,ㅇㅇ,5
2019-04-16T06:33:31-07:00,맨트라 50렙 찍고 !!,"아기자기하고 탱딜힐 잘 되어 있고
생산 채집.  캐쥬얼하게 재밌게 하고 있습니다.
템 드롭도 잘 되고, 이벤트로 템 몰아줘서
솔직히 과금은 소과금이면 충분할득 합니다.",5
2019-04-16T04:36:58-07:00,ㄴㅎㅎㅎㅎ,ㅎㅎㄹ,5
2019-04-16T04:32:04-07:00,졸잼,졸잼,5
2019-04-16T03:09:03-07:00,재밋어요,아기자기하고 재밋네요 렙업도 쉽구,5
2019-04-16T00:41:42-07:00,갓겜!!,갓겜 인정!!!,5
2019-04-16T00:24:01-07:00,기대가 되는 게임,캐릭터가 아기자기하니 귀엽고 콘텐츠 또한 많아보여서 기대가 되는 게임입니다.,5
2019-04-15T23:29:39-07:00,맨트라 재밌네요,옛날 던스 생각도 나고 재밌게 잘즐기고 있습니다,4
2019-04-15T23:20:37-07:00,이거 왜 돈 청구되요,ㅡㅡ,1
2019-04-15T22:59:52-07:00,굳굳,아기자기하니 잼납니다~~~ 렉은 없어요!,5
2019-04-15T22:41:49-07:00,흡입력 최고,아기자기하며 다양한컨텐츠 등 매력적인게임 고고,5
2019-04-15T22:05:48-07:00,맨트라,아기자기하니 재미집니다,5
2019-04-15T21:01:48-07:00,엄청 귀엽고 재밌네요 ㅋ,"레벨업도 잘되고 전직도 잘 되어있고
귀엽고 재밌어요 ㅋ",5
2019-04-15T20:59:47-07:00,캐릭 넘 귀엽네요,진짜 캐릭 만들때 부터 너무 귀여워서 뭐할지 한참 고민했네요..ㅠㅠ 너무 귀엽게 만드셨어요 운영자님들 ㅠ,5
2019-04-15T20:38:51-07:00,좋아용,열심히 열렙중,5
2019-04-15T19:46:02-07:00,너무 귀엽네여,"제가 아기자기한 게임 좋아하는데, 이건 과금유도도 별로 없고 피로도 다 쓰면 할 수 있는 컨텐츠들도 많아서 재밌네영",5
2019-04-15T19:04:23-07:00,갓겜인듯,재미있네요,5
2019-04-15T18:54:38-07:00,굿,잼이짐,5
2019-04-15T18:16:56-07:00,귀엽고 조작이 쉬워요,캐릭터 귀엽고 조작법도 쉬워서 좋아요 ~,5
2019-04-15T18:03:56-07:00,닥맨하세요,첨엔 캐릭터 귀여워서 좀만하다 질리면 삭제해야지 했는데 시작한지 이틀만에 랩40넘는 캐릭터 두개나 키우고있네요.. 자동사냥게임 안좋아하는 사람인데 이건 자동사냥 돌려놓고 할수있는것도 많고 다양해서 게임이 안질리는거같아요! 꿀잼꿀잼 ㅎㅎㅎ,5
2019-04-15T17:23:08-07:00,귀여움,캐릭터가 귀여워,5
2019-04-15T12:13:49-07:00,댓글알바,"~서버 친구구해요
싹 다 댃긁앐바다
번엯기돌려서 댓긁 지욹까봐 받침붙이고
이거 보라고 평점5점줍니다 ^^",5
2019-04-15T11:32:03-07:00,진짜 갓겜,정말 재미 있습니다 원래 게임 오래 못하는데 이 게임은 오래 할수 있을거 같아요!!!,5
2019-04-15T10:46:32-07:00,최근 해본게임중 가장 혜자,"그냥 케릭터 귀여워서 해봤는데

전직시스템 포함 잘만든 게임같음",5
2019-04-15T10:43:47-07:00,맨트라 굿 졸잼,어여 ㄲ,5
2019-04-15T09:09:44-07:00,타격감 쓰레기내,"야~간만이내 이런 쓰레기 타격감 느껴보내
아니 내가 지금 상대 캐릭터를 때리고있는건지 알수없는 타격감
거기다 타격음도 쓰레기 도데체 게임을 이따구로 만들었는지

캐릭터가 귀여워서 오늘하루 즐겨봤는데 타격감과타격음 수정하지않으면
그냥 삭제할생각",1
2019-04-15T08:42:43-07:00,재밌어용,시작한지 얼마 안됐지만 재밌어용,5
2019-04-15T08:12:16-07:00,재밋습니다,너무 재밋네요 !,5
2019-04-15T07:03:03-07:00,아기자기한 게임이네요,취향 저격 입니다. 스킨도 이쁘고 무기도 커스텀 잘 되서 좋아요 굿굿굿,5
2019-04-15T06:37:45-07:00,역대급 게임,역대급 폰게임 현질유도 없고 게임안에 즐길 컨텐츠도 많고 진짜 오랜만에 급 잼나는 겜 나와서 좋네요,5
2019-04-15T06:06:25-07:00,간만에,재밌는 게임이네요,5
2019-04-15T05:56:36-07:00,넘 재밌어요!!,캐릭터도 귀엽고 존잼 ㅎㅎ,5
2019-04-15T04:03:03-07:00,이런 게임을 기다렸음..,너무 재밌어요..ㅠㅜ,5
2019-04-15T03:44:42-07:00,뭔가.. 드래곤네스트 같은 게임을 기대했는데 ㅠ,"초기단계라 그런지 게임이 굉장히 중국 스러운거 같아요; 드래곤네스트 처첨 파티 플레이로 보스 공략 하고 그런것 처럼 광고가 있길래해봤습니다.
회피기도 없고 전략도 없이 단순노동?으로 평점 올리는 게임이라.. 31렙까지만 해봐야지 하다가 그전에 금방 질렸어요.
캐릭터는 귀여운데 게임성이 ㅠ 아쉽습니다.",1
2019-04-15T03:27:16-07:00,완전 재미짐ㅋ,"과금을 많이 안해도 충분히 할만하고, 아기자기하니 하기 조아요^^",5
2019-04-15T02:35:03-07:00,귀엽,귀엽고 재미있음 취저,5
2019-04-15T02:04:52-07:00,소과금도 가능한게임,엄청난 과금이 필요없어 무난히 플레이 가능하네요 ㅎ,5
2019-04-15T01:07:25-07:00,재밌어영!!,캐릭터가 너무귀여워서 시작했는데 게임할거리도 많고 재밌어서 계속붙잡고있게되네요!!!,5
2019-04-15T00:54:36-07:00,맨트라 같이해여,맨트라같이해요 6섭 대창,5
2019-04-15T00:44:02-07:00,ㄴㄴㄴ,ㄴㄴㄴ,4
2019-04-14T22:44:46-07:00,아기자기 하고 잼있균 !!,스고이데스네 ~ 하하하ㅛ,5
2019-04-14T21:58:06-07:00,재밌어요!ㅎㅎ,오랜만에 즐길만한 게임을 하는 것 같습니다 ㅎㅎ,5
2019-04-14T20:40:41-07:00,자꾸튕겨요,아이폰8입니다 자꾸 클려고 누르면 튕기네요 에러좀 고쳐주세요,1
2019-04-14T20:39:00-07:00,잼저엉,은근 열심히 하게돼여,5
2019-04-14T19:25:44-07:00,중국게임이 다 이런건지는 모르겠는데,전에 ‘대항해의 길’이라고 대항해시대 짭 겜 있었는데 이 맨트라라는 게임이 2년전 나온 이 게임 인터페이스랑 진행방식이 매우 유사함. 최악인 것은 한글화한 폰트들 중 대부분이 무슨 보노보노ppt에 나올 그런 굴림 필체의 폰트를 보여준다는 것이다. 아무튼 지움,2
2019-04-14T18:59:04-07:00,리뷰!!!,캐릭터도 아기자기하고 컨텐츠도 많아서 재미있어요 ㅎㅂ,5
2019-04-14T18:47:39-07:00,처음에 귀엽고 아기자기하길래 해봤는데,"ㅎㅎ시작한지 며칠 안됐지만 캐릭터들이나 분위기 그리고 다른 아이템들도 너무 깜찍하고 귀여워서 너무 좋아용 ㅎㅎ 아직 아쉬운건 제가 꾸미는걸 좋아하는 룩덕이라 코디에 관심이 많은데 아직 상점에 종류가 많지않아 아쉽지만 이점은 추후에 업데이트 되면서 귀여운 코디템들이 많이 추가될거라 기대해용!^^ 
앗 맞다 그리고!!!! 퀘스트 완료시 ""퀘스트완료"" 글씨 그래픽이 살짝 블러 처리가 되는거같이 글씨가 깨지는 현상이있던데 얼른 고쳐주세용 이점 신경써주시기 바랍니다!!!!! 
이렇게 취향에 맞는 좋은 퀄리티의 게임을 하게되서 전 정말 좋습니당 ㅎ 발전해 나가는 맨트라 기대하겠습니다 !!",5
2019-04-14T18:29:48-07:00,재밌어요,존잼,5
2019-04-14T18:27:22-07:00,짱잼 귀엽기도 하고,2019 최고의 게임👏,5
2019-04-14T16:52:50-07:00,굿~,잼나요,4
2019-04-14T16:04:25-07:00,장신구 강화 템 다없어짐;;,들어가 보니까 갑자기 장신구 칸에 강화한거랑 보석 끼운거 보스 장신구 까지 다 사라져있어서 다시 매꿨는데 이거 뭔가요;; 버그같은데 서비스 이렇게 하시면 안되죠... 즐겁게 하고있는데 진빠지네요,5
2019-04-14T13:11:01-07:00,"세련,정련있는 게임은",하지 말자.시간 낭비다.,2
2019-04-14T11:42:20-07:00,맨트라 개꿀잼,"3서버 갓후니
친구 구해요~",5
2019-04-14T11:16:36-07:00,굿,굿,5
2019-04-14T10:54:17-07:00,멘트라 아기자기한게 좋아요,아기자기하고 오랜만에 할만한 게임입니다!,5
2019-04-14T10:49:32-07:00,ㅅㅅ,ㅅㅅ,5
2019-04-14T10:44:35-07:00,재밌는거 같습니다,아직 초반이라 잘 모르겠지만 일단 할만한거 같아요,5
2019-04-14T09:52:41-07:00,잘만든거같은데 게임,"게임이 현질유도도없고 매이플같아서 귀여워서 할맛나네요
게임 방식도 잘만든거같아요
다만 나중에 전직 시스템1-5차 등 있어서 스킬 다양하게만들어주시면 정말 재밌을거같아요 ㅠ레벨올려도 계속 힐이나 공격하는스킬들이 너무 똑같고 평범해서  보는재미가없다해야하나...",5
2019-04-14T09:43:54-07:00,재밌어요. 굳,"재밌어요,,",5
2019-04-14T09:14:54-07:00,굿,"재밌어요
그래픽 아기자기하고
컨텐츠 많고
하루 적당량 즐길수 있네요",5
2019-04-14T08:06:35-07:00,굳,굳,5
2019-04-14T07:47:28-07:00,굿,굿,5
2019-04-14T07:18:53-07:00,아기자기한 캐릭이 넘 귀여워요,중국 양산겜이랑 달라서 좋네요,5
2019-04-14T06:27:30-07:00,ㄱ ㅠㄸㄹㄹ,ㄱ ㅜㄷ,5
2019-04-14T06:08:38-07:00,맨트라,"재밌게하고 있어요 ㅎ

5섭    보쯔",5
2019-04-14T06:05:19-07:00,맨트라,"맨트라 재밌어요 ㅎㅎ

5서버 Hfx",5
2019-04-14T05:44:14-07:00,아기자기 개잼 !!,아기자기. 개잼!!!,5
2019-04-14T05:29:01-07:00,로그인이 안돼요ㅠ,페북 로그인하는데 렉 때문인지 들어갈 수가 없네요ㅠㅠ,1
2019-04-14T05:28:04-07:00,Zzz잼나네요,ㅋㅋㅋㅋ 재미져요,5
2019-04-14T05:26:45-07:00,이제시작합니다,자시작합니다 기대 두근두근 ㅋㅋㅋㅋㅋㅋ,5
2019-04-14T04:40:38-07:00,갓겜,완전 던전스트라이커네여 핵좋음,5
2019-04-14T04:36:39-07:00,굳,"굳
여명서버
버들",5
2019-04-14T04:34:07-07:00,1서버 구찌,재밌네요 ㅎ,5
2019-04-14T04:33:22-07:00,재밌습니다,굿굿,5
2019-04-14T03:19:48-07:00,재밋네용,"평점이주아서
오늘설치하고 게임중인데
편하게키우기좋은게임이에용
케릭터도너무기엽네요",5
2019-04-14T03:03:10-07:00,게임 너무 좋아요!,"1서버 여명해안 
닉:초아쿠",5
2019-04-14T02:39:58-07:00,아기자기하고 재밌습니다!,오랜만에 마음에 드는 게임이 나와서 좋네용!,5
2019-04-14T02:29:48-07:00,재밌어요,재밌습니다,5
2019-04-14T02:11:53-07:00,최근게임중에 그래도 할만,"신규서버가 너무 금방열려서 서버에 사람이 금방 빠지는거 말고는 최근게임중에 그래도 할만하네요
3서버오세요!!",5
2019-04-13T23:40:07-07:00,그래도 이정도면 잘나온듯,과금유도도 없이 이정도면 오래 플레이 할수있을듯,5
2019-04-13T23:32:57-07:00,개꿀잼,시스템도 좋고 레알 개꿀잼,5
2019-04-13T23:26:22-07:00,걍 뻔한 자동겜,그게 편하긴하죠,1
2019-04-13T23:20:42-07:00,👏👏👏,오랜만에 재밌는 게임 찾았네요 ☺️,5
2019-04-13T23:17:29-07:00,재밌어요,경험치 제한이 넘 아쉽네여,5
2019-04-13T23:14:25-07:00,맨트라,아기자기하고 정말 귀여운 게임!,5
2019-04-13T22:59:19-07:00,꿀잼,말이 필요읎드아,5
2019-04-13T21:36:01-07:00,갓겜쓰,캐릭도 아기자기해서 좋고 시스템들이 다양해서 좋내요 ㅋㅋ,5
2019-04-13T21:17:02-07:00,어느 부분에서,재미있어해야 하는 거니?,1
2019-04-13T20:37:18-07:00,게임은 재미있는,그 재미는 41랩까지.,5
2019-04-13T18:42:22-07:00,굿,재미있습니다,5
2019-04-13T18:01:25-07:00,하...,"제작자님들 보라고 별5개 남김
네이버 로그인 한다음에 확인 눌렀더니 다시
로그인창
그래서 게스트로 할려고 했더니
안눌러짐
이게임좀 망했으면 좋겠네 라는 생각도 듬
와이파이가 없는것도아님 빵빵함
아진짜 랙좀 고쳐요",5
2019-04-13T17:50:41-07:00,아기작한게 기대되네요,화이팅,5
2019-04-13T16:47:10-07:00,굿즈~~,아기자기 재미있네요ㅎ,5
2019-04-13T11:43:11-07:00,재밌어요,재밌음. 커여워,5
2019-04-13T10:43:17-07:00,재밌네요,피씨게임 하는 느낌 나네요 ㅎㅎ 잼있음,5
2019-04-13T09:21:43-07:00,굿굿,잼씀,5
2019-04-13T07:55:10-07:00,재밌네요,캐릭도 귀염귀염하고 넘나 재밌어요,5
2019-04-13T07:36:57-07:00,레알 개꿀잼,다른 게임이랑 같아보이지만 뭔가 다른 재미요소를 많이 넣었음 신경 엄청 쓴게 티나 잼써!!,5
2019-04-13T07:10:01-07:00,귀엽고 재미있어요,여명해안1서버 하기다  친추해주세여~,5
2019-04-13T06:30:07-07:00,캐릭이너무이뻐여,아기 자기하고 이쁜데 조금어려운거같아영 ㅎ,5
2019-04-13T06:09:38-07:00,ㅋ,ㅋ,5
2019-04-13T05:39:32-07:00,짱짱짱짱귀여움!!!!!!!!!!!!!,짱귀엽고 스토리도 탄탄🤭,5
2019-04-13T05:24:12-07:00,빨리 시작하자,빨리 시작해야 손해 안본다,5
2019-04-13T04:44:35-07:00,갓겜나왔네요,"컨텐츠가 상당히 많고 지루할일 없고
과굼유도없고
케릭터도 꾸미는맛도잇고

엄청재미잇어요 ㅎㅎㅎ 시간가는줄모르고하네요",5
2019-04-13T04:20:50-07:00,여명해안/ 머리쿵,아기자기한게 귀엽네요^-7,5
2019-04-13T04:07:42-07:00,갸슈발 핵노잼,이딴 겜 만드는 친구들이나 그걸 기획한 사람이나 게임역사 사회에 일도 도움안되는 친구들임,1
2019-04-13T04:00:52-07:00,귀엽고 힐링되는 게임,캐릭터하나하나 귀여움과 힐링되는 커스튬으로 게임을 하는 내내 너무 즐겁네요,5
2019-04-13T02:06:32-07:00,캐릭터 직업이 맘에 들었어요,"맹츼가 맘에드는데 방풰도 있었으면 더 켄지였을텐데
팔라딘 클레스 하 ㅠ",5
2019-04-13T02:01:05-07:00,맨트라 뀰잼,재미잇습니다 할만합니다 ㅎ,5
2019-04-13T01:41:04-07:00,오랜만에 오래할수있는 취향저격 게임을 찾았어요,너무 재미있고 과금을 안해도 강해질수 있는게 너무 좋아요!!,5
2019-04-13T01:13:59-07:00,아기자기해서 좋아용😍,"RPG게임 형식에 아기자기한 게임을 원했는데 얼추 비슷하고 귀여운 점이 정말 맘에드네욥💕

서버 : S4
닉 : 얏",5
2019-04-13T01:06:59-07:00,거품 존1나 낀 게임,아기자기? 귀엽?  개뿔 그냥 짱깨겜 그 이상도 그 이하도 아님   외형만 여심저격이지 게임성은 흔히 볼수 있는 양산형 풀 오토 게임,5
2019-04-13T00:32:27-07:00,재밌어요,아기자기하고 재밋네요 강추요!,5
2019-04-13T00:02:28-07:00,갓겜,오랜만이 나온 갓겜입니다. 재밌어요.,5
2019-04-12T23:36:04-07:00,꿀잼 맨트라,여명해안 / 수염,5
2019-04-12T23:30:49-07:00,아기자기한 재미,"아기자기한 캐릭터와 레이드, 내가 원하던 게임이에요",5
2019-04-12T23:30:27-07:00,달빛파도 라율 넘재밋어요,달빛파도 라율 넘재밋어요,5
2019-04-12T23:27:55-07:00,이힝,오히ㅣ,5
2019-04-12T22:40:30-07:00,갓겜,개재밋음,5
2019-04-12T22:16:26-07:00,건의사항,"퀘스트완료 등 글씨체가 굴림체여서 엄청 없어보이고 퀘스트완료 글씨 그래픽이 깨지더라구요
퀘스트 대화창 글자크기도 너무 작습니다 
그 외 게임은 재밌었습니다",4
2019-04-12T22:14:41-07:00,너무 귀여워요,"RPG게임 찾다가 발견했는데
너무 재미있어요
열심히 레벨업중!",5
2019-04-12T22:07:27-07:00,은근히 재미있네요,힐러로 키우고 있습니다,5
2019-04-12T22:06:47-07:00,1서버 차얼,"1서버 차얼 
캐릭터 귀엽고 재밌어요 피로도같은게 있어서 
너무 안매달려서 해도댐 굿",5
2019-04-12T21:40:00-07:00,아기자기!!,"여명해안 1서버 캐릭명 흥칫쁭
귀여워서 내스타일 ㅋㅋㅋㅋㅋㅋㅋ",5
2019-04-12T21:20:46-07:00,즐거운 게임하겠습니다,감사합니다 앞으로 항상 즐거운 맨트라할수있게❤️,5
2019-04-12T21:15:23-07:00,재밌어요!!,막상해보니 엄청 재밌어요!! 기대하기잘했어요,5
2019-04-12T21:14:55-07:00,마음에 듭니다.,캐릭터가 아기자기해서 귀엽네요.,5
2019-04-12T20:44:08-07:00,다운이 안됩니다,"아이폰 사용하고 있는데 다운 받으려고 했더니 갑자기 결제가 됐다는 문자가 와서 놀랐고, 결제창이 계속해서 뜨고 다운도 안됩니다. 무료라고 했는데 왜 결제가 되죠?? 결제 취소 해주세요.",1
2019-04-12T19:06:15-07:00,지금까지의 개임중엔 제일 나은 듯,이런 게임들 진짜 많이 해봤는데 그나마 가장 괜춘한 것 같음 재밌음,5
2019-04-12T18:47:55-07:00,록,최고의 게임이다 많이들 하세요 ㅎ,5
2019-04-12T18:35:12-07:00,3서버 웰덴고지 응하 친구구해요,케릭터 너무 아기자기 해서 감동이 두배.~~,5
2019-04-12T16:59:18-07:00,아이폰 6,20분 간격으로 튕겨요ㅠㅠ,1
2019-04-12T15:57:29-07:00,걸작,잘~만들었다,5
2019-04-12T13:37:11-07:00,귀엽고 아기자기하네요~,캐릭터들이 귀여워서 너무 마음에 들어요 아직 초반이지만 다른게임들 보단 하고싶게 만드는게 있네요,5
2019-04-12T13:16:27-07:00,2번결제,5900 월정액 2번결제됐습니다 확인해주세요,5
2019-04-12T11:46:01-07:00,재미잇는거 같아요 ㅎㅎ,아기자기하고 좋습니다!!,5
2019-04-12T10:51:04-07:00,아기자기한게 재밌네요,예전에 든전스트라이커 할때 느낌도 나고 좋습니다,5
2019-04-12T10:44:17-07:00,재밌습니다,캐릭터들이 아담한게 귀엽네요 재밌게 하고있습니다 :),5
2019-04-12T10:36:39-07:00,.,검은화면,1
2019-04-12T10:04:50-07:00,서버 팅김과 동시에  접속이안되내요,서버 팅김과  동시  접속이안되고있어요,1
2019-04-12T09:51:23-07:00,고고고고,굳굳개잼,5
2019-04-12T09:26:36-07:00,이게임은 안망했으면,제스타일 이에요 오래가요 제발,5
2019-04-12T09:06:20-07:00,우와 오랜만에 맘에드는 그래픽,"아기자기한 그래픽 보고 바로 다운 받아서 해보고있어요
너무 귀엽다 ㅋㅋㅋ

1서버 한나어린이",5
2019-04-12T07:31:59-07:00,정말 재밌어요!!,재미있어요!! 달빛바다 친구구해요카뉴,5
2019-04-12T07:25:03-07:00,여명해안 1서버 엽이,"여명해안 1서버 엽이 친구 구해용~~
같이 보스 깨러 가실분!!",5
2019-04-12T07:14:07-07:00,맨트라 중섭때부터 해왔던 유저,중섭때부터 하면서 기다렸는데 역시 재미있네요^^,5
2019-04-12T07:12:08-07:00,갓겜인정,캐릭너무 귀엽네요ㅋㅋㅋ,5
2019-04-12T06:52:28-07:00,아기자기한 와우,할만함,4
2019-04-12T06:43:41-07:00,맨트라 넘나 잼있네여,저가 어제부터 시작했는데 너무 잼있어여,5
2019-04-12T06:25:16-07:00,진짜 최고,너무 재밌어요,5
2019-04-12T06:15:43-07:00,정말 재미 있어요,꿀잼,5
2019-04-12T05:23:31-07:00,시간가는줄 모르겟네요,너무재밋네요,5
2019-04-12T04:15:24-07:00,똑똑똑,재미뜸,5
2019-04-12T03:02:16-07:00,넘좋아여,재밌어요,5
2019-04-12T03:01:42-07:00,최고,진짜 재밌어요,5
2019-04-12T02:58:05-07:00,친구 긔긔,굳굳재밌습니다2서버 제리삐 친추 ㄱㄱ,5
2019-04-12T02:52:21-07:00,완전 메이플2인데,"메투 좋아하는 유저로써 완전 재밌게하는중인데
데미지 폰트나 캐릭터 기본 헤어 및 얼굴이 메투랑 너무비슷해서 표절(?)이라고 우기면서 고소같은일이 우려됩니다..
메투의 sp방식 스킬연속으로 쓰면서 소모하고 자동으로차거나 평타로치면서 다시 채워서 또 쓰는 방식도 흡사하고
아무튼 여러모로 너무비슷해서 걱정이네요",5
2019-04-12T02:41:32-07:00,졸귀탱,"귀염뽀짝함
한번 해보세요 재미있어요",5
2019-04-12T02:24:13-07:00,맨트라,잼있어요 아기자기한게 취저 ㅋ ㅋ,5
2019-04-12T01:35:19-07:00,넘 재밌어요!!,시간 가는 줄 모르겠어요!,5
2019-04-12T00:52:52-07:00,케릭귀엽고 재밌어요 ㅎ,"코스튬도 이쁘고 무기도 막 바뀌고 ㅋㅋ
피로도 같은 시스템 있는게 아쉽지만 재밌습니다~",5
2019-04-12T00:20:31-07:00,굳굳,"오랜만에 던스같은 게임이 나와서 매우 만족스럽습니다
그런데 공격모션이랑 이동이 약간 어색한거 같습니당",5
2019-04-12T00:17:25-07:00,간만에 재밋는 게임,활력이...,5
2019-04-12T00:14:19-07:00,탈 것중에 코끼리는 없나요?,"코끼리가 있었으면 좋겠어요...
제가 코끼리 완전 좋아하거든요... 업뎃 좀 해주세요 ㅠ 엉엉",5
2019-04-12T00:07:50-07:00,재밌어요,재밌게 잘하고 있습니다,5
2019-04-11T23:58:03-07:00,귀여운 모델링 넘 좋아요,!!,5
2019-04-11T23:47:36-07:00,졸귀탱,무기나 옷 코어 갈아끼우는방식으로 외형표현하기 참신한거같네요,5
2019-04-11T23:36:29-07:00,아기자기한 게임,아직 초반이지만 귀여워서 잘 하고 있습니다!,5
2019-04-11T23:02:11-07:00,그래픽이 좋네요,재미도 있을거 같고 일단 열겜 한번 해봐야겠내요,5
2019-04-11T22:55:28-07:00,여명해안 물개왕,캐릭터 너무 귀엽습니다!,5
2019-04-11T22:53:32-07:00,기대하고 있습니다~,"2서버 댕댕

귀여운 케릭터들 때문에 보기가 좋네요~",5
2019-04-11T20:48:34-07:00,꿀잼,재밌네요~~,5
2019-04-11T20:47:00-07:00,기대중입니다!!,최대한 즐겨보겠습니다,5
2019-04-11T20:30:43-07:00,꿀잼,ㅋㅋㅋㅋ 건너오면서 해석이 엄청나게 이상한게 많은거 빼면 재밌네요,5
2019-04-11T20:30:01-07:00,재밌네요!,번역이 덜된부분이랑 기타잡오류 같은것만 수정해주면 좋을듯!,5
2019-04-11T20:25:17-07:00,캐릭도 귀여운데,"겜완성도가 너무조으디 
코스튬확률이 극악인거빼면
증말재미따",5
2019-04-11T20:19:58-07:00,제가 찾던 게임입니다,캐릭터들이 귀엽고 재밌습니다,5
2019-04-11T18:50:36-07:00,친구구합니다,"여명해안 1서버 “딩” 입니다 

같이 즐겨보아여",5
2019-04-11T18:15:22-07:00,재밌어요!!!!!,케릭터가 너무 귀엽고 오랜만에 제대로 된 게임 찾은거같네요ㅎㅎㅎ 재밌어요😍,5
2019-04-11T17:38:59-07:00,갓겜,아직 과금없이 들 하는중,5
2019-04-11T17:33:58-07:00,간만에 재밌는게임 나왔네요,"컨텐츠나 세부적인 퀄리티가 꽤 훌륭하네요
vip없는게 무엇보다 맘에듭니다",5
2019-04-11T17:10:15-07:00,꿀잼 핵잼.,"요즘 과금유도 미친듯이 하는 게임에 질려있던참, 페북에서 광고보고 해봤는데 과금안해도 할만함.

안질릴 그래픽에 꿀잼임.

최신섭 s2달빛파도 서버 
시오후키 <<—— 친추 후 즐겜 합시다.",5
2019-04-11T17:07:54-07:00,너무재밋답니다용,굿,5
2019-04-11T16:54:20-07:00,아기자기 한것이 잼나요,관리 잘 부탁혀요,5
2019-04-11T16:53:28-07:00,재밋어요b,아기자기한게 맘에 듦,5
2019-04-11T16:27:18-07:00,Good,Hi,5
2019-04-11T16:22:40-07:00,여명해안 1서버 마법사 엘리샤 친구 구해용~~,여캐입니당 친구해요 친구~|,5
2019-04-11T15:48:31-07:00,최적화도 잘되어있고 게임도 재밌습니다,"인터페이스나 컨트롤도 마음에 드네요 ㅎㅎ
지금까지 해본 RPG 게임 중에 제일 퀄리티 좋고 안정적인 게임이네요",5
2019-04-11T15:42:08-07:00,재밌네요,앞으로도 기대할게요 ~,5
2019-04-11T15:15:16-07:00,재밌어요,"여명해안 1
아이디 유럽
친추햐뇨!!!",5
2019-04-11T15:12:19-07:00,우노 달빛파도,이벤트 참여해여 ~~ 넘 재밌어여,5
2019-04-11T15:06:54-07:00,뫈트라,굿,5
2019-04-11T14:07:28-07:00,넘모 잼떠영...,"딱 제가 좋아하는 스타일 ㅠ
어렵지 않고 조잡하지도 않으면서
너무너무 재미있네용",5
2019-04-11T13:53:14-07:00,핵꿀잼,갓게임,5
2019-04-11T13:28:26-07:00,꿀잼보장,다 같이 해보자,5
2019-04-11T11:08:09-07:00,천일,무과금으로도 할만 합니다,5
2019-04-11T10:58:43-07:00,적당한 그래픽에 귀여운 캐릭터로,"중굮산 마구잡이로 찍어내는 양산형게임들과는 다른점이 잇음 검은사막 리니지 같이 과금요소거의없고 잇다면 탈것이나 의상정도? 템옵션맞추는것도 엄청쉽고 금방함 ㅋㅋ 직업스킬도 전직후까지 2개라 골라쓰는재미도잇고 레이드할때 역할이 딱딱 밸런스잇게 잘 나뉜듯. 난 딜탱인데 레이드할땐 극탱이고 솔플할땐 극딜이 가능함. 같은템으로 스킬만 다를뿐인데.
딜-탱-힐의 삼위일체가 정삼각형 구조로 날 만족시켯노라. 3시간째 폰만 붙잡고 겜해서 눈깔빠질지경임
오픈한지 얼마안되서 레어닉 잡기도 편함ㅋㅋ
최적화도 잘햇는가 폰 발열 별로없음 굿",5
2019-04-11T09:55:58-07:00,ㅇㅇ,ㅇㅇ,5
2019-04-11T09:42:57-07:00,할만해요,잼있네요 ☺️👍,4
2019-04-11T07:57:58-07:00,넘 귀엽고,잼써요 ㅠㅠ,5
2019-04-11T07:50:07-07:00,꿀잼,재밌어용ㅎㅎ 여명해안 1서버 인형 친추주세요!,5
2019-04-11T07:47:53-07:00,1서버 여명해안,"공포 입니다 같이 겜해요

너무 재밌어요~",1
2019-04-11T07:46:30-07:00,재밋어요,던전스트라이커 참 좋아했는데 너무 비슷해서 너무좋습니다,5
2019-04-11T07:36:41-07:00,재미있어요,캐릭터 귀엽고 재미있어요,5
2019-04-11T07:24:38-07:00,나이트,나이트,5
2019-04-11T07:03:54-07:00,잼있어요~ 같이 게임하실분~,캐릭터 아기자기 하니 넘 귀엽네요,5
2019-04-11T06:03:40-07:00,여명해안 1서버 일체유심조,"여명해안 1서버 일체유심조

케릭 귀여워요~*",1
2019-04-11T05:51:06-07:00,아기자기한캐릭 재밌어요!!,게임 시스템도 복잡하지않고 시간가는줄모르는 게임스토리 및 플레이!! 좋습니다!,5
2019-04-11T04:50:28-07:00,맨트라짱,아기자기해서 귀엽고 커플게임추천!,5
2019-04-11T04:47:39-07:00,캐릭터너무귀엽고 재밌어용,추천합니다~!!,5
2019-04-11T04:34:39-07:00,굿굿,여명해안 1서버 아이우에오,5
2019-04-11T04:30:37-07:00,몬스터보고 느꼇는데 옛날에 pc게임 던전스라이커라는게임 생각나네요,정말 잼있어요 !,5
2019-04-11T04:14:43-07:00,재밌어요,잼,5
2019-04-11T03:57:59-07:00,이 거,뭐야 이 거 왜 재미있어? ㅋㅋㅋ,5
2019-04-11T03:39:33-07:00,이벤트 신청!,"1 서버 민호 
기대했던만큼 너무재미있어요!",5
2019-04-11T03:00:27-07:00,던,재미있어용,5
2019-04-11T02:53:31-07:00,의외로 재밌는데요?,여명해안 / 동빈짱,1
2019-04-11T02:14:08-07:00,여명해안 1서버 캐릭명 여쟈,너무 재미있네요 ㅎㅎ,5
2019-04-11T01:35:33-07:00,묻지마솔직리뷰,"캐릭귀여엽고. 아기자기한 배경등이 눈길을 끓어 살짝 해봣는데, 이건 뭐. 현질하지않으면 안대는 게임임. 나만 그런가. 이벤부터 시작해 축하선물?. 모든게 현이네. 좀더 해보려 했던게 큰 잘못.",2
2019-04-11T01:16:59-07:00,잼있어요 엄청귀여움,캐릭터도 아기자기한게 마음에 듭니다,5
2019-04-11T01:16:35-07:00,재밌어요 ㅎ,"그래픽이 취향 저격인 게임 이고
오랜 시간 게임을 할 수 없는데 피로도 시스템이 
정말 마음에 들고 컨텐츠 또한 많아서
재미있게 하고 있습니다 ㅎ",5
2019-04-11T01:08:42-07:00,넘넘 귀여브,울트라 캡숑 귀염뽀짝 캐릭 딱 내 스탈임~,5
2019-04-11T00:45:57-07:00,사탕 같이 놀아요,ㅇㅅㅇ,5
2019-04-11T00:44:34-07:00,너무 재밌어요 ㅋㅋㅋㅋㅋ 갓겜,아기자기한게 너무 재밌네요 같이해요,5
2019-04-11T00:39:40-07:00,귀염귀염~~,열심히 키우는중~~ 귀엽네용~,5
2019-04-11T00:39:04-07:00,너무 재밌게 게임 하고 있습니다!!,다만 렉이 조금 걸리네요ㅠㅠ 최적화가 조금더 잘된다면 더 좋을것 같아여 항상 수고해주셔서 감사합니다 :),5
2019-04-11T00:11:53-07:00,훗훗훗,"여명해안 1서버 달빛냥 친구구해요~~
같이 겜해여!!!!",5
2019-04-11T00:10:24-07:00,깔끔함,딱적당히 라이트하게 만족중,5
2019-04-10T23:45:35-07:00,친구구해요~,여명해안 1서버 이두솔 친구 구합니다~.~,5
2019-04-10T22:49:08-07:00,너무 재미있습니다!!,"여명해안 1섭 같이 하실 분 구해용
저도 처음이지만 친추하고 같이 해요!!
박스인형 << 친추 주세요~",5
2019-04-10T22:30:40-07:00,같이 플레이해요~,"여명해안 1서버 무은이임 친구 구합니다~
같이 플레이해요!!",5
2019-04-10T21:42:32-07:00,초반 플레이 정말 재밌네요,"1섭 여명해안 심판자온리 친구 구합니다.
오래오래 같이해요~",5
2019-04-10T21:39:29-07:00,여명해안 1서버 엘르샤 친구 구합니다!,같이 플레이해요~!!,5
2019-04-10T21:28:02-07:00,존잼 같이해요,재미있어요 1섭 싱싱한다랑어 친추해주시고 같이 게임해요,5
2019-04-10T19:45:27-07:00,친추좀요,여명해안 파이리,5
2019-04-10T18:59:58-07:00,같이 게임하실 친구 구해요,"여명해안 1서버 혀늬랑 친구 구해요 ㅎㅎ
같이 겜하실분~",5
2019-04-10T18:12:05-07:00,여명해안 1서버  살성 친구 구합니다~ 같이 겜해요,"여명해안 서버
캐릭터명 : 살성

너무 재밌는 게임 만들어 주셔서 감사합니다 ~!",5
2019-04-10T18:06:57-07:00,굿,국,5
2019-04-10T17:15:05-07:00,귀엽고 재밌어요,아기자기한가 좋아하시면 강력 추천합니다.,5
2019-04-10T16:27:14-07:00,친구구해요ㅋㅋ,여명해안 1서버  닉넴  령   친구구해요 ㅎㅎㅎ 친추많이 주세요!,5
2019-04-10T15:20:43-07:00,맨트라!,"여명해안 1서버 토르 친구 구합니다!
같이 플레이해요~",5
2019-04-10T15:08:04-07:00,여명해안 1서버 수호 친구 구합니다.,같이 플레이 해요~!!,5
2019-04-10T14:59:34-07:00,재밌어요,여명해안 1서버 하쿠 친구구해요!,5
2019-04-10T14:25:46-07:00,맨트라아아아아아아,"1섭 여명해안 신화 길드 길드장 기사 입니다 

기사 친추 고고싱",5
2019-04-10T14:06:09-07:00,추천추천,"기대보다 상당히 재미있습니다
아코사도르  친추해주세요~~",5
2019-04-10T13:46:49-07:00,자야 하는데 잠을못자요 ㅎㅎ,"너무 귀여워서 아니예요? 
정말 자야 하는데 잠도 못자고너무 재미 있어요!!",5
2019-04-10T13:00:58-07:00,맨트라,여명해안 1서버 유원 친구 구합니다!!,5
2019-04-10T12:55:45-07:00,굿굿,게임은 안해봤지만 너무 재밌네요,5
2019-04-10T12:26:13-07:00,재미있어요!!,"여명해안 1서버 별빛 입니다~
재미있구 친구하실분 친추주세여!!!",5
2019-04-10T11:27:44-07:00,재미있어요!,1서버 랑민 친구구해요 친추주세요!!,5
2019-04-10T10:41:30-07:00,여명해안 1서버 왕자두 친구 구합니당~❤️,여명해안 1서버 왕자두 친구 구합니당~❤️,5
2019-04-10T10:09:18-07:00,여명해안 1서버 하악하악,"여명해안 1서버 하악하악
즐겁게 게임 즐기실분 구합니다~~~",5
2019-04-10T09:39:32-07:00,맨트라 꿀잼이다,"같이 하자 친구들아 컴온~

1서버 법",5
2019-04-09T22:44:56-07:00,굿굿 게임 !,굿,5
2019-04-09T16:16:38-07:00,Mantra,:),5
2019-04-09T07:34:22-07:00,1빠,오픈 시켜주세요,5
2019-04-09T07:26:48-07:00,넘 기대되요 다운로드중,ㅎㅎ,5
