date,review_title,review_text,rating
2019-05-04T19:48:05-07:00,좋제오오고ㅗㄱ,더무너거다터얄,5
2019-04-08T02:04:12-07:00,장난하시는거아니시죠?,"어이 운영자들 운영 이따위로 할거면
하지마쇼 유저들이 문의하고 요청글 올리고 그러면
최소 답글에 복사 붙여넣기 그딴거말고 상세히 설명좀하고
지금 결제잘못된거 확인해달라고한지 보름도지난거같은디 왜확인안해주냐 ㅡㅡ 그리고 내가최근에 달았던 리뷰 없어지고 전에달았던 내용으로 수정되어있던데..",1
2019-03-29T17:28:44-07:00,내 리뷰는 정확하다,"게임은 말그대로 게임 재미져야된다

그래서 나는 이렇게 평가한다
1.경쟁이 붙게 한다
아우라킹덤은 경쟁붙을수있게 랭킹게시판이있다 근데 딱히 신경쓰이지않는다
경쟁이란 쟁을 뜻한다 쟁이없다 정해준날 외에는 쟁을 할수가없다 얼마나강해졌는지 알수가없다 뭐 예를 들어 사냥터나 그런곳에 피케이가 가능하게해줘야되는거아닌가? 아무튼 이런게 없어서 
개 노 잼이다 별 안준다그래서

2.과금유도 
모든게임이 그렇듯 과금유도가 심각하다
이게임은 장난아니다 나는 이렇게 과금유도가 심한게임은 처음본다
그래서 나도 이끌려서 과금 오지게했다 하지만 결과는 랭커가 되었고 지금 강하다 그런데 점점 알면 알수록 과금한게 후회가 되는건 무엇일까 1번과같이 쟁이없다 강해질 필요가없다 그냥 천천히할껄 이라는 생각이든다
ㅡㅡ그래서 2번째 별도 없다

3. 서버렉
렉이 조금 있다 그래서 별은 없다 

4.케릭터를 많이본다 케릭터 마음에든다 그래서 별은 주겠다

5.사람이없다 과금유도 생각할시간에 사람이나 많이 모을 생각이나 해라 리니지처럼 성장해라 뭔 게임이 이따구냐 그래서 별 없다 

나도 이게임 정말 열심히하고있다 지금 20일 넘었는데 점점 질려간다 이유는 간단하다 사람이없고 신전 뜰때마다 열받는다 이새기들은 돈에 환장했나라는 생각밖에안든다 사람없으니 겁나게 심심하다 신섭은 계속 쳐만들지 이러면 나도 곤란하다 딱 일주일만 더해보고 결정짓겠다 접던지 아니면 꾸준히하던지",1
2019-02-19T11:03:02-07:00,언제쯤 각종 버그들 고칠껀가요??,"첫번째.우선 자동사냥 멍때리는것부터 좀 어떻게.           해주세요
두번째. 정원 제일 큰거ㅡㅡ 돈주고 샀는데 사육이 안돼요...석상이 정원에 표시 되지 않아요...",5
2019-02-13T03:04:44-07:00,개인적 취향저격임,게임성이 너무 좋네용,5
2019-02-06T01:43:39-07:00,굿,굿,5
2019-02-05T11:27:16-07:00,ㄱ,ㄱ,5
2019-02-02T23:28:08-07:00,캐릭터,내캐릭터 돌려내라ㅡㅡ 이틀안들어갔다고 캐릭터 없에버린거냐?ㅡㅡ 닉네임 핑크곤듀니깐 복구시켜놔라ㅡㅡ,1
2019-02-02T18:00:28-07:00,굿,굿,5
2019-02-02T07:18:47-07:00,굿,굿,5
2019-02-01T21:36:23-07:00,굿입니다,잼나용,5
2019-01-31T07:28:40-07:00,ㅇ,너무 팅김,5
2019-01-31T06:55:51-07:00,게임 재밌게 하고있어요!!,게임이 쉽게 질리지도 않고 할 것도 많아서 재밌어요,5
2019-01-30T23:43:56-07:00,피드백봐주세요,"음 재미는 있는데 살짝 좀 단조롭다고 해야하나?
무기를 진화시키면 뭔가 스킬도 살짝달라지고 그럴 줄 알았는데 때리는 이펙트며 스킬 이펙트 도 같으니까 사냥 보는 재미가 없네요
무기 진화시 이펙트를 추가하던지 약간이라도 스킬에서 변화를 하는 방식을 어떨까 싶네요 ㅎㅎ",3
2019-01-29T20:14:06-07:00,그냥저냥,할만한 정도?,3
2019-01-29T06:27:24-07:00,퀘스트가 이상해요,원래 되다 안되다 하는 퀘스트는 많았는데 이번 퀘스트는 재접을 하든 다른데를 다녀오든 몇시간 접속 안하고 다시 재접을 하든 뭔 수를 써도 퀘스트가 실행이 안되네요 말릭이 만든 이족 의상 입기 라는 퀘스트인데 오류같아요 그리고 자꾸 자동전투를 풀어도 전투상태라고 몬스터 때려잡는거말곤 던전이건 퀘스트건 아무것도 안되는거같네요,1
2019-01-26T23:08:14-07:00,굿,굿,5
2019-01-26T19:34:04-07:00,잼,굴잼,5
2019-01-26T19:27:09-07:00,조아조아,굿,5
2019-01-25T20:48:13-07:00,굉장히 심플하면서 재밋음,"그래픽 일단 굿 렙 30인데 아직 현질유도 없으나 뭐 있어도 나쁘지 않을듯 
타격감 나쁘지 않음 펫대신 가디언 시스템 있는데 좋음 직업종류 좋고 뭐 이래저래 아자기
한게 재밋어서 계속더해볼예전",4
2019-01-24T21:04:46-07:00,아니 게임 재밌고 그런데,코스튬을 내가 돈내고 사는 이유가 뭐야. 바로 입고싶어서잖아. 710바지 질렀는데 이전퀘스트 안깼다고 못입게하는 건 너무한거아닌가??? 그럼 뭣하러 다이아 써가면서 사놓겠냐. 내가 내 돈주고 입겠다는데 왜 바로 못입음..? 입게해주세요.,5
2019-01-23T15:33:04-07:00,재미는있지만 제 점수는,"재미는 있지만 제 점수는 별1개드리겠습니다
게임 렉 자체가 너무 심하네요 서버 안정화해도 또 렉걸릴게 분명하고 제 스스로 진짜 할수있는거 기억도 안납니다",1
2019-01-23T13:47:00-07:00,ㅇㅇ,ㅇㅇㅇㅇ,5
2019-01-23T11:31:41-07:00,노잼,개노잼 10 분도 안하고 지움...;,1
2019-01-23T09:34:47-07:00,재밌어요,캐릭터도 이뿌고 다 괜찮은데 몇일째 퀘스트하나가 포기해도 다시생기고 자동길찾기를 눌러도 화면이이동도안되고 뭘해도 지워지지가 않아요 너무 걸리적거리고 퀘스트 완료해서 없애버리고싶은데 ㅜ뭔가요 어류인가요 ㅠㅠ 고쳐주세요,5
2019-01-23T07:48:39-07:00,리뷰,재밌음,5
2019-01-23T05:44:36-07:00,이게,"2019년 겜 맞냐
1989아니고?",1
2019-01-22T19:46:09-07:00,캐릭삭제,아이폰8에서 xr로 바꾸고 로그인했는데 캐릭이없네요...복구해주세요,4
2019-01-22T19:35:23-07:00,그래픽 좋네요~~,그래픽 좋네요~~,5
2019-01-22T15:23:15-07:00,재밌어요❣️,정말 재미있어요,5
2019-01-21T16:30:28-07:00,퀘스트 렉,뭐 진행이 되야 게임을하지 퀘스트 씹히면.전투중이라 안되고 뭐 어쩌라는거임? 진행이 한두번 안되는게 아닌데?,1
2019-01-21T06:53:15-07:00,잼나요,괜츈하네요 ^^,5
2019-01-21T05:16:24-07:00,딷,어웅,5
2019-01-21T04:50:49-07:00,재밌음,겁나 재밌음. 가디언들도 귀여움,5
2019-01-21T00:24:13-07:00,??,렙업을 하면 전투력이 몇천 올라간다고 되어있는데 더 떨어져요. 그래서 제대로 올라갔으면 10만은 되었을 것 같은데 6만에서 계속 왔다갔다해요...버그같은데 어떻게 고칠 수 없으실까요??,3
2019-01-20T09:02:10-07:00,좋아요,좋아요,5
2019-01-19T20:15:56-07:00,ㅈㅇㅈㅇ,ㅈㅇㅈㅇ,5
2019-01-19T03:09:10-07:00,터치만 하면 됨,베터리 엄청 먹네여,4
2019-01-17T18:26:12-07:00,할만함,아기자기한거 좋아하면 할만함,5
2019-01-17T16:17:59-07:00,머때문에?,"게임 하던 도중 강도 쿠레이 
퀘스트 이족 의상 주기 왜 안깨지는 거죠?? 하면 전투 상태라 안된다고 하고",3
2019-01-16T17:16:26-07:00,굳,좋아요,5
2019-01-16T11:10:59-07:00,솔직히,30분정도 했는데 이 이상 더 해봤자 이런 중국 양산형RPG게임에 더 재미를 붙이긴 힘들겠다,1
2019-01-16T10:40:41-07:00,이거 솔직히,아우라킹덤이랑 걸스크라운 두개 다 오래 즐겼던 유저인데 바뀐게 하나도 없음.. 비슷한 시스템에 비슷한 그래픽과 필드 등등 현질유도도 은근 많이 있고ㅋ 오래 하면 당연히 투력 늘겠지만 과금 한거랑 안한거랑 차이가 너무 심하고 걸크같은 경우엔 공성전 밸런스도 안맞아서 투력 쫌 쎈사람 나오면 다섯명이 붙어도 안죽었었음(n사 타 게임은 그렇지 않음) 과금없이 할 사람은 장기간 고통받을 거 생각하면서 느긋하게 하세요,2
2019-01-16T09:31:37-07:00,생각지못한,생각지못하게 시작을하게됐지만 너무 신선하고 재미나네요,5
2019-01-16T09:05:44-07:00,님들이 잘 아는 그런 게임,"씹덕 그래픽 치고 꽤 괜찮아서 해봤습니다. 첫 시작부터 ㅈ같은 폰트가 나와서 불안해지기 시작하더군요. 아니나 다를까 짱깨 냄새를 숨길 수 없는 양산형 게임입니다. 흥미를 전혀 끌지 못하는 스토리는 그렇다쳐도 뭘 잘못 만들었는지 선이 없거나 화질이 따로 노는 라이브 2d, ui를 한참 벗어난 글자 크기,조악한(마법사 기준) 스킬 이펙트. 전투도 다 한 번씩 해봤을 그런 모바일 게임 스타일입니다. 브금은 기대도 하지 않았는데 역시 기대에 못미칩니다. 사전 예약 광고 뿌리고, 영양가 없는 사전 예약 페이지 만들 노력으로 저 ㅈ가튼 폰트나 좀 손 봤으면 좋겠네요. 이렇게 구구절절 적는 이유는 괜찮은 게임인지 보려고 리뷰를 훑어보는 분들을 위해서 입니다. 시간이 아깝습니다.",2
2019-01-16T05:35:01-07:00,기대보다 별로,"리뷰지워졌네요
광고랑 완전다른것같음
내가 스스로 할수있는게 없음
한국겜인줄 알았는데 아님
번역 이상함~~!!!",2
2019-01-16T05:26:16-07:00,지루함,"캐릭터 디자인 좋습니다. 예쁜 캐릭터들이 많아서 모으는 재미가 있습니다. 이런류의 게임이 캐릭터를 모으는 것이 주된 목적인 만큼, 예쁜 캐릭터는 호평 받을 것이고, 그런 의미에서 별을 주었습니다.
하지만 그걸 제외하면 게임을 할 맛이 나지 않았습니다. 퀘스트 버튼 하나만 누르면 자동으로 모든 것이 진행 되니까 굳이 방향키를 누를 필요도 없고 RPG인데 몬스터 사냥도 자동이다보니 정말로 할게 없습니다. 그냥 필요할 때 퀘스트 버튼만 눌러주면 자동으로 모든 것이 진행되니 편하기는 한데, 편한 만큼 지루함이 빨리 옵니다. 물론, 게임을 할 시간이 없는 요즘 시대에는 이러한 방치형 요소가 있는 것이 이점이 될 수도 있지만 MMORPG같은데 이런 요소가 꼭 있어야 하는지는 의문입니다. 이런 게임은 사냥하는 맛으로 하는 게임인데 사냥이 자동이 되어버리면 왠지 지루해집니다. 물론 자동 사냥이 아닌 것이 있습니다. 뭣하면 자동을 끄고 직접 사냥 하셔도 됩니다. 근데 버튼이 있다는 것을 알고 버튼을 누르면 자동사냥이 된다는 것을 깨달은 이상, 굳이 귀찮게 버튼을 끄고 게임을 할지는 의문입니다.
여기까지 제 의견입니다. 하는 사람에 따라 전부 평가가 다르겠죠. 그렇지만 전 위의 요소가 아쉽다고 생각했고, 그래서 3점으로 평가했습니다.",3
2019-01-15T22:58:49-07:00,ㅈㄴㅉ,ㅉㅉㅈ,5
2019-01-15T06:50:21-07:00,일단 위에 뜨게 별점은 줌,"이거 짱개 게임임 ?
일본 게임임 ?",5
2019-01-15T01:18:02-07:00,괜찮은듯 ㅎ,ㅎㅎㅎ,5
2019-01-14T22:45:04-07:00,좋아요,그래픽 좋아요,5
