date,review_title,review_text,rating
2019-06-11T06:23:10-07:00,결제했는대 다이아가 안들어왔어요,여태 잘 결제해서 받았는다 오늘 41000원을 추가 결제해서 충전이벤트 물량만 받았는대 다이아가 없내요??? 확인좀 부탁드려요,3
2019-06-08T19:46:32-07:00,진정한 갓겜!!,"인터넷이 안좋아 다운받는데 1시간
게임 플레이 10분
백수 인생에 시간의 소중함을 느낀 1시간10분이었습니다.
어떤 게임도 시간의 소중함을 가르쳐주지 않았는데...
이 게임은 그것을 느끼게 해주내요.",5
2019-06-07T21:30:44-07:00,그냥 음....... 쌉노잼,걍 5분정도 즐기다 지우면 되는게임,2
2019-06-07T11:29:04-07:00,구글 로그인 안되요 복구해주세요 ㅡㅡ,구글 로그인 안되요 복구해주세요,1
2019-06-07T06:34:12-07:00,.....,중국식 양산형게임.. 폰트 똑같고 인터페이스 똑같고.. vip개념 똑같고.... 예전에는 정말 좋아했을 게임류지만 이제 슬슬 지겹네요,1
2019-06-06T07:58:57-07:00,캐릭터돌려주세요 ㅋㅋ,개씨발 병신같은게 게임갑자기 들어오니깐 캐릭터가 사라져있어요 로그인 잘못한것도 아니고 똑바로했는데 없어요 씨발진짜 ㅋㅋ 빨리 복구시켜주세요,1
2019-06-04T01:58:06-07:00,방금,5900 결제했능데 다이아 안 들어와있어요..;; 결제는 되었습니다...,1
2019-05-31T17:38:00-07:00,결제오류 났네요,"총 72900원이 결제되었는데 다이아는 2495 개 밖에 충전이 안되어있네요 확인바랍니다
닉네임 :뀨잉",1
2019-05-28T22:24:40-07:00,이거 그냥 과금해야됨 하지마,과금해야 그나마 애들 따라감 나처럼 현질없이 할려면 택도없음 아에 못따라감 그래서 순위나 보상 받는것도 형질하는 애들이나 받지 일반유저는 절대 못받음,1
2019-05-26T04:46:19-07:00,빡치는뎅..?,"킬 때 마다 로그인 새로 하라고하고 경험치가 갑자기 없어지고..
안그래도 질리는데 빡치게하지말길..제발",1
2019-05-24T22:46:37-07:00,중국 양산형 VIP게임,어휴 왜 요즘 게임은 다 이런겨,1
2019-05-24T13:21:35-07:00,어차피 별점고 주작일테니 5개줌,"양산형게임 + 내부 채팅까지 주작함
처음경험하는 신세계 게임",5
2019-05-23T21:29:31-07:00,뭐야,뭐야  아이폰인데.  갑자기 꺼지드니 로그인 안되네 멀  최근에 로그인 한 캐릭터 없고  어케 운영 하는거야 하 참나 어이가없네 비번이 안맏다고 뜨는데 먼 개소리여,3
2019-05-23T18:18:40-07:00,아니 개발자님 이거 좀 보세요,"기원에 계속 무료라고 떠서 눌렸는데 
렉이 걸려서 그런거고  무료가 아니라 다이아 나갓는데 어쩔거에요.. ;;",1
2019-05-23T04:22:54-07:00,허위광고 그만해라,"중국산 게임 안한다 허위 광고 그만 해라 제발
글 안올라 올까봐 별5개 준다 양산형 중국게임 걸러내자",5
2019-05-20T14:45:41-07:00,구글로그인,"구글아이디로 로그인을 해서 사용햇는데 업데이트 후 부터 아직까지도 로그인 안되고 있요 
현질한게 아까워서라도 다시하려했는데 로그인이 안되요 빨리해결해주세요
아니면 현질했던거 다 환불해주세요!!",5
2019-05-19T08:03:23-07:00,다시 로그인하면서 계정이 없어졌어요,"캐릭터 완전 없어지고 간편가입으로 됐는데 
못찾는건가요  모르겠는데 하 
스트레스 받네요 간편아이디 못찾나요",3
2019-05-18T02:36:40-07:00,그냥 뭐 그저그럼,일단 양산형게임이긴함..과금유도가 있긴한데 딱히뭐 안해도 게임하는데 큰 지장은없음.무과금으로 전설50까지키우는중인데 그냥저냥 재밌게하고있음.큰욕심안부리고 하면 무과금으로도 충분히 할만한게임임.,5
2019-05-18T00:20:05-07:00,"게임센터 로그인 삭제,발열,배터리소모",게임은 재밌는데 게임센터 로그인 다시 돌려놓고 발열이랑 배터리잡아먹는것좀 고쳐라;;제발 망겜되기싫으면,3
2019-05-17T20:37:45-07:00,애플 계정 연동,"애플 계정으로 연동으로 게임을 했었는데 업데이트 이후
계정 연동이 안되어 로그인이 안되는데 방법이 없을까요?",5
2019-05-15T02:36:14-07:00,수집,"몬스터를 통해 수집하는게 너무 오래걸려요
좀만 빨리 수집할수있게 바꿔주세요!!!!",3
2019-05-14T20:01:40-07:00,고백 어떻게 받을 수 있나요,??,5
2019-05-14T03:38:24-07:00,월드맵 비매너 채팅,"모르는 부분에 있어서는 사람대 사람으로 알려주시면 되는부분을 Vip 회원들끼리 룰을 정해서는 조선족이다 뭐다, 비꼬고 욕하는 부분에 있어서 정말 화가 나네요. 1대1 채팅이 괜히 있는것도 아니고, 마녀사냥 하듯 얘기를 하는데 어린 학생들이 이 게임을 보고 뭘 생각할까 , 라는 생각을 했네요. 월드맵 채팅을 없애던 운영자님 께서 확인을 자주 해주시던 .. 게임이 더 좋은 방향으로 나아갈 수 있도록 해주셨으면 좋겠습니다.",1
2019-05-11T20:32:56-07:00,로그인 오류,어제 페이스북 아이디로 로그인해서 과금까지 했었는데 오늘 접속하니까 똑같은 페이스북 아이디로 로그인 했음에도 불구하고 캐릭터가 뜨질 않네요 160채널인데 한시 빨리 처리해주세요,5
2019-05-11T19:14:31-07:00,계정이 없어졌네요..,"처음 로그인할 때 페북으로 로그인해서
게임을 시작했는데.. 어느정도 키워놓고
오프라인 사냥터 위치해놓고 껏어요..
그리고 다시 접속하는데 페북로그인 하라고 되어있길래 다시 로그인 눌렀더니 내 캐릭이 사라졌네요?!
하하.. 제대로 키워보기도 전에 이러니 할맘이 사라졌어요.. 
게임하는데 내 캐릭 내 아이디가 갑자기 없어지면 진짜 황당하고 화납니다.. 해킹당한거 같고..굉장히 찝찝해요.. 별한개 주기짜증날 정도네..",1
2019-05-11T17:56:41-07:00,이게 왜 2위지?이해가 안되네,2위라서 다운받아봤는데 하자마자 30초도 안되서 순삭했네요. 누가봐도 vip 장꿔 게임 시스템... 쓸데없이 데이터 낭비 피하시길 바랍니다.,1
2019-05-11T13:09:43-07:00,와유 최고에요,20초만에 삭제했어요!!,5
2019-05-11T10:17:31-07:00,환불 해주시죠,"아이폰 x 인데 다른거 잘되고 이겜만 랙이 하ㅏㅏ
도저히 못하겠어요 환불 부탁드립니다",5
2019-05-08T02:43:56-07:00,업데이트이후..쩌업..  서버를 백업해주세요 ^^,"업데이트이후 페이스북 , 게스트 로그인만 뜨고
구글 로그인은 안뜨고 ... ㅠㅠ 캐릭터가 사라진거아니죠?
자동로그인 아이폰 유저에요 확인후 복원시켜주세요
캐릭터이름은 럭스 입니다. 사용자 이름은 김하나 입니다.
복원하기전 업데이트 전으로 백업 해주세요

도대체 언제 이글을보고 언제 복원해주실지 모르겠는데요
결제한부분에대해서 다환불 해주세요.
더이상 기다리기도싫고 게임이재밋어서 햇는데 이건모
하라는건지 ㅋㅋ 아니면 먹고튄건지도 모르겟네요",5
2019-05-06T08:36:17-07:00,천사성역이랑 다른게 뭐임?,"천사성역에서 그냥 캐릭만 바꾼서아님??
시스템이랑 모든게 다 똑같은데?
복붙임???
이따구로 돈을벌지;;",1
2019-05-06T04:34:05-07:00,환불부탁드립니다,환불을 부탁드립니다.,5
2019-05-05T04:33:50-07:00,아이디 사라졌습니다,다들 사라지네요 나역시~~~,5
2019-04-30T18:29:33-07:00,아이폰 사용자입니다,게임 센터 계정으로 겜을 잘 하고 잇엇는데 어제 업뎃이후로 개임센터 연동이 안되고 잇습니다 빨리 해결좀 부탁드릴게여,1
2019-04-30T05:30:03-07:00,구글로 로그인했었는데 사라졌습니다,구글로 이제 못하나욘?..,5
2019-04-29T06:42:39-07:00,시급합니다!!,"아이폰 유저 입니다 게임 잘하다가 
업데이트 이후  아이디와 비번  그리고 페북 로그인만 떠요 
아이폰 게임센터로  로그인했는데 ㅈ금 안떠요 
빠른해결책부탁드립니다 10일째 육성 못하고있어요 ㅠ",3
2019-04-20T03:18:50-07:00,아리엘로그인,아리엘로그인을아이폰게인센터로했는데며칠전에업데이트하고나서들어갔는데다른것으로로그인되있고게임센터는사라진건가요,1
2019-04-19T20:34:58-07:00,페이스북 로그인 후 계정 삭제됨 아이디 복구 문의,전에 문의 드렸던 사람인데요 유저 친추를 걸어보면 그 캐릭터는 유효한데 찾을수는 없나요? 페북으로 로그인을 하여도 새로운 캐릭을 만들라고 계속 떠요 캐릭터 이름은 샷추가샷이라는 이름인데 못찾나요?,4
2019-04-19T18:11:38-07:00,빠른 답변좀 부탁드려요,실속상점에서 2500원짜리 세트를 구매했는데 왜 12000원이 빠져나간건지 궁금하네요 빠른 답변 부탁드려요,1
2019-04-16T14:50:23-07:00,계정이날아갔네요.,찾아주세 요,1
2019-04-15T22:06:04-07:00,자동로그인 아이폰유저인데요,"오늘 접속하려고 보니 페이스북, 가입하기 두가지로 바뀌어있던데 기존유저 캐릭은 삭제된건가요??
한달동안 개고생해가며 키운건데 어디서버인지도 헷갈리고 어떻게 로그인해야하나요??
답변해주세요",1
2019-04-15T18:34:58-07:00,구글로그인으로 잘하고있었는데,"어제 업뎃이후로 갑자기 아이디와비밀번호를 입력하라고 떠요
근데 구글로 로그인을 했었는데 구글 아이디와 비밀번호치니까 자꾸 안맞다고 뜨고 밑에는 페이스북로그인하나뿐이고 어떻게 해야할까요?
저말고 다른사람들 다 그러네요 빨리 해결좀 해주세요 아이폰유저입니다",5
2019-04-14T21:56:07-07:00,게임은 좋은데 운영이 엉망이네요.,"게임은 좋은데 운영이 엉망이네요. 유료충전을 유도하는 컨텐츠가 정말 많고 충전 또한 정말 쉽게 만들어 놓아서 어느 누구든 게임을하다 막히면 버튼 눌러 지문이나 얼굴인식으로 유료충전을 할 수 있게 만들어 놓았습니다.

최근에는 아이폰 앱스토어에서 앱이 사라지거나 아이폰 유저들은 구글플레이 로그인을 막아서 게임사 계정과 연동을 하지 않으면 로그인을 하지 못하게 하는 등 불안한 운영을 하고있습니다. 심지어 계정연동이나 다른 사안들에관해서 어떠한 공지도 없이 주말을 바로 앞둔 금요일 오후에 적용을 해버려서 며칠간 로그인도 하지 못하게 하고서 방치하거나 문제에 대응도 하지 않고 연락 또한 안되는 등 정말 엉망으로 운영하는 모습들을 보이고 있습니다.

언제 사라질지 모르는 게임인 것 같습니다. 가능하면 이 게임은 하지 않는 것이 좋습니다.",1
2019-04-14T19:43:28-07:00,아이폰 연동해라!!!,"순차적으로 하겠단 개소리 그만 쳐하고
얼른 연동하라고... 뭔 공지도없이 아이폰 게임센터 로그인 삭제해놓고 충전이벤트 공지만 쳐 올리고 ㅈㄹ이야 ㅡㅡ 진짜 왜만해선 평가 이렇게 안올리는데 영자들 하는 짓거리가 뭣 같아서 이렇게라도 올린다. 메일 확인도 안하면서 뭔 순차적이야 ㅡㅡ",1
2019-04-14T10:31:25-07:00,계정 로그인이 사라져 리뷰를 써보긴 난생첨이네요,"게임센터 로그인을 없애버리시다니요 ㅋㅋㅋㅋㅋㅋㅋ
월요일 출근 정말 신나시겠습니다 ㅎㅎ",1
2019-04-14T06:41:31-07:00,아니 아리엘 몇달짼데,아니 아리엘 몇달째 하는중인데 앱스토어로 로그인해서 사용하고있었는데 갑자기 로그인화면을 그런식으로 바꾸면 어쩝니까;;; 로그인이 안되잖아요 페북 로그인 버튼만 누르면 어쩌자는거냐구요.. 계정에 결제한 금액 환불해주세요;,1
2019-04-14T00:58:49-07:00,게임센터 로그인이 사라졌는데요,제가 키운 캐릭 삭제잼??,1
2019-04-14T00:09:01-07:00,뀨삡,"업데이트하더니 갑자기 로그아웃되서 아이디가 날라간거 같은데 이거 어떻게 할건가요 지른것도 있었는데 이럴거면 환불해주세요ㅡㅡ
40서버 캐릭명 뀨삡 여캐 였습니다 찾아주던가 환불해주던가 하세요ㅡㅡ",1
2019-04-13T21:30:50-07:00,로그인문제,어제까지만해도 자동로그인되고 게임까지햇는데 왜 로그아웃 되있는데 제가 아이디를 뭐로 가입했는지 기억이안나는데.. 어떻게해야하죠 이럴경우..ㅠㅠ 열심히 키운건대 ..,5
2019-04-13T16:17:11-07:00,아이디를 어떻게 한겁니까?,업데이트전 로그인을 맨 왼쪽꺼를 눌러서 로그인을 했습니다 근데 어제 저녁부터 로그인 방법이 바뀌었더라구요 ? 아이디를 만들고 하니까 그동안 키웠던 캐릭터는 없어지고 캐릭터를 새로 만들라고 하네요 ;; 어떻게 하실거에요 ?,1
2019-04-13T10:57:11-07:00,???,"제가 게스트인가 기억이안나는데 한달정도키운게잇는데 업데이트되더니 날라갓네요
서버도어딘지기억안나는데
닉네임은 튤 인거 기억납니다
대답좀주세요 하루지낫는데 이벤트다날라가네 ㅡㅡ",5
2019-04-13T08:49:46-07:00,하... 하지마라고?,"갑자기 게임센터 연동이 안되면

접으란 이야기지요? 

환불 다 해줄거지요?

뭐하자는 거지요?

즐거운 주말 잘 보내시오 관리자들...

월요일되면 신나시것어여",1
2019-04-13T07:27:14-07:00,환불해주세요,아이폰 유저 입니다. 이렇게 아이폰 계정 로그인 없애실거면 미리 사전에 예고를하고 아이디를 통합하게 만들게 해줬어야 되는거 아닙니까? 여기에 여태까지 공들인 시간이랑 돈이 아깝네요;; 다시 계정복구 되는거 아니면 환불해주세요.,1
2019-04-13T04:00:18-07:00,패치된후 오류,"패치되고 난뒤 제아이디와 비번 다 접목해보았지만 그런 사용자도없다고 하고
그런이름도 없다고하고 
하지마라는것같은데요 
저의 등록 삭제해주세요",1
2019-04-13T02:48:31-07:00,로그인,"안녕하세요
오늘 낮에까지 사용하던 세가지 로그인중에서 페북과Eyou로그인은 있는데 맨앞에 있던 다른 로그인이 사라져서 접속을 못하고 있어요 왜그런가요? 어떻게 해야하나요? eyou 게임접속에서 항상 밑을보면 오른쪽은 가입하기와 왼쪽은 돌아가기 버튼이 있었는데요
돌아가기가 사라져서 원래 하던 계정을 못합니다 이유를 알고 싶어요
폰은 아이폰이고요 다른 폰 갤럭시를 보면 제가 설명하던대로 있습니다 새로 다운받아도 마찬가지에요 뭘고쳐야 원래대로 되나요???하고 싶은데 답답해요
서버는 별빛대검이고 닉네임은 유역비에요",2
2019-04-13T02:02:50-07:00,게임센터,아리엘을 즐겨하던 사람입니다 업데이트 이후인지 잘 모르겠는데 로그인 창이 바뀌었는데 게임센터로 로그인 방법이 없습니다 일부로 삭제한건지 아니면 오류인건지 알려주세요 일부로 삭제한면 제 계정이 삭제된건가요?,5
2019-04-12T19:36:20-07:00,아이폰접속안되자나,"게임센터로로그인안되면
기존에충전한금액환불해주세여",1
2019-04-12T19:26:55-07:00,로그인,업데이트 하고 게임센터 로그인이 없어진건가요?? 게임 센터 로그인이안되네요ㅠㅠ,5
2019-04-12T19:18:11-07:00,로그아웃,"로그아웃되고나서 다시로그인했는데 
서버를 모르겠어요",1
2019-04-12T10:31:12-07:00,게임센터 로그인 어떻게 하나요?,아이폰 게임센터 로그인 사라졌는데 어떻게 하나요?,1
2019-04-12T09:29:35-07:00,애플계정전환,아니  갑자기 왜  애플계정으로  전환을  할수없은건가여??ㅡㅡ,1
2019-04-12T08:45:46-07:00,아이디를까먹었는데  캐릭터 방금던까지키우다가없어졌어요.....전설39였는데...,해결좀,5
2019-04-12T06:18:30-07:00,계정문제,이번 업데이트를 진행하면서 아이폰 게임센터연동으로 게임을 플레이햇엇는데 갑자기 로그인 뜨면서 전에있던 계정이 통으로 날아가버렷는데 어떻게 해야 다시 연동할수 잇나요...??,1
2019-04-12T05:01:41-07:00,아이폰 로그인,"아이폰 게임센터로 항상 로그인 햇던사람인데
업데이트 후 아이폰로그인이 없어져서 게임 로그인을 못하고잇는 사람입니다. 조치를 취해주세요",5
2019-04-12T01:26:29-07:00,로그인,구글 로그인,1
2019-03-23T09:43:55-07:00,🤢,Good,5
2019-03-23T06:27:52-07:00,시간엄청잘가요,짱,5
2019-03-23T05:53:11-07:00,ㅋㅋ,ㅎㅎ,5
2019-03-23T05:51:01-07:00,재밋어요,아기자기하니,5
2019-03-23T00:11:07-07:00,굿,굿,5
2019-03-22T12:04:36-07:00,결제도 안했는데 승인되었네요,"[Web발신]
신한(762) 해외승인 김*연 KRW 86,000       (KR)03/22 23:05 ITUNES.COM

결제도 하지도 않았는데 어제 문자로 결제됬다왔네요
결제가됬쓰면 다이아라도 들어와야되는데 다이아도 들어오지도 않았고 이거 빠른처리 부탁드립니다 환불해주세요",3
2019-03-22T02:54:38-07:00,렙업이 엄청 빠름,렙업이 빨라서 좋음 자동사냥이라 제손이할께읍다는 ㅋㅋ,4
2019-03-21T16:29:04-07:00,굿,무곽 굿,5
2019-03-20T23:44:28-07:00,리뷰,게임은 재미있고 랭커를 찍을 생각이 없으면 무과금도 나름 즐길만함 ㅇ ㅇ 근데 아쉬운게 검사 직업이 한개뿐이라 다른 직업도 만들어 주셨으면 합니다. 한개만 있으니 만약 999가 만렙인데 찍고 새로 키운다 해도 또 다시 검사를 키우기는 싫어질거같아요,5
2019-03-20T20:34:51-07:00,초반이라,아직 쪼렙이라 평가하긴 그렇지만..일단 달려봅니다,4
2019-03-20T08:42:33-07:00,잼나네요,잼나요,3
2019-03-20T02:05:09-07:00,재미있어요,좋아요,5
2019-03-19T10:49:34-07:00,아르,아르,3
2019-03-19T08:01:55-07:00,ㅎㅎ,ㅎㅎ,5
2019-03-18T22:52:34-07:00,꿀잼,꿀잼,4
2019-03-18T21:26:38-07:00,vip안되면 엄청 제한적인 게임,"과금유도 엄청 많고 vip안되면 그냥 끌려다니는게임인듯
솔직히 vip되도 끌려다닐것같은 게임",1
2019-03-18T20:14:56-07:00,아리엘,"광고하고 많이 틀려서 좀실망이지만
래벨업 빠르니깐 놀기가편하네요",3
2019-03-18T12:37:15-07:00,ㅎ,ㅎㅎ,5
2019-03-18T05:39:00-07:00,한만해요,그냥저냥. 머 무난한데,4
2019-03-17T12:45:51-07:00,ㄱㅊ해요,양산형이라 3성,3
2019-03-17T06:59:10-07:00,다야충전했는데 안줍니다,"4.1만원 충전했는데 다야 안들어왔습니다. 구글 비번을 못찾는데 앱스토어엔 결제된 내역이 있습니다.. 
결재번호 못찾으면 제 돈 그냥 날린건가요?",1
2019-03-17T05:14:53-07:00,환불요청,결제했는데 통장에서 돈만 빠져나가고 구매완료 라는 글만 뜨고 아이템은 들어오지가 않네요 환불요청 합니다.,1
2019-03-16T23:19:36-07:00,재미있네요,재미있고 아기자기 하네요,5
2019-03-16T22:09:43-07:00,좋아요~,재미나게 하고 있습니다,5
2019-03-16T21:07:46-07:00,아리엘,굿이예욤,5
2019-03-16T11:32:32-07:00,재밋다,재밋다,5
2019-03-16T07:22:11-07:00,ㅋㅋ,ㅋㅋㅋㅋㅋ,5
2019-03-16T06:06:33-07:00,ㅂㅂ,ㅃㅂ,5
2019-03-16T05:32:29-07:00,굿,할만한데 일단더해보겟움,3
2019-03-16T00:15:50-07:00,ㅋㅋ,ㅋㅋ,5
2019-03-15T06:39:51-07:00,이런겜 오랜만입니다,"간편하고 편리하네요
살짝 모르게 쾌감? 느끼는중(변태아님)",5
2019-03-14T22:52:57-07:00,안녕하세여,Vip4가 못되는사람은 퀘스트를 할수가 없어요....너무 힘드네여,5
2019-03-14T19:14:16-07:00,잼잇다고 못느낌,그냥그럼,3
2019-03-14T07:24:28-07:00,재밌어요,정말 재밌어,5
2019-03-14T00:39:15-07:00,결제확인,신용카드로 결제했는대 결제취소됬다가 결제구매됬다가 반복되다가 결국엔 결제구매됬는대 이뭐 다이아도안들어오고 화가너무나네요 빠른확인부탁드립니다,5
2019-03-13T18:53:10-07:00,굳굳좋아요,모바일 게임을 잘안하는데 이 게임은 지겹지도않고 재밌고 좋아요,5
2019-03-13T16:41:51-07:00,잼있어요,괜찮은 게임 인것 같아요,5
2019-03-13T16:05:47-07:00,재미있긴정말재미있는데,"현질유도를 너무많이합니다.... 서버도너무많고 
무방비같은느낌!? 아주그냥 돈없으면 할수없네여",4
2019-03-13T09:50:07-07:00,게임 로그인이안되는데,페이스북 계정 로그인이 안되여.. 오류뜨면서 로그인창도 안뜨구 ㅠㅠ,5
2019-03-13T08:30:51-07:00,ㅋㅋ,ㅋㅋㅋ,5
2019-03-13T06:19:51-07:00,그럭저럭,ㅎㅎ,4
2019-03-13T04:18:52-07:00,유저를 위하여!!!!!,초반 유저라 딱 뭐라고 못하지만 잘 만드신 게임 같아요. 하지만 아쉬운것은 무과금 유저라 늘 그러듯 ~~~,5
2019-03-13T02:29:09-07:00,굿,자동 오지구여,5
2019-03-13T02:21:22-07:00,데헷,ㅇㅅㅇ,5
2019-03-12T19:38:34-07:00,그냥 그냥 할만함,ㅋ,5
2019-03-12T17:36:55-07:00,재밋지만,현금유도 완전 심하고 서버 너무 많이 만든다,5
2019-03-12T07:58:25-07:00,재밌어여,진행도빠르고재밌네영,5
2019-03-12T07:19:05-07:00,재밌어요,"과금유도가 너무심하긴하지만 ㅜㅜ
무과금유저 컨텐츠좀 ㄷ늘려주세요",5
2019-03-12T06:57:48-07:00,재미졍,재미쪙,4
2019-03-12T06:24:16-07:00,ㅎㅎ,재밋네여,5
2019-03-12T02:56:38-07:00,귀여워,"재미 있네요
근데 현금 거래가 너무 많네요",5
2019-03-11T16:59:01-07:00,재밌네요,"아기자기한 캐릭터와 인터페이스로
쉽게 접할 수 있어서 재미있네요
플레이타임은 아직 얼마안되지만
더더욱 기대됩니다",5
2019-03-11T15:06:22-07:00,괜찮음,괜찮음,4
2019-03-11T15:04:41-07:00,다운받아서,돌려봐야 알지..평가보고 안할꺼야,5
2019-03-11T14:35:00-07:00,r,rg,5
2019-03-11T14:07:32-07:00,ㄱ,재밋음,5
2019-03-11T10:03:01-07:00,정서불안걸린 아이를 보는 느낌,"이 게임은 시작하자마자 사람의 목을 조르고 끌고 다닙니다.  유저는 뭐가 시작된건지 깨닿기도 전에 질질질 끌려다녀요. 그 이유로 스토리가 있긴 하지만 이 게임에서 스토리를 이해할려면 화면 녹화해두었다가 절반의 속도로 재생시켜야 이해할 수 있을것으로 보입니다. 솔직히 스토리가 없는 상황보다 훨씬 안좋다라고 볼 정도면 시스템에 문제가 있는거에요. 

시스템에서 자동이 기본으로 활성화가 되어있는데 이거 토글하는 법은 튜토리얼에서 안알려줍니다. 더군다나 자동을 해제해도 강해지기란 버튼이 따로 있어서 이것까지 비활성화 시키지 않으면 케릭터는 제멋대로 다닙니다. 

이게 상당한 불쾌감을 주는데 무언가 차분하게 옵션이나 설명을 보려고 해도 백그라운드에서 움직여대면서 퀘스트를 띄워버립니다. 자동 전투란게 플레이어 편의를 위한거일텐데 이 게임은 자동전투가 플레이어에게 깽판을 치네요. 
그리고 퀘스트->전투->보고 의 템포가 너무 빠른 문제로 인해서 스토리는 진행이 되는데 뇌가 정리하기도 전에 다른 스토리를 진행하고 있어요. 

게임에서 레벨은 의미가 있는건가 싶은게 이 게임에서 강화 요소들이 엄청나게 많은데다가 게임한지 10분도 안되서 50을 찍고 있습니다. 좀 더 진행하니 60 넘어가서 렙업이 쭉쭉 됩니다. 이게 뭔 소리냐면 렙업은 장식이고 그 강화 요소라는것들이 핵심이라는건데 이게 보통 돈버는 요소란걸 생각해보면 긍정적으로 보긴 힘들어요. 무한으로 강화란 이야기 게임 좀 굴려봤으면 그게 좋은 이야기 아니란걸 깨닿게 될겁니다.

이 게임은 한국사람 데리고 광고하고 한국어 나오지만 중국발 게임인게 확 티가 납니다. 
1. 사자성어
2. 한국에서 쓰지 않는 용어를 남발(승령 같은거)
이 두가지가 확 들어오거든요. 요즘 중국발 게임 인식은 소녀전선 빼고는(이쪽은 한국지사문제로 많이 까이지만) 별로인거 같은데 이 게임은 너무 대놓고 보여줍니다. 

뭐 그렇다고 사람들에게 친근한게 있는가 보면 친근한건 말랑말랑해 보이는 그래픽 뿐이고 각종 복잡한 강화 시스템과 주문서, 한번에 이해하기도 힘든 과금 시스템으로 유저를 질식 이전까지 몰아갑니다.

게임 플레이는 개인 취향이라 하지만 답답한 화면과 스토리 진행, 불편하게 만들어버린 자동전투 문제로 인해서 이 게임을 추천하지 않습니다. 진지하게 이야기하자면 아이들 히어로즈가 더 게임성 있어보일 정도네요.",1
2019-03-11T07:38:42-07:00,게임,할만하고 재미도 있네요,5
2019-03-11T05:55:06-07:00,할만함,ㅋ,4
2019-03-11T01:39:57-07:00,굿,진짜재밋습니다ㅋㅋㄱㄱㄱㄱㄱㄱㄱㅋ,4
2019-03-10T22:24:28-07:00,재미써요,재밌네요👍🏻👍🏻,5
2019-03-10T19:58:48-07:00,Good,좋아요,3
2019-03-10T19:11:32-07:00,아직 잘모르겠지만 재밌어보여요,시간 빨리가요~~,5
2019-03-10T08:08:43-07:00,굿잡,재미잇네여 !,5
2019-03-10T05:56:14-07:00,굿,굿이네요,5
2019-03-10T01:55:59-07:00,ㅠㅗㅓ,너무재밋네요ㅜㅌ처라,5
2019-03-09T20:21:54-07:00,굿,조아용,4
2019-03-09T18:16:39-07:00,좋네요,레벨업도 잘되고 뭔가 편안한 느낌,5
2019-03-09T10:59:08-07:00,현질 방법,"혹시 문상이나 상품권 종류는 
현질이 안되는건가요??",5
2019-03-09T06:24:09-07:00,ㅇㅅ,ㅇㅅ,4
2019-03-09T04:55:35-07:00,뀰잼,자동방치 굿,4
2019-03-09T01:58:39-07:00,나쁘지않은겜,할거없을때 시간보내기 좋은겜,4
2019-03-09T00:40:07-07:00,꿀잠,꿀잼,5
2019-03-09T00:13:22-07:00,헤니뮤뮤,간단,5
2019-03-08T22:56:19-07:00,아직 잘모르겠네요,조금더하보고,5
2019-03-08T20:54:48-07:00,국국,국,5
2019-03-08T17:33:20-07:00,잼있다,중국 게임 신명과 똑같따,5
2019-03-08T17:08:39-07:00,음,제법 재미있네요^^,4
2019-03-08T06:41:28-07:00,재밌어용,ㅎㅎ,5
2019-03-08T06:07:16-07:00,굿,재미나네요,5
2019-03-07T21:23:07-07:00,루팡,굿,5
2019-03-07T19:21:39-07:00,구국,굿,5
2019-03-07T19:11:44-07:00,최적화 굿~!,다른겜들 보면 발적화가 심한데 이건 최적화가 잘되어있네요!,5
2019-03-07T18:07:48-07:00,재밋어요,이쁘고 재밌습니다,5
2019-03-07T17:23:57-07:00,굿,굿샷입니다,5
2019-03-07T16:37:07-07:00,허러허허허허허,졸망하네용,5
2019-03-07T12:18:54-07:00,이게임 자동이라,너무 손안가고 그럴줄알았는데 은근 할거도 좀 잇고 경험치도 중간중간막히는거때문에 애달기도하고 좀 해볼만하네요,4
2019-03-07T11:50:47-07:00,굿,굿,5
2019-03-07T07:25:59-07:00,ㅋㅋㅋㅋ,ㅎㅎㅎ 열심히하자,3
2019-03-07T07:25:40-07:00,굿,굿,5
2019-03-07T02:17:22-07:00,Vip4인데,경험금고 왜.입장2번 밬에 안되나요  그리고  금고입장권 왜 있나요? 왜 사용 안되나요?,2
2019-03-07T01:41:03-07:00,ㅎㅎ,잼있네요,5
2019-03-07T00:45:28-07:00,진또베기,진또베기네,5
2019-03-06T20:29:07-07:00,현질해놨는데 캐릭터 사라졋네요...지리 156정도엿구,돌려내요.. 결제 한거 보여드릴수잇음.. 흠 ㅠㅠㅠㅠ,5
2019-03-06T19:34:45-07:00,노잼,그냥 양산형게임,5
2019-03-06T18:56:11-07:00,너무재밌다~,너무재밌어요!!,5
2019-03-06T18:01:10-07:00,ㅂ,재미있는데,5
2019-03-06T14:33:16-07:00,한게임 오래하는편은아닌데,시간떼우기 괜찮아여,3
2019-03-06T05:57:15-07:00,재미잇네요,굿굴,5
2019-03-06T05:34:57-07:00,ㅎㅎ,ㅎㅎ,4
2019-03-06T01:46:18-07:00,Good,Good,5
2019-03-06T00:45:05-07:00,자동으로 다 해줘서 간단하고 할만하네요,레벨도 숙숙오르고 캐릭터 퀄리티가 조금 떨어지기는한데 괜찮음,4
2019-03-05T23:36:00-07:00,재밌어요,이 게임 많이편리하고 자동도 잘되고 현질유도도 별로안댐 짱짱,5
2019-03-05T19:28:42-07:00,재밋게 하고 있긴했는데,일어나서 로그인 하려니까 인터넷 연결이 없습니다 (0) 하면서 로그인 못하게 하네요 다른건 다되는데 이것만 안되요,3
2019-03-05T18:56:53-07:00,굿,흠,5
2019-03-05T17:10:31-07:00,ㅇㅇㅇㅇ,ㅇㅇㅇ,5
2019-03-05T05:37:34-07:00,그냥 이건 뭐 방치수준,방치하면 알아서 랩오르네,1
2019-03-05T04:22:03-07:00,ㅇㅈ,ㅇㅈ,5
2019-03-05T03:54:58-07:00,땅콩엔바나나,굿,4
2019-03-05T03:19:01-07:00,굿,굿,5
2019-03-05T02:29:24-07:00,갑작스런 계정 정지여서 물어봅니다,"오늘 다이아까지 22만원 결제를 했는데 취소라도 해주시고 정지를 해주시던가요 풀어주시던가요
결제한거 취소 해주세요",5
2019-03-05T01:41:56-07:00,굿,ㅅ ㅅ,5
2019-03-05T00:59:45-07:00,굿,굿,4
2019-03-04T21:57:55-07:00,돈 빠져나감,다이야는 안들어오고 돈은 왜 자꾸 나가는거죠? 4만원이상 빠져나간거같은데 다이야 하나도 안들어왔는데 ;;,5
2019-03-04T19:20:01-07:00,ㅎ,ㅎㅎ,4
2019-03-04T17:46:36-07:00,넘잼나용ㅎㅎ,굳,5
2019-03-04T14:37:27-07:00,할만한거같아요,"아직 시작단계라 모르겠지만 그래도 그냉 할만한거 같아요
지동플레이도 좋고",5
2019-03-04T14:02:48-07:00,잼나요,시간가는줄모르고하는중,5
2019-03-04T06:44:47-07:00,편하게 할수있어요,누구나 손쉽게 플레이할수 있어요,5
2019-03-04T06:35:20-07:00,편한 겜,"자동 편하네요 더 해봐야 알겠지만 이제 10분 한지라...
레업이 광속이네ㅋㅋ",5
2019-03-04T06:31:49-07:00,꿀잼,너무재미잇어영 ㅎㅎ,5
2019-03-04T06:25:35-07:00,굿,굿,5
2019-03-04T04:25:12-07:00,재미있네요 킬링타임용,재미있네요 킬링타임용,5
2019-03-04T03:23:12-07:00,꿀잼,꿀잼이영,5
2019-03-04T03:16:17-07:00,잼나요..,여하튼 생각보다 잼나요...,5
2019-03-04T00:51:56-07:00,재미지당,재밋어용,5
2019-03-04T00:31:41-07:00,꿀잼,ㅋㅋㅋㅋ,5
2019-03-03T23:50:31-07:00,좋아!!!!!,좋습니다!!! 재밌습니다!!!!,5
2019-03-03T22:44:34-07:00,아기자기,아기자기함,5
2019-03-03T22:29:56-07:00,장난하나,뭔 리뷰에 댓글 다 똑같이 다네 ㅋㅋ 복붙해? 무과금으로는 230렙이 20렙한테 얻어 터지는 뭐 그런 멍청한 게임임 걍 다 삭제 하고 딴 게임 찾는걸 추천함,1
2019-03-03T20:30:30-07:00,다운을 다시 받은데 안받아지네요,다운을 다시 받는데 결제창이뜨면서 결제를 하라고 하네요 유료 게임이 됫나요?,4
2019-03-03T17:34:11-07:00,굿잼,귯귯,5
2019-03-03T17:29:39-07:00,굿,굿,5
2019-03-03T07:11:00-07:00,존잼,시간 순삭,5
2019-03-03T04:43:29-07:00,28섭 양삥양삥,캐릭이 갇혀서 나가기도 안되고 계속 주성에 갇혀잇습니다 어떻해 해결좀 부탁드려요 움직이지도 않습니다 확인좀요,1
2019-03-03T03:06:08-07:00,잼나요,굿굿,5
2019-03-03T01:43:26-07:00,.,굿,4
2019-03-03T01:19:17-07:00,굿,굿,5
2019-03-02T23:28:58-07:00,재밋음,이응,5
2019-03-02T21:53:40-07:00,.,.ㅁ,5
2019-03-02T21:17:07-07:00,Good,Good,5
2019-03-02T21:07:13-07:00,최고,최고,5
2019-03-02T19:48:45-07:00,ㅋㅋ,나름,5
2019-03-02T18:35:45-07:00,숫,ㄲㄲㄲㄱㅅ펴챠라트츠츠,5
2019-03-02T18:30:44-07:00,젛아요,재밋네료,5
2019-03-02T18:03:15-07:00,가ㅏ가,조아영,4
2019-03-02T17:41:23-07:00,굿,자유전투 해놓고 보고만있어도 재밌어요~!!,4
2019-03-02T14:04:36-07:00,ㅇㅇ,ㅇㅇ,3
2019-03-02T10:18:21-07:00,앙산형게임,머 전형적인 양산형개임  끝|~,2
2019-03-02T07:59:58-07:00,재밌어요,신명이랑 비숫한느낌 재밌어요,5
2019-03-02T07:50:12-07:00,뭐야,왜 리소스 업뎃하면서 계속 꺼지는거죠 해결방법은 어디서 찾는건지 계속 껏다키라고만하고,1
2019-03-02T06:19:52-07:00,재밋어요,재밋어요,4
2019-03-02T05:00:02-07:00,빠른렙업,너무 재미나요,5
2019-03-02T04:23:16-07:00,잼잇습니다^^,전체적으로 잼잇어요^^,5
2019-03-02T03:01:01-07:00,처음하니 재미있네여,광고가 자꾸 아리엘이라길래 한번해보니 렙업하는것도 쉽고 너무 재미있네요 업뎃 기대됩니다,5
2019-03-02T02:13:02-07:00,굿,굿굿,5
2019-03-02T00:42:32-07:00,큼큼,재미있어요,5
2019-03-01T23:28:32-07:00,ㅎㅎ,굿,5
2019-03-01T23:26:31-07:00,좋아연,굳,5
2019-03-01T23:14:21-07:00,조아요,재미잇습니다,4
2019-03-01T22:54:32-07:00,나름,나름 재밋긴한데 루즈한면이잇는듯...,4
2019-03-01T20:51:01-07:00,잼,시간이 금방감,5
2019-03-01T16:52:08-07:00,지도찾기오류,"지도찾기 하고 귀속다이아 보상받았는데
인벤토리에 안들어왔어요
이거 말고도 안들어오는 경우 종종 있는데
오류같은데 해결 좀 해주세요",4
2019-03-01T16:23:24-07:00,재밋어요,할만해요,4
2019-03-01T15:06:19-07:00,긋,굿,5
2019-03-01T14:44:46-07:00,재미있어요,재미있어요,5
2019-03-01T12:15:44-07:00,너무재밌음,"편하고 인터페이스도 이쁘고
시간도 잘가고
완성도 높음",5
2019-03-01T10:16:57-07:00,하루더해봄,ㅎ,5
2019-03-01T09:40:17-07:00,잼나여,좋아영,5
2019-03-01T05:45:12-07:00,아리엘,너무재밌어요 이거할때마다스트레스가없어져요,5
2019-03-01T05:39:24-07:00,굿,ㅎㅎㅎ,5
2019-03-01T04:52:05-07:00,오늘 처음 게임해봤는데 만족스러워요,"단 흠이 있다면 결제하고나면 바로바로 다이야가 안들어와서 불편해요 
그것만 수정해주시면 재미있게 게임 플레이 할수 있을것같네요",5
2019-03-01T03:28:17-07:00,갓경리,갓갓경리,5
2019-02-28T17:53:18-07:00,영호,양호띠,3
2019-02-28T16:17:36-07:00,꿀잼,꿀잼,5
2019-02-28T10:14:50-07:00,아리엘,재밌어요,5
2019-02-28T10:03:15-07:00,ㅎㅎㅎ,현질하래요,5
2019-02-28T10:01:45-07:00,재미잇어요,ㅎㅎ,5
2019-02-28T09:10:03-07:00,광고가̆̈ 계속 나̆오길래 깔았는데,광고가̆̈ 매일 나오길래 재밌을까?하며 깔았는데 진짜 재밌네요👍🏻👍🏻👍🏻👍🏻친구들한테도 추천해서 거의다̆̈ 하고잇습니다😄 아리엘 흥해랏 !,5
2019-02-28T09:07:03-07:00,음,생각보다 나쁘지 않음,5
2019-02-28T08:00:24-07:00,반지,반지랑 게임이되게비슷하네요,4
2019-02-28T05:53:13-07:00,재미있네요,진행속도두 빠르고  재미있네요,5
2019-02-28T05:27:08-07:00,재미,"자동으로 해서 조금 쉬운 것 같지만 그래도 조금은 어렵게 되면 좋은 것 같아요.
아주 조금이요.
저도 어려운 게임은 잘 못해서요.",3
2019-02-28T04:47:21-07:00,앙 기모띠,게임이 앙 기모띠하네요,5
2019-02-28T04:01:22-07:00,최고 잼,굿,5
2019-02-28T02:53:00-07:00,재밌노,적당히 할만하노,5
2019-02-28T02:13:44-07:00,리뷰 보고 시작햇어요,"리뷰 보고 시작했는데 

생각보다 재밌네요 성장하는맛이 잇어요",5
2019-02-27T23:36:44-07:00,빠른렙업,자동사냥 보는맛,5
2019-02-27T22:21:41-07:00,ㅇ,ㅇ,4
2019-02-27T16:56:02-07:00,270 300 레벨 보상 왜안줘요 ?,제고 부족이라고 뜨는데 줄건줘야져 ㅠㅠ,3
2019-02-27T11:25:50-07:00,로ㅓㅍ,ㅆㅅ,5
2019-02-27T07:08:08-07:00,굳,굳,5
2019-02-27T07:05:30-07:00,재미있어요,아무생각없이 편하게즐기기 좋아요 . 현질유도도 막 심각하지 않습니다,5
2019-02-27T05:21:46-07:00,아직은 할만함,더 해봐야 될듯,5
2019-02-27T04:38:42-07:00,기다리셍르,기달,3
2019-02-27T03:35:37-07:00,신나는게임,신나요재미고 흥미가생김니당,5
2019-02-27T02:29:34-07:00,굿,굿,5
2019-02-27T01:04:56-07:00,플레이했던 아이디가 없어졌어요,"제가 플레이했던 캐릭터도 없어지고 다시 로그인하려니까 정보도 안떠요ㅜㅜ 14000원 결제했는데 결제정보 확인하고싶어요ㅠㅠ 아이디는 안보이고 게임도 못들어가고,,",1
2019-02-27T00:26:03-07:00,재미잇어요,재미잇어요,5
2019-02-26T21:02:03-07:00,굿입니다,오랜만에 정말 잼있는게임이네요,5
2019-02-26T16:11:50-07:00,잼있네요,시간때우기좋으네요,5
2019-02-26T05:53:15-07:00,아직은,할만함ㅋㅋㅋ,4
2019-02-26T05:48:32-07:00,리,뷰,5
2019-02-25T22:03:00-07:00,간편함,좋아여,4
2019-02-25T19:19:00-07:00,아리엘 개꿀잼,개꿀잼임 ㅅ ㅅ ㅅ,5
2019-02-25T18:10:35-07:00,ㅎㅎ,ㅎㅎ,5
2019-02-25T12:28:24-07:00,재밌어요,재밌어요 뭔가 다 빠르게 지나가서 뭔지 모르겠지만 나름 좋습니다,5
2019-02-25T10:34:12-07:00,ㅅㅂㄹㅁ,ㅅㅂㄹㅁ,5
2019-02-25T07:36:14-07:00,굿,굿,5
2019-02-25T07:00:43-07:00,ㅇㅇ,재밋을듯 매크로로 퀘도 혼자 진행되니 수월함 맘에듬,5
2019-02-25T04:27:28-07:00,굳,레벨업시원시원 타격감 굳,5
2019-02-25T02:44:03-07:00,긋듯,넘재밋어옄ㅋㅋㅋㅋㅋㅋㅋ,4
2019-02-25T01:13:37-07:00,굳입니다,굳이에요,4
2019-02-24T22:55:16-07:00,굿,재미있네요이게,5
2019-02-24T21:04:42-07:00,꿀잼,굿굿굿 재미 있네요,5
2019-02-24T20:04:57-07:00,베스트,베라굿접!!,5
2019-02-24T17:11:00-07:00,ㄴ,ㄴ,5
2019-02-24T16:20:10-07:00,ㅜㅜㅜ,ㅎㅎㅎㅎㅎㅎㄹㅊ,5
2019-02-24T15:29:42-07:00,괜찮아요.,했을때 불편감 없이 즐겁습니답! 물론 선호의 차이겠죠 ㅎㅎ 굿굿!,4
2019-02-24T12:21:31-07:00,캐릭터 마름에 듬,어린이들이 좋아할 캐릭과 게임 운영 방식,5
2019-02-24T07:38:59-07:00,굿,굿,5
2019-02-24T06:16:52-07:00,음...,빠른진행 굳,3
2019-02-24T05:51:56-07:00,해보슈,할만한고같아요 부담스럽지않아요,5
2019-02-24T04:22:19-07:00,레벨 올리는게 너무 빨라요 !!,재밌습니다,5
2019-02-24T03:38:16-07:00,재미있네요,타격감좋고. 퀘스트가. 즣네요,5
2019-02-24T02:04:07-07:00,ㄱ,ㄲ,5
2019-02-24T01:26:42-07:00,Eyougame 회사,"Eyougame 회사는 참 한가지 기반가지고 비슷한 게임 여러개만들어서 고인물게임을 만둘어내는 참신한 기업입니다.
그냥 현질 몇개 할 수 있게 만들어놓고 거의 방치하듯 하다가 곧 서비스 종료되어서 사라지게될 게임이겠죠
다운받아서 즐기는건 좋으나 현금쓰는 미련한사람은 없길
돈이 많아도 이런건 좀 아니잖아?ㅎ",5
2019-02-23T23:42:46-07:00,첫충전,체크카드 등록하고 첫충했는데 돈은 빠져나가는데 게임상에서 충전이안되요 ㅡㅡ,1
2019-02-23T23:41:57-07:00,실망...,"제가 원하는 RPG는 제발 현질한 사람만 대우하지 마세요
애초애 현질을 만들지마시던가요
나머진 괜춘",3
2019-02-23T18:52:18-07:00,ㅎ,ㅎㅎ,5
2019-02-23T07:47:26-07:00,자동이네,게임이 자동으로 되어서 참 편하긴하네여,4
2019-02-23T07:17:36-07:00,재밌네요,"자동사냥해놓으니 렙도
빨리오르고 재미나네요",5
2019-02-23T05:50:04-07:00,Nenr,Good,5
2019-02-23T05:10:46-07:00,제미있어요 ㅎㅎ,제가 해보니까 할만하네요 좀더해보구요 ㅎㅎ,4
2019-02-23T03:20:53-07:00,답장,그닭. 별로,4
2019-02-22T22:24:58-07:00,아리엘,재밋어여,5
2019-02-22T22:08:19-07:00,자동시스템 강추,"어디나 있는 그거말고 여기만의 자동시스템 완전 강추입니다
게임을 꺼놔도 지정한 시간만큼 자동 사냥을 하는군요
이거 직장인들한테 완전 강추 기능입니다.",5
2019-02-22T08:25:39-07:00,굿굿,해볼만하네요 여러분 같이해요!!!,5
2019-02-22T07:55:22-07:00,충전,아이폰 8이구 14000원을 충전했는데 다이아가 안들어오네요.. 첫충 보상도 안주고 빨리 조치좀 취해주시기 바랍니다,4
2019-02-22T05:05:20-07:00,ㅎㅎ잰있어용,잼있어요 ㅋㅋ 근데 어려우워여,5
2019-02-22T04:39:35-07:00,좋네유,ㅎㄹㄹㄹㄹㄹ,5
2019-02-22T02:21:12-07:00,좋아,좋아,5
2019-02-22T01:45:11-07:00,굿!!,굿!!!,5
2019-02-22T00:25:13-07:00,당황스럽네요,"아리엘을 하게 된지는 2일째에요
페북 계정으로 캐릭터를 여러개 키우다가 실수로
계정을 게스트로 바꾸게 됐는데 게스트로 바꾼뒤 
서버 최근 로그인을 보니 난생 처음보는 캐릭터들이
많더라고요 혹시 게스트 계정으로 캐릭을 키우는 사람들껀가 싶고 그래요 서버마다 레벨도 다 다르고.. 게스트 계정이면 다른 사람들도 다 보이게 공유가 되는건가요? 이거 무슨 오륜가요..",3
2019-02-21T23:53:24-07:00,간단히 즐기는 게임,자동으로 진행되니 초반 어렵지 않게 진행가능하네요,4
2019-02-21T23:16:30-07:00,열심히 확인만누르는...,자동진행되는거면 퀘스트도 알아서 완료됬으면 좋겠네요 구경좀하려면 완료눌러야되고..,3
2019-02-21T18:57:50-07:00,시장 통합화,다른 부분 대부분 다 괜찮습니다. 무과금으로 하기에는 버거운 부분이 많지만 채널을 계속 만드셔서 사람들이 서버에 몇 없는데 흠인데 차라리 시장을 전체채널 통합하여 시장이 활발하게 돌아가게 하는게 어떠실련지요.. 게임은 재밌는데 물건 팔리지도않고 사지도 못하고 흥미가 점점 떨어지는거 같습니다. 이 부분 검토 부탁드리겠습니다.,5
2019-02-21T18:21:10-07:00,현질이 안되네요,"다이아 사려고하는데 구입을 완료 할 수없음 나옵니다 카드등록도 다하고 3일째 이러는데 이유좀요 
폰이 두개라 공기계씁니다 아이폰6s",3
2019-02-21T17:37:20-07:00,다이아몬드 결제 환불,결제 두번햇는데 한번 안 들어왓네여 확인해보고 환불 부탁드립니다,1
2019-02-21T09:44:19-07:00,ㅇㅇㅇㅇㅇㅇㅇ,ㅇㅇㅇㅇㅇㅇㅇㅇㅇ,5
2019-02-21T07:14:29-07:00,아리엘,꿀잼,5
2019-02-21T02:26:47-07:00,우왕,가만있어도 되네여 ㅋㅋ,5
2019-02-21T01:24:19-07:00,굿,잼,5
2019-02-21T00:13:09-07:00,결제했는데 다이아가 들어오지 않아요,결제 했는데 다이아가 들어오지 않네요. 해결 부탁드립니다,3
2019-02-20T20:19:51-07:00,문의,"안녕하세요 게임이 참 재미있는데 충전이 안되네요 ㅠ 
중국사람이고 중국 거주 중인데 충전할 방법이 없나요",5
2019-02-20T16:05:30-07:00,굿,일단 해볼게요,5
2019-02-20T15:26:19-07:00,자고일어났더니,렙업함,1
2019-02-20T09:52:50-07:00,재미가 쥑이네요,재밌습니다,5
2019-02-20T03:00:03-07:00,게임 다운이 안되요 ㅠ 아이폰 7인데,"계속 리소스 다운이 안된대요 
겜하게 해주세요",1
2019-02-20T01:54:01-07:00,저같은 게임고자에게 딱이네요...☆,"게임은 테트리스 이후로 뭘하든 어렵고 복잡해서(귀찮아서) 깔았다가 지우는데 이거는 뭐...
그럴때 있잖아요 게임은 하고싶은데 귀찮고 어렵고 근데 나 게임하는 느낌과 티(???)는 내고싶다 할때 요거 깔아서 걍 켜두면 좋은거 같아요
게임중독도 안되고(???) 그냥 보고플때 들여다보면 되고 
덤으로 연락안되는 남친과의 집착에서도 벗어날 수 있어요 (??????)
추천합니다 ㅋㅋㅋ",5
2019-02-20T01:42:36-07:00,결제를 잘못했어요,결제를 실수로 해버렸는데 반환안되나요 ㅠㅠ,4
2019-02-19T14:40:48-07:00,ㅎㅎㅎ,굿,5
2019-02-19T11:15:30-07:00,직장인이 하기 최고의 게임,너무너무 꿀잼 편한사냥 편한 템파밍 편한 육성!!! 꼭 해보세요,5
2019-02-19T08:51:08-07:00,ㅎㅎㅎ,ㅎㅎㅎ,4
2019-02-19T06:02:09-07:00,재미있어욤ㅎㅎㅎ,만족스러워용 ㅎㅎㅎ,5
2019-02-19T03:27:43-07:00,좋아요,잼잇서요,4
2019-02-19T01:19:56-07:00,굿잼,나이스,5
2019-02-18T22:32:36-07:00,게임이 안 깔려요,하.. 게임이 깔려야 뭐라도 할텐데 게임이 아예 안 깔리네요~,1
2019-02-18T16:43:17-07:00,아직 잘못라 더 해봐야지~~,으이구,5
2019-02-18T15:15:06-07:00,Good,Good,5
2019-02-18T08:21:14-07:00,아직 모르겠음,초반 진행 빠른데 재미는 아직...,3
2019-02-18T07:09:42-07:00,그럭저럭,양산형,3
2019-02-18T04:01:33-07:00,ㅎㅊㅇ,ㅊ초ㅓ,5
2019-02-18T01:16:12-07:00,최고,ㅋㅋㅋㅋ,5
2019-02-18T01:02:39-07:00,..,재미 잇네요,5
2019-02-17T22:43:47-07:00,ㅎ,재밋어영,4
2019-02-17T22:33:58-07:00,좋아요,아직은좋음,5
2019-02-17T18:47:05-07:00,ㅇ,ㅇㄹㄹㄹ,1
2019-02-17T16:57:46-07:00,그냥 저냥?,할만함 ㅋ,3
2019-02-17T15:52:44-07:00,평가,"아직은 더 지나보면 알수 있을거 같아요 
지금은 겜 하고 있음",3
2019-02-17T15:04:49-07:00,오토굿,오토하기좋움,4
2019-02-17T13:20:56-07:00,아리엘라,잼나유,5
2019-02-17T13:06:11-07:00,자동자공,자동된다 쉽다 편하다,4
2019-02-17T08:42:27-07:00,굳,굳,4
2019-02-17T04:54:17-07:00,아리엘,좋네요,1
2019-02-17T02:27:26-07:00,재밌네요,굿굿,5
2019-02-17T01:17:57-07:00,ㅗ오농,ㅠ어너도뉴우ㅜㄱ,5
2019-02-17T00:58:29-07:00,꿀잠,꿀잼입니다,5
2019-02-16T19:49:35-07:00,너누젇,너져옹,5
2019-02-16T14:51:24-07:00,굿,굿,5
2019-02-16T12:47:54-07:00,재밋어요  ㅈ루하디가안아요,재밋어요,5
2019-02-16T12:46:59-07:00,좋아요,게임 재미있네요,4
2019-02-16T09:12:39-07:00,좋네요,좋아요 ㅋㅋ,3
2019-02-16T05:22:52-07:00,구우읏 ㅎㅎ,굳잡~~~,5
2019-02-16T04:20:11-07:00,굿,굿,5
2019-02-16T03:22:10-07:00,아직 잘모르겟어요,10분해서,3
2019-02-16T01:47:22-07:00,아리엘,편하고 잼있내요,5
2019-02-16T00:14:22-07:00,오키,재밋써요,5
2019-02-15T23:18:34-07:00,ㅗㅗㅗ,ㅠㅗㅗㅠ,4
2019-02-15T20:05:12-07:00,결제만 됫어요,첫충전 결제 12000원짜리 결제 2번되고 아무것도 받지 못했습니다... 처리 부탁드립니다,1
2019-02-15T20:00:05-07:00,굳,재밌어요!! 진짜 렙업 개빨라효,5
2019-02-15T19:54:51-07:00,환불,게임이 적절하지않아 하고싶지가않은데 환불요청합니다,5
2019-02-15T19:09:35-07:00,ㅋ,ㅋㅋㅋ,1
2019-02-15T18:06:13-07:00,긋그스긋,긋그스그스그스,5
2019-02-15T17:31:25-07:00,ㅇㅇ,ㅇㅇ,5
2019-02-15T17:26:34-07:00,잼나요,시간 보내기 좋네요 무과금으로는 한계가 많지만 ㅋ,4
2019-02-15T17:06:10-07:00,갑분싸네 로그인이 왜 안되지??,아리엘 어제까지만해도 잘되더니 페이스북으로 들어가서 하는데 로그인이 실패라고계속 그러니요 뭐지,4
2019-02-15T16:49:48-07:00,페북계정 연동했었는데,"로그인 안되고 자꾸 실패라고만 떠여
어떻게 해야되는건지 설명좀 해줘여
하고싶은데 못하게 되서 굉장히 예민함",1
2019-02-15T16:37:09-07:00,로그인 실패,"아이폰 게스트 로그인 유저로 게임을 하고 있었는데 로그인 실패로 접속이 불가합니다
확인 부탁드립니다",4
2019-02-15T06:13:45-07:00,굿,굿,5
2019-02-15T00:35:10-07:00,꿀잼,제목그대로...,5
2019-02-14T21:09:37-07:00,노잼 검사만있어,개노잼 검사만있어 븹올려야 함,1
2019-02-14T20:56:03-07:00,청혼하기,총혼하기를 하는데 금칙어가 있다며 청혼이 안되요...,2
2019-02-14T20:14:07-07:00,할만한게임인듯,과금심하지 않고 타임킬하기 좋은거 같군요,4
2019-02-14T18:47:27-07:00,굳굳,음... 자동시스템 너무 좋아요,5
2019-02-14T17:59:00-07:00,Good,Good,4
2019-02-14T14:54:38-07:00,굿,재밎ㅁ,5
2019-02-14T09:39:56-07:00,자동사냥 굳,편리한 기능 게임으로  마음 편히 즐기고 있습니다,4
2019-02-14T08:49:38-07:00,재밋어요,잘만드셧어요,5
2019-02-14T06:43:09-07:00,재밌어요,"케릭터도 아기자기하고 컨텐츠도 많아서
재미있습니다 완전강추!!!",5
2019-02-14T05:52:04-07:00,긋,굿,3
2019-02-14T04:25:31-07:00,렙업이 엄청빨라유,벌써 65에유,5
2019-02-14T03:13:33-07:00,아직까진,할만해유,4
2019-02-14T02:35:28-07:00,구,굿,2
2019-02-13T17:48:00-07:00,ㅇㅇ,ㅇㅇ,5
2019-02-13T16:51:38-07:00,ㅋㅋㅋ,ㅠㅠㅠㅠㅠ,4
2019-02-13T14:24:23-07:00,재미짐,생각보다,4
2019-02-13T13:20:29-07:00,별 하나도 아깝다,양산형 게임이라도 도가 없다,1
2019-02-13T10:23:25-07:00,게임을하라는건지,아이폰 x 유저인데 게임만 다운받아지고 그후 처음업데이트 왜 아예 안되는거죠?,1
2019-02-13T10:21:44-07:00,ㅇㅇ 꾸르잼,뀨르잼,5
2019-02-13T08:54:19-07:00,재밌네요,재밌습니다,5
2019-02-13T08:10:00-07:00,해봐야죠 이제,해바야 알듯용,4
2019-02-13T07:53:40-07:00,ㄴㅉㅊㅎㅎ,ㄹㄹ호,4
2019-02-13T02:22:22-07:00,굿,"재미나요~
과금하면더잼날듯",4
2019-02-13T01:28:33-07:00,괜츄,괜츄,5
2019-02-12T22:08:03-07:00,그저그래요,말그대로 그냥 보통..,3
2019-02-12T20:50:55-07:00,계정정지,"지금 계정정지당햇어요 어떻게 된거죠?
309렙 공백나름하는게임이라고 이거밖에없는대 이게머죠",1
2019-02-12T20:13:24-07:00,쉬워요 하지만 안녕,"일주일 해봤구요 네 오토 잘되어있는 겜입니다 레벨은 안쳐다봐도 오르니 말이에요, 하지만 과금 아닌이상 겜에 흥을 잃게되네요",3
2019-02-12T18:46:13-07:00,으음..,일단 해봅니다,4
2019-02-12T18:20:59-07:00,재밋네,흐,4
2019-02-12T18:20:05-07:00,재밋어요,재밋어요,5
2019-02-12T16:48:28-07:00,굿,정말 오랜만에 재미있는 게임을 하네요 ㅋ,5
2019-02-12T16:13:03-07:00,ㅇ,으,5
2019-02-12T15:02:34-07:00,아직 잘모르겠음,더 해봐야 알거같은데 일단 자동이라 편하네오,3
2019-02-12T11:26:53-07:00,할만해영,할만합니다 재밋네요,4
2019-02-12T09:26:33-07:00,결제 처리해줘요,결제 처리쫌해주세요,3
2019-02-12T08:54:01-07:00,ㄲ,으아아아아,5
2019-02-12T04:14:04-07:00,재밌어요,업도 빠르고,4
2019-02-12T03:35:05-07:00,굳,굳,5
2019-02-12T02:22:28-07:00,아직까진 나름할만함...,자동컨텐츠 육성이라 좀 지루한 부분은 덜어낸것 같음,4
2019-02-12T00:25:50-07:00,혜택,혜택 270제 보상이 재고부족이던데 빨리좀 지급해줘요,1
2019-02-11T23:42:47-07:00,재미있네요,추천합니다,4
2019-02-11T23:25:19-07:00,왜 삭제돼죠?,몇시간동안 키워놓은 캐릭터가 잠시 꺼놨다가 들어갔는대 사라졌네요 혹시몰라서 새로캐릭생성했다가 지웠다가 들어와도 새로생성한 캐릭밖에 없습니다,4
2019-02-11T20:44:24-07:00,다이아가 안들어오네요,"2월 11일에 69,000원 결재했는데 다이아가 들어오지 않았어요 확인 후 빨리 조치해주세요",5
2019-02-11T09:28:25-07:00,졸잼,ㅌㅋㅋㅋ,5
2019-02-11T04:46:39-07:00,아직잘모르겟음,쥼더해보겟,2
2019-02-11T04:11:09-07:00,제미써요,자동잘됨,5
2019-02-11T01:46:15-07:00,할만하네요,빠른 렙업 좋네요,2
2019-02-10T18:46:00-07:00,ㅇ,ㅇㅇ휸,5
2019-02-10T18:26:56-07:00,쏘쓔,Soso,3
2019-02-10T18:03:38-07:00,ㅎㄹㅎㅎㅎㅎㅎㅎㅎ,ㅎㄹㅎㅎㅎㅎ효,5
2019-02-10T16:49:26-07:00,굿,ㅜㅅ,5
2019-02-10T14:42:20-07:00,굿,굿,5
2019-02-10T14:02:33-07:00,아직먼지모름.,잼나게 해보게요,5
2019-02-10T06:49:53-07:00,재밌네여,ㅇㅇ,4
2019-02-10T04:53:44-07:00,편안하고 재미,ㅇㅇㅇ,5
2019-02-10T04:39:04-07:00,굳입니다요 ㅋㅋ,재밌어요,5
2019-02-10T04:32:16-07:00,재밋어요,재밋습니다,5
2019-02-10T01:46:59-07:00,신선하다,이게자동이지,5
2019-02-09T23:42:12-07:00,재밌네요,잼있습니다요요요요,5
2019-02-09T23:27:24-07:00,재미있네요~,감사합니다~,5
2019-02-09T21:25:35-07:00,잼,졸,5
2019-02-09T15:44:24-07:00,조음,조음,5
2019-02-09T15:28:27-07:00,세상에 없었던 사상 최강의 게임.,"이보다 더 재밌는 게임은 없을 것.
플레이 3분만에 삭제함.",1
2019-02-09T14:19:57-07:00,굿,굿,5
2019-02-09T07:04:02-07:00,이제시작해보는중,고고,4
2019-02-09T06:18:46-07:00,굳,굳,5
2019-02-09T03:14:37-07:00,너무 뭘랄까 할것없이 급속성장이라는 느낌 ...,너무 뭘랄까 할것없이 급속성장이라는 느낌이라서 정신없어요.,4
2019-02-08T19:42:42-07:00,흠 알기도 전에 ㅋㅋ,평가 타이밍이 빠르네 ㅋㅋㅋ,5
2019-02-08T19:27:39-07:00,재미있긴해요,광고 안하면 좋겠어요,3
2019-02-08T19:14:12-07:00,ㅋㅋㅋㅋ,ㅋㅋㅋㅋㅋ,5
2019-02-08T08:05:47-07:00,무과금,나름 갠찮아요 무과금도 쉽고요,3
2019-02-08T07:23:13-07:00,쉽고 간단하네요,현질 유도가 있긴하지만 렙업이 빠르네요 ㅎㅎㅎ,4
2019-02-08T06:43:03-07:00,흐음..?,어린이들 타입?,3
2019-02-08T04:00:36-07:00,재미있음,좋아요,5
2019-02-08T02:39:29-07:00,재미있어요,"잠깐 해봐야지 했는데, 시간가는줄 몰랐네요. 
재미있어요~~~~",5
2019-02-08T00:37:03-07:00,ㅎ,재밋어요!!,5
2019-02-07T20:00:26-07:00,아리엘,재밌어요 자동사냥하기도 편하고 안하면 좀어려워요,4
2019-02-07T19:27:19-07:00,ㅇ,ㅇㅇ,5
2019-02-07T15:21:38-07:00,ㅎ,ㅎㅎ,5
2019-02-07T13:38:49-07:00,ㅎㄹ,ㅇㅇㅇ,5
2019-02-07T10:14:30-07:00,재밋어여!,컨텐츠도 많고 자동사냥으로 간편하게 육성가능!,5
2019-02-07T10:12:41-07:00,게임평가,재밋습니다,3
2019-02-07T09:51:34-07:00,Uuuuuuuuu,Uuuuuu,5
2019-02-07T09:50:06-07:00,겜은쉽고 래밸개빠름 대신 결제만조심할것,현질유도만 안하면괜찮네요,4
2019-02-07T07:24:20-07:00,진짜 개 붕딘같은게임,"혹시 여기 리뷰에 악플달게 한 다음에 고소하려고 게임 만드신거면 ㄹㅇ 개발자님 큰그림 그린거 쌉인정하고 성공했다고 축하하고싶어지는 그런 게임 리스펟 그자체 
#ㅅㅂ#자동사냥#멍때리고20분#이럴거면ai를양산하던가#유저가 호9로보이나#3개월안에섭종한다에눈썹건다",1
2019-02-07T07:04:15-07:00,아리엘,정말 재미 있습니다 아이템도 많고 지루한 틈이 없어요,5
2019-02-07T05:51:41-07:00,일단 이쁨 ㅎ,일단 이뻐서 해봄,4
2019-02-07T03:34:13-07:00,재미있느네요,"레벨업도 빠르고 과금유도도 잘되있는것같지만

레벨업이 빠른게 좋아요 재밌네요",5
2019-02-07T02:27:59-07:00,하기좋은게임,굿굿긋긋,5
2019-02-07T01:30:29-07:00,아리엘,괜춘하네여 빠른진행 굿,3
2019-02-06T22:15:55-07:00,음,그냥 할만해요,4
2019-02-06T21:54:04-07:00,재미ㅛ네요,"일하면서 하나하나 컨트롤 하기 힘든데
짬짬이 그냥 켜놓으면 되니까 좋아요",4
2019-02-06T21:50:36-07:00,굳,굳,5
2019-02-06T19:40:45-07:00,잼나요,잼나요~~,4
2019-02-06T12:07:21-07:00,흠,걍그래,1
2019-02-06T10:07:43-07:00,ㅊㅊ,ㅊㅊㅊㅊ,5
2019-02-06T06:26:19-07:00,잼나네여 ㅎ,과금의 압박이 있지만 ㅋ 나름 잼나여,5
2019-02-06T06:06:18-07:00,다른게임과,다른게뭐니,1
2019-02-06T05:57:13-07:00,ㅇㅇㅇㅇㅇㅇㅇ,ㅇㅇㅇㅇㅇ,5
2019-02-06T05:29:09-07:00,핵과금겜,핵과금 유도겜이네유,4
2019-02-06T03:31:35-07:00,재미있내요,요즘 할만한게임못찾아서 게임을 안하고있었는데 정말 재미잇게 재미 잇게하고잇습니다 .. 중독성강해요 /,5
2019-02-06T02:58:38-07:00,경험치 패치,렙업이 너무 힘드네요ㅠㅠㅠ,4
2019-02-06T00:01:00-07:00,굿,굿,5
2019-02-05T20:48:18-07:00,재밋네요,재밋음,4
2019-02-05T20:26:18-07:00,좋네요,오랜만에 rpg해보는데 퀄리티고 구성도 좋네요!!,5
2019-02-05T18:11:04-07:00,갓겜,굿겜,5
2019-02-05T16:29:04-07:00,새로운 게임,자동적인 게임은 첨인데도 지루하지 않고 재미있네요ㅋㅋㅋㅋ,4
2019-02-05T09:45:05-07:00,ㅎㅎ,ㅎㅎ,5
2019-02-05T09:44:40-07:00,굿,잼나네요,5
2019-02-05T09:11:04-07:00,나름 괜춘,"기대를 안해서 그런가
편하고 좋네요 ㅎㅎ",4
2019-02-05T08:56:29-07:00,재밋네,굿,5
2019-02-05T07:44:52-07:00,ㅎㅎ,ㅎㅎㅎㅎㅎㅎ,5
2019-02-05T06:27:26-07:00,중독성도 중독성이고 재미있네요!,"자동사냥으로 쉽고 편하게 게임할수도 있고 딱히 과금도 필요없는것같아요
렙업도 빠르고 괜찮네요",5
2019-02-05T05:07:48-07:00,잼씀,하다보미 잼씀,5
2019-02-05T01:54:09-07:00,ㅅ,ㅅㅇㅇㅇㅇ,5
2019-02-05T01:52:02-07:00,잼나네요,"처음해봤는데 .쉽고.잼있네요 
다운받아서  해보세요",5
2019-02-05T01:26:13-07:00,재밌네요,굿,4
2019-02-05T01:14:55-07:00,재밋스빈다,재밋습니다,5
2019-02-05T00:20:39-07:00,굿굿,ㄱㄱㄱㄱ,5
2019-02-04T23:49:56-07:00,음.. 역시 현질이 없으면 안되는건가..,흠..,3
2019-02-04T21:06:10-07:00,ㅋ,ㅋㅏ,5
2019-02-04T19:56:57-07:00,지아이란,재밋어여 스킬도 배경도 고화질,5
2019-02-04T19:55:33-07:00,쵝오,재미있네요,5
2019-02-04T19:07:35-07:00,별한개도아까움,다운로드가되다가 오류나서안됨 삭제했다지워도안됨 ㅡㅡ,1
2019-02-04T17:11:47-07:00,재밌습니다,아주 재밌습니다,5
