date,review_title,review_text,rating
2019-06-10T17:09:11-07:00,튕김 좀...,게임 다 좋은데 튕김 때문에 하기가 싫어지네요...아이폰6인데 최적화 너무 대충하시는 거 아닙니까? 1년 동안 4천 번은 튕긴 것 같아요. 제발제발제발제발 최적화 좀,4
2019-06-10T06:54:27-07:00,게임성이나 컨텐츠나 그런 별로인 부분은,어차피 우리나라 게임도 아니고 인터뷰를 보니 제작자들도 이미 잘 아는 사항인 것 같아서 넘어갈게요 구글 로그인이 아이패드에서도 됬으면 좋겠어요 다른 게임들은 구글 로그인이 되는 게임들도 있던데 페그오는 왜 안되나요...? 이 부분이 더 개선되면 좋겠어요,5
2019-06-10T03:12:13-07:00,아이폰5s,페그오 한지도 1.5년 정도가 다되어가며 재미있고 스토리적으로도 신경썼다는것에 감사하며 소소한 과금으로 게임을 즐김에도 개인적인 사유로 게임하는것에 불편함을 느끼네여.. 이것만 빼면 정말 뼈묻을 겜입니다.,5
2019-06-09T10:52:24-07:00,잼씀,접고 복귀하고를 3번정도 한것 같은데 그나마 공명으로 리세마라해놔서 따라갈만 했음. 갠적으로 길가매시팬인데 존버끝에 먹게 되서 겜자체는 안접을듯. 그러니 제발 겜 운영 오래해주세여,5
2019-06-01T22:15:22-07:00,튕김,아이폰6로 게임을 하고 있는데 좀 많이 튕기네요 ㅠ 한스테이지마다 한번씩은 꼭 튕기네요 어떻게 해결 안되나요?,4
2019-05-31T21:48:02-07:00,.,페이트 시리즈를 좋아하는 저로써 정밀 재미있게 즐기는 중 입니다 단점이 있다면 뽑기 확률이 너무 낮다는 것 입니다 재미는 있으니 별점 5점 드립니다,5
2019-05-30T09:29:35-07:00,발암 최적화,"보구쓸때마다 팅기고 넘어가면 팅기고 제발 똑바로 최적화좀해라 
바토리 쓸때마다 미친둣이 튕긴다
제발 ㅆㅂ 아예 없애던가해라 뭐 넣으면 깰수있눈것도 못깬다 ㅆㅂ 보상도 없는주제에",1
2019-05-29T01:09:33-07:00,굿,굿,5
2019-05-27T09:21:38-07:00,이렇게 재밌는걸 이제야 알았다니,인생 절반 손해 봤어,5
2019-05-25T12:52:44-07:00,좆그오 ㅋㅋ,최적화도 안 되고 가챠 확률은 개실좆에다가 피의 폭주에 게임 오류는 잠수함 패치... 푸핰 현질 접는다 이기영,1
2019-05-25T11:16:08-07:00,달빠가 되고싶다면 추천,페스나 페제 아포 엑스트라 등 페이트 애니 중 하나라도 보고서 재밌다고 느꼈다면 걍 하셈,5
2019-05-24T20:08:10-07:00,오류가 뜹니다,"계속 다운하라하고
다운 다 받고 정상적인 플레이되는데 
이제 다시 끄고 키니깐 또 다운로드하니깐 
불편합니다",5
2019-05-24T06:31:03-07:00,Fgo!!,가챠는 나쁜 문명 분쇄한다!! 솔직히 스토리 위주의 플레이만 하신다면 리세에서 헤클만 얻어도 왠만한건 다 쉽게 깰수 있습니다. 무조건 헤클은 얻고 시작하세요 차이가 남다릅니다 ㅇㅇ,5
2019-05-24T03:25:06-07:00,너무너무 재밌습니다,진짜 너무너무 재밌고 스토리도 다양하고 페이트 팬으로서 너무 재밌습니다. 무과금으로도 다양하게 즐길수있어 재밌습니다! 이런게임 만들어주셔서 감사합니다!!,5
2019-05-24T02:16:02-07:00,게임 팅김현상 심함,이번 ccc결국 못하구...그냥 사과3개주고 땡이라서 참 어이없네요...넷마블 참....어휴...,1
2019-05-24T01:11:45-07:00,내 돈,가챠는 나쁜문명 분쇄한다,1
2019-05-22T13:46:40-07:00,한판하고 팅기고 반복,아이폰6플러스인데 뭔 한판돌고 다음판 돌면 즉시 다운됨,1
2019-05-21T11:21:38-07:00,아이폰6 페그오 계속 팅김,"게임을 하는 중에 팅겨서 자꾸 게임이 종료되요..
게임은 정말 재미있게 하고 있는데 하루에 한 두 번 팅기면 그냥 하는데 2~3분에 한 번 씩 팅겨서 게임이 종료되니까 정말 짜증나네요 제발 빨리 고쳐주세요..",2
2019-05-21T04:28:26-07:00,튕김이...,이벤트 튕김이야 말도 못하고 이젠 기본 일일퀘스트쪽도 튐김이 심하네요....아이폰6인데 게임진행을 할 수가 없네요.....,1
2019-05-21T01:47:03-07:00,ㅈㄹ,가챠 몇천번을 돌렸는데 5성하나를 안주나요,1
2019-05-18T22:19:56-07:00,계속 튕기네요,강화나 가치를 할때마다 계속 튕깁니다,3
2019-05-18T19:46:43-07:00,나쁘지가 않다,양산형게임 보다는 낫다,5
2019-05-18T17:44:50-07:00,갑자기 안됨,인증정보를 불러올수가 없다면서 안되네요,2
2019-05-16T23:28:49-07:00,이슈타르,감솨,5
2019-05-16T10:03:06-07:00,재밌어요,"다좋은데 중국에서 자꾸 12시만지나면 
접속이안되고 로딩화면 지속되네요",4
2019-05-14T23:36:30-07:00,다 좋은데...,"스토리, 전투, 디자인까지 굉장히 훌륭한데 자주 다운이 되요 아이폰6입니다. 솔직히 이것 때문에 많이 힘들어요.",4
2019-05-13T23:43:09-07:00,괜찮았어요,픽업사항이 까다롭고 좀 짜증날 때가 있습니다만 그것만 빼면 괜찮아요,4
2019-05-08T23:00:51-07:00,접속이 안돼요 갑자기,인증정보 어쩌구 뜨네요,5
2019-05-08T15:39:55-07:00,문제점,진짜 다 괜찮은데 아이폰6으로 하면 이벤트는 항상 튕겨서 플레이 자체를 하지 못합니다.,1
2019-05-05T18:27:37-07:00,아니 장난하냐 진짜,"아이폰 6로 겜중인데 이번 이벤 시작도 못하고 있음;; 계속 1장부터 팅기고 진짜;; 앱 다지우고 하라는거 해도 팅기잖아;;;; 아오 제발 업데이트 좀 빨리 부탁
안되면 그냥 꼬접한다",1
2019-05-04T06:21:15-07:00,이번 이벤트에 진행중에 앱강종이 너무 심해요,"근 1년을 잘 하고 있는 게임인데요
이번 BB이벤트 진행중에 하루에도 4,5번이나
앱 강종이 됩니다.
음악을 들으면서 하고 있긴 했어도 일년동안
앱 강종은 손을 꼽았는데 말이죠...
카페에도 글을 올리긴 했는데 확인부탁드려요 ㅠ
폰사양
아이폰8/12.2(최신버전)",5
2019-05-03T20:44:27-07:00,어플 튕김현상,"아니 일본거 할땐 튕기지도 않고 잘 했는데 왜 한국거는 그냥 튕기는거죠?
최적화가 된건가요? 아이폰 5s자체가 오래된 폰이긴 한데 일본거 했었을땐 튕기는 횟수가 손에 꼽았어요.
그런데 왜 이건 실행만 하면 튕기기만 하죠?
보구 써도 튕겨, 스토리 들어가도 튕겨, 어플 실행하면 튕겨.
이벤트 하는것도 좋은데, 최적화는 해주고 이벤트 열어요. 유저 많으면 좋다는것도 이해하겠는데, 유저 유지는 해야죠.
이건 뭐 좋은폰으로만 이 게임하라는건가요?
계속 비교되게 일본거 할때랑 게임 환경 자체가 틀려버리네.",1
2019-05-03T00:30:11-07:00,진자 너무 많이 튕김,"이번 이벤 정말 기대하고있는데 평소 튕기던 빈도보다 훨씬 더 많이 튕기고 있어서 아예 스토리 진행을 못하고 있거든요?? 이게 저만 그런건 줄 알았는데 리뷰들 보니 다들 아이폰6에서 이런 현상이 많이 일어난다고 하더라구요 저도 아이폰6사용하고요,,,, 그리고 이런 튕김현상 관련 리뷰가 엄청 많던데 왜 답장같은것도 없고 점검을 했으면 이런 현상들이 줄어야 하는데 점점 느는거 같은가요 제발 좋은 의견들만 보지 마시고 이런 의견들도 좀 봐주시고 확인 좀 해주셨으면 좋겠네요,,,진짜 전투 중에 튕기는 거는 이어하기라도 할 수있는데 시작 전부터 튕기는 거는 몇시간 뒤에 다시 해보더라도 똑같이 튕기더라구요,,,,진짜 이정도면 최적화 한번만이라도 시켜주시는게 어떨까 싶습니다,,,",1
2019-05-02T08:34:05-07:00,아이폰6유저입니다,아이폰6유저입니다 이번BB이벤을 진행할때마다 튕기네요 왜 이런거죠?,5
2019-05-02T01:45:46-07:00,ㅋㅋㅋㅋㅋㅋㅋㅋㅋㅋ,업데이트하고 한번도 이벤트에 들어가지지않네욬ㅋㅋㅋㅌㅌㅌㅌㅌㅋㅋㅋ6라서 그런가욬ㅋㅋㅋㅋㅋㅋㅋㅋㅋㅋㅋㅋㅋㅋㅋㅋㅋㅋㅋㅋㅋ진짜 한 40번 들어갔는뎈ㅋㅋㅋㅋㅋ 한번이 않되네욬ㅋㅋㅋㅋㅋㅋㅋ,5
2019-05-01T05:40:37-07:00,최적화,재밌는 있는데 최적화가 좀 필요할 것 같아요!보구나가챠 돌릴때 자주 튕기더라구요..아이폰6사용중인데 못돌릴 성능은 아니라고 생각하고 다른 아이폰6사용자들도 비슷한 상황을 겪고 있는듯 하니 개선이 필요하다고 생각됩니다!,5
2019-05-01T01:07:39-07:00,복각좀그만해라,노답겜,1
2019-04-30T22:42:04-07:00,아이폰 깔지 마세요,다 좋아요. 앱 평가는 다른 사람들이 다 해줬을테니까 그거 보시고 다 좋은데 아이폰 유저는 어지간하면 깔지 마세요. 계속 튕깁니다. 평소에도 그러더니 지금 이벤트 시작조차 못하고있어요. 아이폰이신분 컴퓨터로 하세요. 공기계 쓰시거나요.,5
2019-04-30T21:07:51-07:00,계속 튕겨요..,이번 이벤트 할려고 들어갔더니 스토리 보자마자 튕겨서 진행도 못하네요 빨리 좀 고쳐주세요;;,1
2019-04-30T16:59:35-07:00,Iphone6 지원이 안되나요?,최근에 자꾸 게임이 종료 됩니다. Iphone6는 더이상 지원을 안하나요??,1
2019-04-30T15:35:13-07:00,게임이 안된다,게임을 플레이 하려 하면 계속 튕긴다. 현제 이벤트 진행중인데 실행도 안되고 튕김.,4
2019-04-30T15:20:48-07:00,진행이 안될 정도로 튕깁니다,아이폰6 쓰는데 이벤 때마다 진행이 안될 정도로 튕기네요 뭔가 진행되고 튕기고가 아니라 같은 데서 열댓번씩 튕기는데 게임을 어떻게 합니까 다시 깔고 램 비우고 해도 안되네요,1
2019-04-30T06:48:42-07:00,튕기는거 좀 심해요,아이폰 6로 하는 유저인데 요즘 튕김현상이 너무 많이 일어나요 어떻게 좀 해주세요 거의 3~4번 이상으로 튕겨요 세라프 이벤 시작할려는데 로딩 중에도 튕기고,1
2019-04-30T04:20:12-07:00,감사합니다!,"다운로드 기다리는 시간에 한번 써봅니다!
게임하는게 딱 제스타일이고
내용도 좋고 서번트 아이들도 좋습니다.
(5성은 없다는게 함정)그래도 애정이
중요하니까요?! 여하튼 사람마다 개인차가
존재하겠지만 적어도 저는 상당히 좋은
게임이라고 말할수 있답니다! 
아,근데 저 아이폰 6s인데 자꾸 게임중에
튕겨요. 그거때문에 조금 귀찮다는?",5
2019-04-30T04:16:15-07:00,계속튕김,간만에 이벤트 뛰려고 들어왔는데 뭔ㅋㅋㅋㅋㅋㅋ오픈 아이즈인가 그거 스토리 열리기 직전까지만 나오고 계속 튕겨서 한 6번정도 들어갔나 나왔다했ㄷ음 왤케 튕기냐 걍 게임하지말라고 말로해라,1
2019-04-30T02:47:25-07:00,안 뜬다 개씨,확률이 개같아 개같은 놈들아 겨우 5성 뜨나 해도 픽뚤되서 개같은거만 나오고 진짜 왜그래,1
2019-04-30T01:36:28-07:00,발적화,졸라 튕겨대서 뭘 할 수가 없음 잘팔린다고 손놓고 있지 말고 최적화좀 하셈;,1
2019-04-30T01:22:52-07:00,가챠좃망겜개머지 되고싶지 않으면 하지 마셈,원하는거 절대 안나올때가 더 많음,1
2019-04-29T22:54:26-07:00,서비스 오래오래 해주세요,오래오래 부탁드립니다,5
2019-04-23T02:45:06-07:00,꼭 해라,나만 과금 할 순 없지,5
2019-04-19T22:12:00-07:00,구입 목록 삭제점,이제 안하는데 광고 엄청 뜨네 ㅡㅡ,1
2019-04-18T05:36:11-07:00,제발,제발 5성좀 떠주세요,5
2019-04-18T04:18:42-07:00,연동,"구글계정연동도 추가해주세요
페북으로처음부터하기싫어요",1
2019-04-17T22:08:18-07:00,이제 오픈하고 좀 지났으니 대충 운영하나요??,"만우절 이벤트 씹어놓고 보상하나없고, 이번ccc직전 돌이랑 사과 주는 것도 일그오,미그오는 뿌렸던데 굳이 일그오 안 따라가는 이유가 뭐죠??서비스가 믿음이 안가면 남는놈 없음",2
2019-04-15T06:52:43-07:00,서버,퀘스트 하나 하는데 대체 몇번이나 튕기는지 기가 막혀서 말이 안나와요ㅋㅋㅋ,1
2019-04-12T10:17:46-07:00,최적화좀 해주세요 제발,지금 아이폰 6+쓰는데 진심 엿같음. 그래픽도 딸리는데 배그보다 렉이 심함. 적어도 배그는 튕기지는 않지 이거는 그래픽도 단조로운 주제에 최적화 진짜 좆같이 해놔서 뭐만 하면 튕기네. 전투한번에 1~2번은 기본이고 고난도는 엄두도 못냄. 차라리 일그오가 더 낫겠다 싶음. 원랜 별 5개로도 모자란 갓겜인데 플레이를 못하면 별 한개도 아까움. 최적화좀 해요 제발.,1
2019-04-11T07:55:36-07:00,프롤로그 완료,재밌게 즐겼습니다.,5
2019-04-10T17:53:37-07:00,화면최적화,아이폰x를 사용하는 유전데요 개임너무재밌고 좋은데 화면태두리가 다짤려요 전체화면으로 하고싶은데 창모드로 하는거 같아요 이거만 최적화되먄 참좋을꺼같아요 빠른 개선 부탁드립니다ㅎㅎ,5
2019-04-09T08:36:41-07:00,앱 튕김 현상,앱 튕김 현상이 너무 심해요. 캐시 데이터도 몇 번이고 지워보고 강제 종류 후 다시 시작해보기도 했는데 보구만 쓰면 앱이 튕겨서 보구가 있는데도 쓰지를 못합니다. 이건 무슨 버그인가요. 어제 오늘 계속 그러는데 근시일내로 시정 부탁드립니다.,1
2019-04-07T06:17:19-07:00,오늘(3월 13일)따라 왜 이리 안들여가지는데,진짜 스토리와 다른건 좋지만 대이터 네트워크로 들어가도 죽어라고 안되냐 작작 좀 안되라고,1
2019-04-06T23:07:47-07:00,참다참다 리뷰 적습니다,메이지 유신 전 이벤트 까지는 보구 쓰면 무조건 튕겨서 열받았는데 이번엔 적 죽을때마다 튕겨요 미뤘던 폰 업뎃도 하고 몇번 다시 깔고 캐시 클리어해도 안되서 짜증 났는데 리뷰 보니까 아이폰6 이하면 다 그런거였나요 이벤트 뛰지 말라는 걸로 알고 겜 접으면 됩니까? 패치 제대로 해주세요.,1
2019-04-06T20:06:34-07:00,스토리 캐릭터매력 별5성이지만 가챠는 1성,줄여서,5
2019-04-06T19:18:51-07:00,인리수복의 함정에 걸리고 말았다.,후배가 꽤 세더라... 그리고 별사탕 좀 줘라.,5
2019-04-06T01:38:25-07:00,자꾸 꺼짐;;,"저 페그오 초창기 부터 해왔는데 요즘 따라 배틀 끝날때 마다 계속 자동으로 꺼집니다.
답답했지만 팬심으로 참고 했지만 더이상 못참겠어서 말합니다. 제발 좀 고쳐주세요.ㅠㅠ",5
2019-04-05T09:24:20-07:00,4월3일 이후로 렉이 너무 심해서 못하겠어요 ㅜ,아이폰6인데 이거 어떻게 안되나요...,2
2019-04-05T00:01:11-07:00,IP의 힘,"솔직히 이 게임은 잘만든 것이라 할 수 없다. 그러나 페이트가 가지는 IP의 힘은 어마무시하다. 사람들은 이 스토리나 세계관, 등장인물에 빠지고 몰입하게된다. 하물며 다양한 창작인들에 의해서 더욱이 게이머들에게 관심받고 사랑받게된다.",5
2019-04-04T01:23:27-07:00,아이폰 6이하는 하지마세요,욕나옵니다 ㅅㅂ 램이 딸린건지 어쩐건지 패치를 할 때마다 튕김현상이 잦아집니다 아이폰 7이상은 틩김이 별로 없거나 아얘 없다하니 그렇게도 이딴 발적화게임 하고 싶으면 아이폰 7이상을 사거나 pc에서 플레이하세요,1
2019-04-04T00:05:03-07:00,마기아레코드나..,마기아레코드 수입 출시해줘요 제발..,5
2019-04-03T18:14:43-07:00,접속이 안되요,"하룻밤 켜놓고 잠들었는데 
인증정보를 불러올 수 없습니다
게임을 다시 시작해주세요. 라는 말 만 뜨고 
접속이 안되요.
어떻해야하나요..",5
2019-03-30T22:27:16-07:00,그냥 느긋하게할생각,무과금으로  갈때까지가본닷,5
2019-03-30T04:21:20-07:00,굿굿,첨 접하는 유저들은 다소 헷갈리는 용어가 많네요,5
2019-03-29T22:40:47-07:00,이야기가 재미있는 게임,스토리는 진짜 탄탄하고 재미있기도 하고 다른 게임들하고 확실히 차이가 납니다. 다만 그 외의 것들은 다른 모바일 게임들하고 다를바 없거나 더 좋지못한 모습을 보입니다. 특히 캐릭터 가챠가 확실히 문제가 많다고 봅니다 확률도 그렇고 예장이라는 장비랑 같이 묶어놔서 원하는 캐릭터를 얻으려면 잘못하면 통장 하나 텅텅비는건 시간문제.,4
2019-03-26T07:26:44-07:00,페그오 구다구다 혼노지 3월 26일자 퀘스트가 이상하ㅔ요,자꾸 상대 턴에서 넘어가지지 않습니다 다시 실행해봐도 그렇구요,3
2019-03-23T00:19:44-07:00,자꾸,"팅김니다 
어떻게해좀 해주세욥",1
2019-03-19T23:24:47-07:00,지려보렸자너,"스토리 탄탄하자너 
보이스 달달하자너
가차 너무힘들자너
일러스트 이쁘자너",5
2019-03-17T02:58:39-07:00,할만한거같으데,재미있는거깉긷·학·. 음 지ㅣ밌는건가,5
2019-03-16T00:52:16-07:00,흑잔이 왜 1년?,아니 미친 게임 왜 흑잔 얻는데 1년이 걸립니까?,1
2019-03-14T05:42:01-07:00,굿,ㅇㅇ ㄱㄹㅎㄷ,5
2019-03-14T03:48:18-07:00,캐릭 수집 갓,"캐릭터 종류도 그렇고,스토리도 많아서 괜춘한 게임",5
2019-03-14T02:40:48-07:00,다좋은데 너무 팅겨,한판마다 팅기는데 기종은 아이패드 미니 입니다 아이폰6에서도 팅기네요...,3
2019-03-14T00:42:03-07:00,재밌습니다.,^_^,5
2019-03-13T04:03:59-07:00,대체 왜 ㅠㅠㅠㅠㅠ,"왜 이렇게 튕기는 거야...ㅠㅠㅠㅠ
이벤트 진행 하나도 못하잖아요ㅠㅠㅠㅠ",2
2019-03-10T19:33:54-07:00,꿀잼,개꿀잼임,5
2019-03-10T01:19:39-07:00,좋네요,5성 확률이 극혐이긴 하지만 그래도 재밌게 플레이 하고 있습니다. 세이버 쵝오,5
2019-03-09T21:15:42-07:00,계정 덮어씌우기,예전에 안드로이드에서 쓰던 계정을 페이스북으로 연결해서 아이폰으로 쓰고 애플 계정을 부계로 쓰고 있었습니다. 그런데 애플 계정으로 쓰다가 다시 페이스북 계정으로 전환하는데 갑자기 페이스북 계정이 애플 계정으로 덮어씌어 졌습니다. 안드로이드에선 그 계정이 살아있긴 한데... 이거 어떻게 안될까요,4
2019-03-03T13:09:09-07:00,IP 아니었으면 진작 섭종했을 쓰레기 게임,"게임도 아니라, 유사게임임 가챠정책 악랄하다 에효
0점 주고 싶은데 1점이 최대네",1
2019-03-02T17:21:32-07:00,재밌게 하고 있어요!!!,"버그, 오류 어물쩍 넘기지만 않으면 재밌는겜!!",5
2019-02-27T07:54:51-07:00,계정연동오류,핸드폰을 안드로이드폰에서 아이폰으로 바꿔서 구글 계정으로 계정 연동후 새 폰으로 데이터를 옮기려고 했습니다 안드로이드 폰 자체에 두 개의 구글 계정이 로그인 되있어서 그 중에 하나의 계정을 선택했으나 10분이 넘게 기다려도 연동 완료가 표시되지않고 프로그래스 바만 떠서 백버튼으로 취소 후 게임을 재실행 했는데 자꾸 설정 정보를 불러올 수 없으니 게임을 다시 시작해 달라는 메세지만 뜹니다 왜 이러는 거죠? 복구 못하나요? 문의하려했으나 게임이 접속되지 않으니 문의 창구를 찾기가 어려워 이 쪽에 남깁니다 해당 리뷰란에서 답변 하는 것이 어렵다면 mingje89@gmail.com으로 메일 주세요,1
2019-02-27T05:01:55-07:00,역시 시간 떼우기 게임,굿,5
2019-02-27T03:06:16-07:00,게임은 재미를 어디에서 찾느냐가 중요함,"스토리 그런거 그냥 다 스킵.
 뽑기할 때의 긴장감, 짜릿함, 허탈함이
 제가 느끼는 이 게임의 재미.
 오늘도 손이 근질근질",5
2019-02-27T01:56:52-07:00,모바일 게임사에 길이 남을 명작,"한편의 장편 대서사시와도 같은 치밀하게 짜여진 스토리라인과 작중 캐릭터 및 전투씬의 고퀄리티, 거기다 캐릭터를 모으고 육성하는 시스템 또한 게임의 흥미를 더해주는 말그대로 수작 중 수작입니다. 모바일 게임이라고 하기에는 믿기지 않을 정도네요.",5
2019-02-27T00:51:28-07:00,걍,"에초에 이 겜을 하는 친구는 대부분 달덕후 놈들일 테니 애정을 가지고 하는 거임.. 창렬가챠 확률이랑 퍼센트를 공개하는 건 일섭도 당연히 하던 짓이고  일섭이나 한섭이나 양쪽다 안 뽑히니까 5성운 잘 기대도 안해. 그러면 하다 못해 이벤트 같은 건 좀 잘 따라가고 ios만 패치 늦게하게 만들지 말고, 진행만 일그오랑 비슷하게 가도 욕은 안한다.",5
2019-02-26T22:52:43-07:00,다른 단점들을 스토리 하나로 다커버하는겜,"처음에 접할땐 뽑기때문에 할까말까 고민했는데 막상 하고나니 성능캐보다 애정이 점점 우선이 되고 
스토리도 진행되면 될수록 모바일겜에 이정도의
스토리가 있다는거에 놀라울 따름
이 스토리 뽕맛에 취해 하는중 
뭐 금테서번트만 취급하는 사람들이면 어쩔수 없지만
굳이 금테 아니더라도 스토리 진행 문제없습니다
자신이 스토리를 중시한다면 이게임 충분히 할만한 
가치가 있는 겜이라 생각합니다",5
2019-02-26T21:18:36-07:00,최애 생기면 못빠져나감,이게 겜인가 싶지만 더 빡치는 건 흑우에서 벗어나지 못하는 나다,3
2019-02-26T20:56:37-07:00,5성 개쉽개나오는데 무엇?,넘모 행복~ 모리어티 쉽게 뽑혔죠? 다음은 키아라 간닷!!!,5
2019-02-25T14:27:24-07:00,뚤잼,굿 ㅋ 재밋다,3
2019-02-25T11:12:44-07:00,아이폰 원래 이런가요,정말 좋아요 재밌죠 그리고 폰을 아이폰6s으로 바꾸고 열심히 이벤트를 돌리는데 보구쓰다 튕기고 가챠하다 튕기고 그냥 튕기고 오래하면 튕기고 그러는데 해결방법이 있나요 일본 페그오는 그런 문제없이 잘 돌아가는데 말이죠,5
2019-02-25T05:28:57-07:00,신챠 아이폰에서 대화상자 안보여요,"마이룸에서 대화할때 음성은 들리는데 대화상자가 안보입니다~ 영기일람들어가서 확인해도 똑같아요 한글 대화상자 안보입니답 

그리구 프랑 갈았는데 레프가 안나왔어요 확인좀 해주세요",1
2019-02-24T20:57:12-07:00,제발 최적화 좀 합시다,"어느 순간부터 전투 한 번 할 때마다 튕기더니 이젠 보구 쓸 때마다, 심지어 소환, 강화 같은 비전투 시스템 굴리다가도 곧잘 튕겨서 게임 하기가 힘든 수준임. 버젓이 지원하는 단말에 포함되는 폰을 쓰는데도 서비스가 너무 구림. 거 최적화 좀 제대로 하십쇼. 기본적인 쾌적한 진행도 못하는데 이 게임에 뭔가 투자할 가치가 있는지 의문이 듦.",1
2019-02-23T02:19:24-07:00,튕김 좀 고쳐러,1부 종막이후 튕김현상이 너무 심해졌습니다 1판을 체 못끝내겠어요 시도 때도 없이 꺼지는 것 좀 고쳐요,1
2019-02-22T05:11:44-07:00,그냥 똥겜 가챠확률이 씹극악,이거하면 인생 날려요 일본판 넥슨겜이니까 하지마요,5
2019-02-17T08:00:23-07:00,"재밌지만 픽업률이,,","이야기 구성이나 비주얼이 좋지만 창렬적인 가챠율은 힘드네요 역시.,,",4
2019-02-16T09:48:15-07:00,이거너무좋아요,너무좋아요,5
2019-02-13T00:21:23-07:00,보상 사과3개,야이 씨방러들아 고작사과3개로 버그를 덮으려해?? 개쉐키들 아니야,1
2019-02-11T10:21:23-07:00,오글거리고 오덕스러움으로 점칠된 게임,"조울증 환자 아라쉬
별의 별걸 다 여케화 시켜놓음
종장까지 보고 나니 로망(솔로몬)이 개뻘짓해서 이 사단 남.
그래놓고 중2식 감성 뿜뿜하며 거룩한척하는 희생. 역겨움.
포우 거리는 못생긴 마스코트는 중반부터 뭐 있을거 같이 뿌려대더니 걍 부활 한번 쓰고 끝.

중2감성과 오덕스러움을 버틸 수 있으면 하세요.
스토리는 가오+오덕+중2로 설명됨",1
2019-02-08T22:03:27-07:00,아이폰 xr 화면 비율 지원,화면 비율 패치 않하는건가요 도대체 기기별 화면 비율 패치 해상도에 맞춰야 되지 않나요 당신들 18:9 18.5:9 21.5:9기기도 나오는데 해상도 화면 비율 패치 않하고 경 내버려 두는건가요  별1점만 주고 갑니다 언제 패치 할건가요,1
2019-02-08T17:43:17-07:00,다 좋은데 자동전투좀 만들어줬으면 다시 할꺼 같은데 아쉽네요,.,4
2019-02-04T00:23:52-07:00,단도직입적으로 리뷰함,"장점
스토리: 한국판 양산겜이랑 차원이 다름, 짜임새있음
이벤트: 보통 한달에 두번-매우 많이 열리는편이며 
스토리, 볼륨역시 대게 훌룡함
캐릭터: 각 캐릭터마다 대게 매력적인 스토리를 가지고 있음 게임에 대한 몰입에 크게 도움줌

단점

전투: 페그오 전투씬은 저세상겜 수준임. 전투 커맨드 창에서 뒤로가기 버튼이 없어 실수로 누르면 재접속 해야하고 캐릭터의 보구(궁극기)는 스킵버튼이 없음.

뽑기: 페그오는 성정석이라는 재화로 캐릭터, 예장(강화탬)을 뽑을수 있음 근데 이게 따로 나눠진게
아니고 하나로 통일되어있음 나는 캐릭터를 뽑고싶은데 예장만 나오는 경우도 있음 님이 100만원을 꼬라박아도 5성 예장은 나와도 5성 캐릭이 없을수도 있다는거 
성정석도 정신나간 가격임 95,000원에 성정석 167개임 약 10만원에 50회 뽑기를 돌린다는건데 실질적으로 100회를 뽑아도 4성 캐릭터 하나 뽑기 힘들다는건 페그오 유저는 다 알고있을정도
특히 한국버전만 그런지는 모르겠는데 동일 캐릭이 4연속으로 나오는 경우가 있었음 확률조작도 의심하기 충분함

필자는 작년 스카자하픽업때 복귀해서 100만원을 꼬라박고 올해 1월에 복귀해서 150만원을 꼬라박았음
타 게임에서 볼수있는 마일리지같은 기능이 없는 이 겜은 유저의 돈을 빨아들이는 블랙홀임
리니지같은게임이 국정감사로 가는게 아니고 이 게임이 국정감사 가서 사행성 갔으면 명치 뚫리고 개털렸겠다고 생각함

비교없는 PvE게임, 잘 퍼주는 게임은 무과금 유저나 할 말이고 달에 5만원 이상 가는 과금러는 꼭 알아두셈
이 겜은 지른 돈에 대한 확정 보상이 없음",5
2019-02-04T00:14:55-07:00,꿀잼,"내가 하는 유일한 폰겜입니다. 너무 꿀잼이에요. 게임 시스템은 호불호가 갈릴 수 있겠지만, 스토리는 완벽합니다. 가챠 확률이 낮아 많은 유저들한테 욕을 먹지만 그래도 뭐.. 무과금도 충분히 스토리 깰 수 있습니다.",5
2019-02-03T20:16:02-07:00,팩트는 운빨임 ㅇㅇ,단차만 돌려도 길가랑 헤라클 보구5렙찍는다 손탓ㅇㅇ,5
2019-01-27T08:12:00-07:00,돈 먹음... 내돈...내돈 내놔...,"새벽에 망설이다가 구매 했는데 돈만 먹고 보석이 안 뜨네.. 밤이라 전화도 할수 없고.. 내돈...... 이런경우 처음이네..
아 진짜 기분 참...",1
2019-01-24T20:59:58-07:00,과금없이 사냥도 거의 불가능,돈 많은 분들용 게임,1
2019-01-22T09:58:47-07:00,달빠입덕,늦었지만 시작하려고합니다! 이거 원 컨텐츠가 너무 많아서 시간가는줄 모르겠네요ㅎㅎ,5
2019-01-21T00:40:32-07:00,나스 키노코의 필력이 좋다,"종장 스토리 읽고 눈물 찔끔났음

다른 여타의 양산형 게임과는 차원이 다른 스토리임 
스토리 클리어를 목적으로 한다면 나쁘지 않은 게임이라고 생각함 
전투가 좀 노잼에 보구 스킵이 안되는게 똥같아서 그렇지",4
2019-01-19T02:05:25-07:00,페이트 시리즈를 아는 사람들은 재밌게 할 수 있는 게임입니다.,"가챠가 창렬한 점은 여느게임과 다를게 없지만, 

어중간한 고급 서번트보다 성능이 좋은 이벤트 배포캐릭을 준다는 점에선 다른 게임보다 혜자라고 졸 수 있습니다.

자동사냥기능이 없다는 점이 장점이자 단점입니다.
여러가지 연출을 볼 수 있는 것이 장점이지만 그 장면을 스킵 없이 계속 보게되는 것이 단점입니다.",4
2019-01-18T20:35:56-07:00,지렸다,꼭 깔아라,5
2019-01-18T08:15:41-07:00,Hoxy...,공멀이 없나요?,5
2019-01-18T05:52:38-07:00,얼터즈사랑해,"한번 시작하면 한시간은 기본인 게임,,, 넷마블 서비스도 괜찮고 애들도 귀엽고 스토리도 퀄 높고 다 좋아요! 다만 가챠는....나쁜 문명....",5
2019-01-18T03:46:21-07:00,할 사람은 하는 게임,달빠라면 해야하는 게임. 운영 미숙으로 별 하나 뺍니다.,4
2019-01-18T02:29:02-07:00,재밌게함,공명없으면 겜하기 싫을듯,5
2019-01-17T23:29:11-07:00,페이트팬이면 할만 아니면 하지마세요,"페이트 팬이면 캐릭터 모으는 재미에 현질도 하고 리세마라도 하는데,
아무것도 모르는 친구들 추천해주니
전투가 너무 단순하고 지루하다 하네요 

이게임은 오직 캐릭터성이랑 스토리만 보고 하는 게임임을 아시고 시작하셨으면 좋겠어요
그러면 실망감이 덜할것 같구요 더불어 자본도 많이 드는 게임입니다
본인이 수집욕이 없고 이런저런 캐릭터가 보고싶다 스토리 진행을 하고 싶다 하세요
스토리는 그럭저럭 무과금으로 깰수 있고 프렌드 캐릭터 빌려서 전투를 할수도 있으니 깨시는데는 무리가 없을겁니다",3
2019-01-17T21:59:58-07:00,일판부터 하고있었는데,가챠가 창렬인건 페그오이기때문이다. 라는 생각하고 그래도 나름 이것저것 잘 모아가며 하고 있네요. 이 게임은 원래 그래요. 그게 싫으면 안해야해요. 난 걍 할래 그거말고는 너무 재밌어.,5
2019-01-17T21:37:51-07:00,킹하산좀 줘어어,할이부지ㅣ이이이,1
2019-01-17T02:07:17-07:00,튕김버그좀고쳐주세요,다른건 다 좋은 갓겜인데 ios12.1.1로 업뎃하고나서부터 계속 게임이 튕겨요 최적화좀 해 주세요,4
2019-01-16T02:40:45-07:00,조낸재밌다,나이서른하나먹고 조낸잼게하고있다 ㅋㅋㅋㅋㅋㅋㅋㅋㅋ,5
2019-01-15T22:35:31-07:00,폰을 바꿔서 계정연동을 하는데,아이폰에서 안드로이드로 넘어가서 계정을 페이스북으로 연동해서 옮길려했는데 실수로 바꿀 안드로이드 계정을 페이스북에 연동해버려서 그런데 혹시 페이스북에 연동된 계정을 따로 풀 방법 없나요??,5
2019-01-13T22:16:15-07:00,솔직히 재밌다,오타쿠같아도 재밌다,5
2019-01-13T21:35:44-07:00,우익여혐,우익겜....여혐겜...,1
2019-01-13T06:39:05-07:00,페이트 좋아하는사람이라면,한번쯤 해볼만함 과금 어중중간 할꺼면 안하는게 나음 확률 답없음 확차 복주머니 5성 이벤트 할때만 그때 쓰고 쓰지마셈,1
2019-01-12T18:51:54-07:00,도대체 어플 관리를 어떻게 하는거죠?,이미 네이버 공식 카페에선 여러 아이폰6 유저들이 중간중간 겜이 멈추는 오류때문에 불편해 하는데 도대체 언제쯤 업데이트 해주시는거죠?,2
2019-01-12T08:21:07-07:00,좋은겜이지만...,역시 뽑기가 힘든거빼고 다좋아요,5
2019-01-10T19:35:29-07:00,제 마나프리즘이 사라졌어요,"방금 3성 라이더 종화 3개 갈아서 딱 20개 만들고
호부 사러 갔는데 갑자기 마나프리즘이 다 없어졌어요
제발 복구시켜주세요 ㅠㅠ",3
2019-01-07T10:07:31-07:00,할수록 재밌네요,다시 시작 했습니다,5
2019-01-07T07:49:00-07:00,게임 재생이 안돼요,"아이폰 7으로 해외에서 하고있는데 들어갈수가 없어요.. 사유로는 서버에 연결이 안된다는 둥 하는데 서버 완전 괜찮거든요 ㅠㅠ 초반에는 그러지 않았는데  ,, 왜 그런거죠?? 저번에도 그래서 게임을 삭제했다가  다시 깔았던 경험이 있거든요!!!! 도와주세요!!!'",1
2019-01-02T21:54:52-07:00,아이폰 튕김,"아이폰6 로 겜을 하는 유저인데
진짜 쉴새없이 게임이 튕깁니다 어쩔때는 겜도중에 튕기거나 서번트 뽑기할때도 튕겨서 뭐가 뽑혔는지도 모를때가 있습니다 심각해요 
해결좀 해주세요",5
2019-01-01T16:32:05-07:00,재밌는게임!!,"굉장히 쟈밌는게임이고 스토리가 탄탄한 개임이지만
스테이지를 깨기위해 강력한 서번트가 필요한데 가챠에서 잘 떠주질 않네요 ㅠㅠ",5
2019-01-01T06:03:47-07:00,페이트팬을위한,비주얼노벨,5
2019-01-01T02:54:17-07:00,튕김,재밌게 하고 있는데 이번업데이트 한 뒤부터 자꾸튕김 보구쓰거나 갸챠돌릴때마다 튕겨서 미치겠음 고쳐주삼,5
2018-12-31T07:45:13-07:00,정보이전이 안되요,"지금 아이폰인데요 전에핸드폰이 구글쪽인데 제가 아이폰 으로 데이터라고 해야할까 아이폰 게임쪽에 데이터가 있어서 구글쪽으로 옮길수가 없어요 그래서 이것을 옮기는 방범이 없나요 ㅜㅜ하고는 픈데 안되서
제가 나중에 핸드폰을 다른기종으로 샀을때에도 불편해서 ㅜㅜ",3
2018-12-30T20:11:45-07:00,화면크기,아이폰xr 쓰고있는데 화면크기가 너무 작아요 이거 해결해주세요,5
2018-12-30T19:08:39-07:00,지금,인리수복 완료하고 멀린픽업이라 부계리세마라중인데 다른 픽뚫도 좋으니까 5성 하나만 주세요ㅠㅜ,5
2018-12-29T18:21:12-07:00,확률조작,게임은 카드게임이라 보면 됨. 문제는 말 많은 뽑기 시스템. 한물간 케릭터는 금방 뽑히게 하고 새롭게 등장한 케릭은 확률을 조작해 뽑기가 어렵게 해두었다.,1
2018-12-29T07:22:15-07:00,아주,재밌습니다 페이트를 좋아하는 사람이라면 한번 해보시길,5
2018-12-29T00:50:44-07:00,스토리조운듯,중간중간 이상한말하는애들(검은수염같은애들) 이랑 빻은 캐디/설정/일러 말고는 괜찮음,5
2018-12-26T05:10:54-07:00,잼,있다,5
2018-12-23T07:04:49-07:00,아이폰 튕김,"종장 업뎃 이후 마신주 잡을때 마다 튕겨요ㅜㅜㅜ
개선 좀 해주세요",3
2018-12-22T08:02:37-07:00,렉좀 고쳐주세요,튜토리얼 같은 곳에서 약속된 승리의 검을 사용하면 화면이 하얗게 변하면서 넘어가질 않네요. 기종은 아이이폰X 입니다.,5
2018-12-21T07:23:02-07:00,ㅇㅇ,재밋네,5
2018-12-20T23:35:34-07:00,ㅇㅇ,ㅇㅇㅇㅇㅇ,5
2018-12-20T07:12:27-07:00,결제 오류,"성정석 95000원을 질렀는데 계정으로 현질한 성정석이 들어와있지 않습니다
빠른 문제해결 부탁드리겠습니다",5
2018-12-20T06:25:48-07:00,재밌습니다.,달빠이기 이전에 스토리의 짜임새가 매력적입니다.,5
2018-12-20T05:59:44-07:00,아이폰 6 페그오 돌리면 튕김현상 많아요,갤 9로하면 멀쩡한데 튕기는 현상이.. 남이 내캐릭 서포트해서 쓰는순간 튕기는거같네요 튕기고 재접하면 내캐릭 서포트로 썻다고 하면서 포인트 쌓이는 문구가 무조건 나옵니다 수정해주세요,5
2018-12-20T05:45:51-07:00,스토리 보려고 하는 게임 (렉 많음),"가채 확률 창렬한 건 다들 알고 있을 테고, 하여간 이 게임은 나스가 쓰거나 감수한 스토리 읽으려고 한다고 봅니다.

그나저나 종장 업데이트 이후로 1GB RAM 기종들은 자주 뻗어버리네요. 최대한 빨리 해결되었으면 좋겠습니다.",4
2018-12-19T23:58:23-07:00,최고다. 마슈짱,이하동문,5
2018-12-19T23:25:48-07:00,겜속도가 너무 느려,겜진행이 너무 느려,2
2018-12-19T19:39:45-07:00,멀린 픽업 매출 1위 가즈아!!,멀린 뽑았다. 겜 할맛 나네 꾸르잼!,5
2018-12-19T11:48:31-07:00,재밌기는 한데,저만 좀 자주팅기나요?? 가챠 뽑기 할때랑 선물 받거나 할때 좀 팅기네요.. 참고로 아이폰6 쓰고 있습니다,5
2018-12-19T01:25:04-07:00,상당히괜찮은게임입니다,넷마블에서 서비스하는 게임들 중에서 무과금으로도 충분히 할수있는 게임입니다 물론 해외게임을 가져와서 서비스하는거지만 그래도 좋습니다,5
2018-12-19T00:49:49-07:00,개짜증나서,"픽업 폭사야 개인 운빨이고 원래 그런 구조니 별말 안하지만
서버 계속 터져서 튕기는건 너무한거 아닙니까. 
업데이트 이후 뭔 스크립트 읽다가 튕겨 배틀 시작하면 튕겨 보구 쓰면 튕겨 스킬 쓰면 튕겨 배틀 끝나면 튕겨 배틀 이후 스토리 끝나고 로딩화면으로 넘어가면 튕겨.
고작 종장 오프닝이랑 2절까지 스토리 하는데 1시간 걸릴정도로 계속 튕기는건 서버 상태가 이상하다고 보입니다. 일하세요 넷마블. 맨날 피폭 사태나 확률 표기오류로 일 안하는거 인증하지말고",2
2018-12-18T23:07:17-07:00,돈마블은 역시 돈마블이다,게임 시스템이나 스토리는 다 됬고 업데이트 라는 걸 했으면 오류 같은 것도 개선한거 아니냐? 왜 자꾸 게임하는데 튕길까요? 답변을 해야 되지 않을까유?,1
2018-12-17T04:43:21-07:00,아이폰xs로 게임할때 화면에 맞춰주세요,새로 신형으로 바꾸고 정말 재미있게 플레이하고 있어요! 근데 화면이 아이폰8에 맞춰져있어서 조금 불편해요ㅜ,5
2018-12-17T03:07:33-07:00,확률 장난.,"이용자 기만질에 이번에는 확률 장난 ㅋㅋㅋㅋ. 
이 겜 하실분은 미그오, 일그오 하세요. 
절대 ㅈ마블 운영하는 한그오는 하지 마시고요.",1
2018-12-15T19:42:18-07:00,재밌음 ㅋㅋㅋ,다른 떳다지는 겜보다 재밌는듯 ㅋㅋㅌㅌ,5
2018-12-14T06:23:02-07:00,할만함,재밋,5
2018-12-13T18:35:53-07:00,확률 조작 핑계 망겜,망겜 하지마라 내 리뷰 보는 이겜 시작할까하는 유저 분들 하지마세요 이거 망겜임 차라리 일그오하셈,1
2018-12-12T21:26:44-07:00,개재밌긴함,재밌음. 몰입감좋음,5
2018-12-12T18:31:24-07:00,잔산타릴리 렙이 다운됬어요ㅠㅠ,굉장히 잘 하고 있는 게임인데 잔느산타릴리를 렙업하고 재림1을 시켰는데 오늘 들어가보니 렙1이더라구요 재림한것도 없어지고 질그레 인형은 4개에서 3개로 줄어있고요ㅠㅠ 어찌된건가요 복구 부탁드려요 아님 질드레인형 하나 돌려주세요ㅠㅠㅠㅠㅠ,5
2018-12-12T06:09:23-07:00,아진짜..,갑자기 튕겨서 10연속 했는데 안된 근데 다이아는 사라짐,1
2018-12-11T11:41:49-07:00,갓겜...,대신 가챠가 거슬릴뿐,5
2018-12-09T04:57:53-07:00,잔다르크 얼터 산타 릴리가 정식가입이 안돼네요,"메인퀘스트 일곱번째 밤 클리어 했는데 잔다르크 얼터 산타 릴리가 정식가입이 안되고 백은색 교환권도 
안 주시네요.이런 점은 수정해주세요.일곱번째 밤 클리어 하면 잔다르크 얼터 산타 릴리가 정식가입 된다고 했는데 안 되면 이상한 거잖아요. 그렇죠?
메인퀘트 일곱번째 밤 클리어 했는데 아직까지 기간한정입다 이정도면 문제있다고 보내요.",1
2018-12-07T22:19:09-07:00,잔다르크 얼터 산타 릴리 교환권 획득을 못했어요,7일 전부 참여했는데 왜 안들어오죠..? ㅠ,4
2018-12-06T20:25:38-07:00,악재다,게임등은나쁘디않지마뽑기확률이넘심각합니다,4
2018-12-06T08:11:34-07:00,활,ㅓㅏㅎ,4
2018-12-05T07:55:44-07:00,재미있습니다,산타 얼터쨩 이벤트 양말 드랍양좀 늘려주세요..,4
2018-12-05T05:18:45-07:00,방금 성정석구입했는데 ..,"조금전에  성정석 47,000원짜리  구매했는데  돈만나가고  성정석  주지도않네....",1
2018-12-03T19:39:19-07:00,아이폰xs해상도지원해주세요,"해상도 좀 지원해주세요
아이폰x가 나온지 1년도 더 됐는데 xs사서 하는데 아직도 해상도가 지원이 안되는건가요?
언제 업데이트 되나요
빨리해주세요",2
2018-12-01T20:46:11-07:00,굳,굳,5
2018-11-30T18:02:49-07:00,멍멍,꿀꿀,5
2018-11-29T23:08:37-07:00,이슈타르,한 방에 먹음 ㅅㅅ 충성충성,5
2018-11-29T23:08:21-07:00,이거 적으면 멀린이 온다면서요,갓마블 사랑해요 우리 사랑 영원히~~~,5
2018-11-29T22:52:08-07:00,보안모듈오류,"보안 모듈 오류라면서 안 들어가져요
한 번 삭제하고 다시 깔았는데 이래요ㅠㅜㅜㅜㅜㅜㅜㅜㅜㅠㅠㅠㅠ
게임을 하라는 건가요 진짜",1
2018-11-26T05:36:48-07:00,좋아요!,다 좋은데 지금 랜서 강화 소재가 강화할때 안 떠서ㅠㅜ 오류는 어따가 보고(?)하면 될까요ㅠㅜ,5
2018-11-25T04:09:13-07:00,게임은 좋은데....,아이폰xs해상도가 안맞네요,5
2018-11-24T03:31:34-07:00,갓겜,갓겜,5
2018-11-20T10:13:28-07:00,마슈 최고야,마슈 다이스키,5
2018-11-18T21:19:38-07:00,아이폰 XR 사용자입니다.,아이폰 X시리즈에 화면잘림을 해결해주시면 좋겠습니다.,5
2018-11-17T22:08:42-07:00,아이폰xs 유저를 위한 최적화,아이폰xs 에서 앱을 구동시키면 아래와 양옆으로 화면이 잘립니다. 의도한것일수도 있으나 저를 비롯한 불편한 유저들을 위해 꽉찬화면을 만들어 주시거나 최적화를 진행해주시면 감사하겠습니다..,5
2018-11-14T01:04:39-07:00,배틀이 시작되면 게임이 팅겨요,배틀이 시작되면 게임이 팅겨요.,4
2018-11-13T20:57:22-07:00,현질하즈아,으아아앙아현질햔질,5
2018-11-13T01:05:35-07:00,뭔 어이없는,업데이트 했더니 서버 혼잡하다고 접속 안되네요 더군다나 와이파이 아니고 LTE 데이터 사용인데 네트워크를 확인하래요 어이상실,1
2018-11-12T21:39:16-07:00,ㄴㄷㅆ,ㄴㄷㅆ,5
2018-11-12T21:24:15-07:00,게임은 재미있으나,"뽑기가 정말 최악입니다. 
익히 페그오 뽑기 악명에 대해서는 들어봤는데 이 정도 일 줄은 몰랐네요.
게임자체는 무과금으로 즐기기에도 충분히 문제 없습니다.
그러나 뽑기 한번 손대면 끝장입니다 ㅋㅋ
신중하게 시작하세요.",3
2018-11-12T20:35:40-07:00,타입문 매니아에게 최고의 게임,더할나위가 없다,5
2018-11-12T20:03:53-07:00,괜찮다,"스토리나 캐릭터 모으며 설정 읽는 맛으로 한다. 딱히 과금 필요성도 없다. 다만 수집욕에 의한 과금은 케바케니까 사람마다 다를 거다. 게임은 게임이니 가볍게 즐긴다면 이벤트도 꾸준하고, 이미 일본 미국 중국 등에서 운영 중이라서 공략도 어렵지 않게 찾을 수 있다. 어떤 게임을 할 때 퀘스트 하나 하나 다 읽고 음미하며 플레이하는 사람들에게 추천하고 싶은 게임이다. 스토리고 뭐고 다 스킵하며 전투와 보상만 챙기며 플레이하면 이 게임에 무슨 의미가 있나 싶다. 남는 거는 가챠 통한 수집 콘텐츠뿐일 거다.",5
2018-11-12T18:49:43-07:00,재미있습니다,"갓차확률이 낮긴하지만 저랭크 서번트로도 충분히 클리어가 가능하고(난이도가 높아지긴하지만) 스토리고 탄탄하고 서번트 하나하나의 이야기도 충실히 짜여있는 갓겜입니다

과금을 했는데도 원하는 서번트가 나오지않았다고?
반대로 생각해 그거말고 얻은 서번트가 있으니 그걸로 하면된다고",5
2018-11-07T02:48:19-07:00,접속이 안됌,접속이 안돼요 왜지?,5
2018-11-04T10:00:45-07:00,굿굿,스토리 캐릭터 굿임다!,5
2018-11-01T11:30:08-07:00,잠옴,밸런스가 초반부터 막장임,3
2018-10-27T17:57:20-07:00,너무 빨라요ㅛㅛㅛ,게임 너무 빨리 진해해서 ㅠㅠ,5
2018-10-26T05:02:12-07:00,종화좀요 ㅜㅜ,이벤트가 너무 연속으로나와서 힘들어요 ㅠㅠ,5
2018-10-26T02:15:58-07:00,달덕분이라면 즐길 수 있습니다,"다만 리세마라를 안해서 
280일만에 공없찐을 탈출했고
현재 멀린 존버 중입니다",5
2018-10-26T02:13:38-07:00,어느정도 현금술이 필요함,"무과금으로도 즐길수 있지만 플레이 하다보면
욕심나는 캐릭터 들도 있고, 거의 필수로 필요시
하는 캐릭들도 있기에 정말로 무과금으로 즐기고
싶다면 비추천하는 게임.",5
2018-10-26T02:11:53-07:00,감사합니다,아르토리아 와줘서 5점줌,5
2018-10-26T02:02:39-07:00,지옥임,이 앞은 지옥이고 개돼지들이 멍멍꿀꿀부잌부잌,1
2018-10-25T19:00:07-07:00,?,왜 업뎃 안되냐,4
2018-10-20T08:31:17-07:00,무과금 아니면 핵과금,"공명만있으면 무과금도 충분하나 애정캐에 지르기 시작하면 끝도 없이 지르고 있는 자신을 볼 수있음
소과금가지고는 원하는걸 먹는다는 보장도 없고 폭사하고 딱좋기 때문에 원하는5성 먹으려면 픽업때 못해도 100만원은 준비하던가 걍 포기하고 무과금으로 하는걸 추천함",4
2018-10-14T23:58:55-07:00,최고,입니다,5
2018-10-06T09:32:11-07:00,할만하고,할만해요,4
2018-10-03T02:10:08-07:00,차라리 이게 나음,에픽 같은거 하느니 차라리 아이피라서 좋은 이게 나음 ㅋㅋ,5
2018-10-02T21:20:27-07:00,확률,조작인지는 몰라도 이제 이게임에 대한 믿음감은 생기질않을거같다,1
2018-10-02T03:14:09-07:00,데이터패치를하든 뭘하든 점점 게임이 안되는데,"뭐 특정기종은 겜도못하게하나요 참나 
기종 아이폰6+ 고 가챠든 겜이든 20분을 하면 버벅이고 40을 넘어가면 그냥 튕기네요
가챠확률관해서 거지같은것도모자라 호환성문제까지 나면 뭐 맥이는건가요 폰용량 널널하고 산지 1년도안됬수다 
피의폭주사건이라든가 별별일이 있어도 참는데 
얼팡매가 없네요
안드 하위기종인 알파,갤탭도 무리없이되는데 
장난하나요
개인 폰 점검 해봤구요 말짱합니다
그쪽에서 호환성 관해서 문제정도는 충분히 해결가능할것으로봅니다
노력무시하는거아닙니다
들어간만큼의 결과가 아니니까 문제죠",1
2018-09-30T23:42:38-07:00,갓챠게임은,"안하는걸 추천드려요 

확률이 너무 극악이라 

이거하면서 진짜 돈을 세자릿수 넣었는데

못먹은것도 많고... 

과금이 싫으신 분들한테는 좋은 게임입니다만

나는 가지고 싶은건 가져야 한다 하시는분은 절대 하지마세요   지갑 털려요",2
2018-09-29T06:26:03-07:00,개꿀잼,잼나게 해용,5
2018-09-28T04:36:20-07:00,좋은게임,"일단 뽑기확률이야 어차피 될놈될이니 상관없고
스토리 진행, 이벤트들이 꾸준히 있다는 것이 장점",5
2018-09-25T05:44:23-07:00,저는 유비가 아니였습니다,"저는 제가 유비가 될 수 있다고 믿어 의심치 않았으므로 삼고초려를 시도하였습니다 결과는 실패
저는 유비가 아닌가봅니다 역시 공명은 프랜공명
리세마라 완전 힘드니까 그냥 아무 5성이나 나오면 감사히 받으시는게 좋습니다
이것저것 가리다가는 평생 시작을 못합니다
공명 안나왔으니까 별 4개",4
2018-09-24T03:48:18-07:00,달빠 & 누구나 즐길 수 있는 게임!!,"달빠전용 임이라 생각할 수 있는데, 역사적 캐릭터들의 재구성과 방대한 스토리 및 캐릭터를 적절히 배합한 게임입니다.",5
2018-09-21T09:37:14-07:00,ㅋㅋㅋㅋㅓㅓㅓㅓ,재밌다!,4
2018-09-16T19:49:39-07:00,결제가 안되네요,"저만 그런건가요??
이 지불방법을 사용할수 없다고 뜨네요 ㅡㅡ",4
2018-09-15T21:20:24-07:00,어제 프리즈마 코즈하다가 퀘 막혔습니다.,"게이지 다 내려와야 한다는데 그전에 서포터가 너무 쎄서 그냥 죽어버렸거든요. 
그랬더니 그 뒤로 퀘가 안들어가져요. 
게임 내에 문의할곳이 없어서 여기에 올립니다.확인좀 해주세요.그 이외엔 만족합니다.

+)해결했습니다. 퀘 조건 있었네요",5
2018-09-11T18:56:33-07:00,리세,"이거 리세 하려면 지웠다 깔면 되는건가요?

Game center로 일단 환영한다고 뜨긴했는데 연동은 연결되지 않았다고 해서 될련지.. 저번에 안드로이드 계정 연동이 이상해서 좋아하는 캐릭 날리고서는 신중해 졌어요.",5
2018-09-11T09:08:53-07:00,가챠 확률쫌 제발 올려주세요,"고생해서 성적석 모았더니
예장만  나오고 서번트는
하나하나 겨우 나오는데 
4성이나5성은 보기도 힘들고
제발 가챠 확률쫌 올려주세요 

근데 게임은 재미있네요
가챠빼고",5
2018-09-09T09:57:19-07:00,스카사하 80찍었는데 일때문에 접속못했더니,사라졌네요..,4
2018-09-08T16:26:26-07:00,보석 모으기 힘들어요,"지나치게 과금 유도하는 느낌이 난다고 할까, 역시 한국 게임보다 못 하네요.",1
2018-09-08T03:04:34-07:00,역시,페그오,5
2018-09-07T03:51:37-07:00,원래 원작 팬이라 나쁘진 않음,"장점 : 페이트를 좋아하는 사람은 재밌게 할 수 있음. 스토리도 괜찮고

단점 : 그 외에 모든 것",4
2018-09-06T23:47:16-07:00,세이버짜응,세이버 짜응 내꺼라능 건들지 말라능,5
2018-09-06T23:15:00-07:00,시간 보내기에 나쁘지 않음,과금 없이 3성 카드만으로도 프렌드 서번트 끼면 무난하게 진행할 수 있음. 이벤트도 자주 해서 카드 배포도 해주고. 근데 과금할 거면 꽝 카드만 뜨는 거 각오해야 함...,3
2018-09-04T00:02:39-07:00,마슈가 작성하래서…,나쁘지않은 게임,5
2018-09-03T08:39:16-07:00,정말 최고!,"5성뽑는게 힘들지만 4성이나 3성으로 커버가 가능함 
작화 , 스토리가 좋고 쉽게 질리지도 않음 
수집게임하는 사람에게는 취향저격",5
2018-08-29T05:18:22-07:00,크흠,아직초보라 잘,5
2018-08-28T05:48:18-07:00,어제부터 갑자기 페그오에 접속이 되지 않습니다,어제 새로열린 이벤트를 하던중 갑자기 느려지며 튕기더니 계속 접속이 되지 않고 있습니다.파란색 바탕에 페이트 그랜드 오더라고 적힌 화면에서 계속 정지 상태입니다.어떻게든 빨리 해주시길 바랍니다,3
2018-08-27T11:55:36-07:00,재밋음,시간잘감,5
2018-08-25T19:16:38-07:00,한국판이 드디어....,좀더 빨리 나왔다면 좋겠지만요...,5
2018-08-25T03:42:49-07:00,굳,굳,5
2018-08-22T03:32:19-07:00,서버나만안들거지나,계속안들가지네,1
2018-08-21T10:04:02-07:00,달이 차오른다,가자,5
2018-08-20T19:59:03-07:00,재밌네,애니스토리 구현잘한듯,5
2018-08-20T07:57:10-07:00,재밌어요,초반 읽는 스토리가 너무 길지만 나름 재밌어요,5
2018-08-17T16:16:34-07:00,아이폰 사용자들에게 맞게 화면비율 맞춰라 쫌!,"이번 패치 진짜 열받네요 아니폰 사용자들은 생각도 안하나요? 화면비율 다시 전체화면으로 맞게 패치해주세요 특히 아이폰 X 에 맞는 풀화면으로요!!
가차시스템으로 돈도 마니 날렸는데 이딴식으로 패치해 놓고 대응도 늦고 진짜 머하는거임?",2
2018-08-17T12:04:02-07:00,알바들 천국,가챠유도하는 알바가 많고 보5 테스트 계정으로 기만하는거보고 과금러 분들 떠나가네요 한그오가 얼마나갈진 모르겠으나 실망이 큼니다,1
2018-08-17T06:17:07-07:00,ㅇ,ㄱㄷ,5
2018-08-17T04:55:54-07:00,해봐야하는겜입니다,"저도 스토리에 만족하고요
플레이도 재미있슺니다요",5
2018-08-17T04:06:37-07:00,테스트 계정이 슈퍼 계정 의혹이,제대로 된 해명은 없군요,1
2018-08-17T00:29:09-07:00,굿,굿,5
2018-08-16T16:47:24-07:00,계정조작사태까지일으키는답없는운영,"지금까지 지른게있어서 겜은 못접지만 더 과금은 안함
넷마블의 엿같은 운영과 대처도 유머지만 이 상황에서 그냥 넘어가는 유저들도 할 말이 없네",1
2018-08-16T08:15:19-07:00,아이폰x 장난?,"아이폰 x 해상도 맞춘답시고 여백 겁내 넣어놓고 
접는다 오늘부로",1
2018-08-16T08:08:48-07:00,딱 적당합니다,중독성 적어서 적당히 하고 적당히 현질하면서 즐기기 딱 좋은 게임,5
2018-08-16T05:22:50-07:00,여름이벤트업뎃하면서 아이폰x 화면 짤렸네요,업데이트후 상하좌우 여백의 뭔 대각선줄들이 생기고 화면이 줄어들었네요 뭔가요???,1
2018-08-16T04:02:42-07:00,유저기만게임,직원은 실장도 안된 보구 5렙으로 겜하고  ㅋㅋㅋ 들키니까 테스터용이라 뻥치고 이럴거면 과금 뭐하러 함 넷마블직원하지 돈도 벌고 겜도 하고 ㅋㅋㅋㅋ장난하나,1
2018-08-16T01:54:17-07:00,정말 재밌어요,"정말 재밌고 스토리도 괜찮고 그리고 자동이 없어서 뭔가 하는 느낌이 있어서 정말 좋아요 
근데 스토리에서 나오는 보스가 무지막지하게 강한게좀아니지만 부활이 성정석만 있으면 부활이
계속되니깐 좋앙요. 세나 다음으로 좋은게임이네요^^.",5
2018-08-16T01:35:44-07:00,멀린이 나온다면 별5개를 주겠음^^,뜰거임ㅋㅋㅋ미래시로 보고왔음^^,1
2018-08-16T00:41:27-07:00,까놓고말해서,페이트 관련 게임 아니었음 안건드렸을거임,1
2018-08-16T00:35:51-07:00,충성충성,컨텐츠는 많은데 전투가 지루하고 올해 안에 종장까지 간다고 이벤트 기간이 너무 빡빡합니다. 이벤트 기간만 좀 살살 해주세요.,4
2018-08-16T00:20:34-07:00,수작 좋아하시네,수작부리지마 달빠야,3
2018-08-16T00:11:23-07:00,화면이이상합니다,"업데이트 전까지는 그냥 게임 화면으로 차있었는데
업데이트를 하고나서 개임화면은 작아지고 이상한 파란 화면으로 바탕이 차있습니다. 어떻게든 해주세요.",5
2018-08-15T22:14:14-07:00,현질 가챠 욕구만 잘 참으면 할만합니다,출첵이랑 이벤트 돌 간간히 모아서 뽑는 재미로 스트레스 안받고 한다면 할만합니다. 눈 돌아가서 현질 해서 뽑으려면 끝도 없구요,5
2018-08-13T04:02:27-07:00,돈마블의 돈마블에 의한 돈마블을 위한 더러운 게임,핵과금유저 아닌 이상 겁나 힘든 쓰레기 게임 이거 하게 차라리 테트리스나 처 하겠다 ㅉㅉ별 한개도 아까워,1
2018-08-09T07:21:16-07:00,괜찬음,"방금시작한초보지만 일러스트가이뻐서 하게되네요 
과금유도는 좀잇지만 ㅠ",4
2018-08-08T09:46:36-07:00,정말 재미있게 했지만.,어차피 무과금 유저고 상관없을테지만 그래도 친구의 추천으로 수십일을 노력하며 호부 8개와 성정석 180개를 사용하였는데 금색은 예장만 나오더니 호부 다시 모아서 뽑아서 겨우 타마모노 버서커 하나 먹었습니다. 안나왔음에 찡찡거린다 보단 그저 아 맞다 이런 게임이였지 친구도 원래 그런 게임이라고 어쩌겠냐 라고 말을하더라구요 이딴 말이 당연하게 나오는게 도박이랑 뭐가 다릅니까. 전 포기하렵니다 어차피 안볼테니 5점이나 줘서 앞에 나둬야지요 . 이게임은 잘만들었지만 뽑기 시스템 하나 때메 모든 장점을 갈아먹고 있습니다. 다른 사람에게 다시는 추천 못할꺼같네요. 그동안 잘 즐겼습니다 수고하세요.,5
2018-08-07T18:45:54-07:00,장점이 많은 게임,단점: 폭사,5
2018-08-07T08:07:27-07:00,복잡하긴 하지만,내 머리가 문제지,4
2018-08-07T02:20:53-07:00,로딩...,"로딩 왜 이렇게 긴거에요?
옛날 콘솔게임보다 로딩이 긴거 같아요;",4
2018-08-07T00:00:53-07:00,오늘 업데이트 끝나고,"게임 실행이 안되서 지웟다 다시 깔았는데 
데이터가 다 날아갔네요;; 복구방법 없나요",4
2018-08-02T04:57:39-07:00,시작이,스토리 몰입조아요,5
2018-08-01T03:37:07-07:00,결제,결제를 했는데 돈만나가고 성적서 가 안들어왔어요 ;;,2
2018-07-31T21:50:56-07:00,재미 좋네요,화장실에서 딱입니다,5
2018-07-31T10:19:52-07:00,굿,꿀잼,5
2018-07-31T04:33:06-07:00,가차 노답,신이시여 가차 개같다. 너무 비싸다. 확률 낮다. 일러 적폐 투성이다. 페이트 ip아니였으면 시작도 안함.,1
2018-07-31T00:17:16-07:00,가끔 접속 안되서 게임 다시깔아야함,로딩창 지나고 화면 뜨는곳에서 클릭하면 접속안되고 먹통되서 다시깔아야하는데 개선좀,1
2018-07-23T07:41:05-07:00,앱열때마다 다운로드,아니 아이폰x로 데이터키고 다운받았는데 인게임에서 왜 검은 화면에 포우 뛰어가는화면 애서 또 다운 받는거 있잖아요?? 계정연동 전에 받고 후에또받고 앱 열때마다 받고 이게 뭡니까 빨리 오류 수정좀 해주셨으면 합니다,1
2018-07-15T00:33:02-07:00,재미있네요,뭐 전투가 조금 지루하기는 한데 스토리따라가는 재미로 합니다,4
2018-07-08T12:34:53-07:00,페이트 시리즈 좋아하면,하세요~ 할만함,5
2018-07-07T05:00:07-07:00,너무 감사했습니다,"나는 페이트 팬입니다
페이트 그랜드 오더 출시전에 일본판 페그오 한적 있다 
일본말 읽기 너무 어려웠어요
오늘 한국 페그오 게임 너무 좋았다
한글 읽기 너무 쉽게 이해할수있다
너무 고맙습니다",5
2018-07-06T03:25:00-07:00,재밌어요,"jrpg 괜찮네요 페이트시리즈도
완전처음인데 스토리도 괜찮고
보상도 많아서 잘 진행하고있습니다.",5
2018-07-01T20:35:25-07:00,재밌네여 ㅎㅎㅎㅎㅎㅎㅎ,ㅎㅎㅎㅎ,5
2018-06-30T20:01:37-07:00,굿,굿,5
2018-06-28T08:42:18-07:00,아이패드 미니 1세대,"아이패드 미니 1세대와는 호환이 안되나요?
ios8.0 이상인데 시작할려고하면 튕기네요...",1
2018-06-27T04:54:56-07:00,굿,굿,5
2018-06-27T04:21:01-07:00,업데이트가  안돼요,왜  아이폰은  패치할때마다  업데이트가 바로바로 안돼나요,1
2018-06-27T02:35:01-07:00,야이 넷마블 새끼들아,사랑한다,5
2018-06-27T00:04:41-07:00,사태를 봤으면 빠른 대처를 해야죠.,"어? 이러다 위험하겠는데? 픽업일 당기자. 이건 정말 아니고, 사람들이 왜 화를 내고 있는지 제발 봤으면 그에 맞게 어떻게 해결해 나아갈 것인지 좀 생각 하세요. 이상하게 하지말고. 시작한거 되게 후회됩니다.",1
2018-06-27T00:04:18-07:00,게임은 이렇게 만들어야 된다고 봅니다,"스토리, 게임성, 캐릭터성 등 전반적으로 게임에 공을 많이 들인 티가 나죠. 돈을 벌기 위해 게임이라는 수단을 쓰는게 아니라, 게임을 잘 만들어놓고 나도 먹고 살아보겠다는 마인드로 과금을 유도하는 방식은 인간적이기까지 합니다. 이 게임의 유일한 단점은 가챠 확률과 너무 높은 과금수준인데요, 솔직히 과금 대비 성정석을 지금의 1.5배 정도 주었다면 무조건 별5개입니다. 인생게임이 아닐 수 없네요.",5
2018-06-26T23:41:10-07:00,날아감,예전에 키운거 날아가서 다시 키움..,3
2018-06-26T00:32:10-07:00,굿굿,굿뜨,5
2018-06-24T19:22:58-07:00,아,야,5
2018-06-23T22:52:03-07:00,1945,응 피드백 있을때까지 안함,1
2018-06-22T19:29:54-07:00,수작입니다,엄청재밌습니다,5
2018-06-22T09:47:11-07:00,개창렬겜,절대 리뷰보고 속지마세요 이거 돈먹는 괴물임,5
2018-06-16T16:21:35-07:00,우익작품입니다,ㅁ,1
2018-06-16T12:00:10-07:00,가차,가차확률 더럽다,5
2018-06-16T08:46:28-07:00,수작이다,스토리 보면서 하니 시간가는줄..,4
2018-06-13T22:43:26-07:00,응 트짹이들 부들부들대져?,전혀 우익이랑 상관 없는 내용이고 무조건 1945라서 빼애액~,5
2018-06-13T07:20:16-07:00,페이트,조흐다,5
2018-06-13T05:10:16-07:00,에휴...,이런 게임 왜 했는지 후회만 됩니다. 딜라이트 손 잡고 행복하게 사셈.,1
2018-06-13T02:35:32-07:00,불매합니다,전쟁미화 스토리 가진 일본서비스를 시작으로 유저들의 피드백 요청에도 답하지 않고 픽업 이벤트를 당겨오는 등 소비자를 기만하는 태도를 보인 넷마블의 처지에도 실망했습니다.,1
2018-06-12T23:20:09-07:00,미화 좀 그만해.,이대로 도태되길 바람.,1
2018-06-12T09:18:22-07:00,별0개주고싶은데그건왜안됨,1945 개그스토리 배경으로 써먹는 페그오ㅋㅋㅋㅋㅋ알만하다 개념없는겜 잘가세여,1
2018-06-11T22:35:56-07:00,재밌네요,"어렸을 적 인터넷에서 슬쩍슬쩍 본 세이버가 있길해 본 적 있는 캐릭터다 싶어 호기심에 해 봤는데 내가 수집게임을 이렇게 좋아한 적이 있었나 싶을 정도로 빠져드네요. 진심 원하는 캐릭을 얻으려면 돈을 조금 써야 한다는 단점이 있지만, 딱히 돈 안써도 무난하게 플레이 가능하고 피말리는 경쟁요소도 적어서 마이페이스대로 키우고 싶은 것 키우면 되는 것 같습니다. 역시 10년 넘게 우린 사골 ip의 캐릭터들은 뭔가 다른건가 여타 게임의 캐릭터들과는 달리 좀 더 정이 가네요. 아무튼 섭종하지 않는다면 꾸준히 붙들고 있을 것 같습니다.",5
2018-06-11T06:01:27-07:00,접속이 안되요,"로그인해서 들어가면 흰색 창만뜨고 접속이 안되요
빨리 해결해주세요",5
2018-06-11T04:44:34-07:00,아라,아라,5
2018-06-11T04:31:22-07:00,꽤,만족스럽습니다.,5
2018-06-09T21:37:32-07:00,들여놓아선 안 될 발을 들여놓았다,넘후 재밌자나ㅠㅠㅠ 덕후력이 10 상승하였습니다,4
2018-06-09T08:12:21-07:00,뽑기 확률 병신같네,"4성만 하나하나 나오는건 이해하겠는데
똑같은것만 계속 나오는것은 이해가 안되네요
초반에 확률을 손대셨나봐요
아니면 돈지랄을 해야 확률이 올라가나 ㅋㅋㅋ",1
2018-06-08T21:22:34-07:00,이거내가볼땐,흑잔때 넷마블이 건드렸어,1
2018-06-08T03:38:13-07:00,넷마블도 다르지 않네요,적어도 입장발표라도 하던가 침묵하고 잠수타면 다입니까. 잘가세요. 아이튠즈 스토어측의 환불요청 관련 전화도 안받고 있다는 얘기에 할말을 잃었습니다.,1
2018-06-08T00:35:08-07:00,괜춘,괜춘,3
2018-06-06T22:03:25-07:00,한 방이네요.,한 방.,1
2018-06-06T10:05:34-07:00,우익의 산물,딜라는 변할 생각이 없는 거 보니까 그냥 제가 나가겠습니다. 전쟁미화하고 역사의식 없이 그냥 소재라 생각하고 쓰는 마인드 아주 잘 봤습니다.,1
2018-06-06T08:48:16-07:00,우익겜,더러워서 안한다,1
2018-06-06T07:49:38-07:00,제도성배기담,현재진행형으로 1945년배경인소재를끌어다쓰고있는데 전쟁피해국에서 이겜을수입해서 딜라매출을높여줘야할이유가있을까요 섭종하고딜라고소해서그돈으로직원들복지나해주세요,1
2018-06-06T07:17:53-07:00,진짜,진짴ㅋㅋ 미친 게 아니면 이런 이벤트를 낼 리가 없을텐데 전쟁미화게임 하기 싫어서 삭제했습니다,1
2018-06-05T07:23:36-07:00,갓겜이다,스토리가 계속 이어지니 계속 할 수 밖에,5
2018-06-05T06:16:31-07:00,계정 복구,게임 실행이 안돼서 계정연동하고 게임을 지웠다 다시 깔았는데 초기화됬습니다 계정 복구 가능하나요??,3
2018-06-05T05:01:00-07:00,하앜,예쁜 여자한테 선배라고 듣는것 만으로 5점값은 한다,5
2018-06-05T03:51:43-07:00,게임아,이게 딜라냐,1
2018-06-05T02:28:09-07:00,아이폰x업데이트문제,아니 로그인보상받아야되는데 로그인하려니까 업데이트하라떠서 업데이트하러 앱스토어왔는데 업데이트내역이 안떠요,5
2018-06-05T02:04:10-07:00,업데이트하고 갑자기안되요,업데이트 후 처음 계정연동 화면에서 게임으로 넘어가지 않습니다 피드백 부탁드려요,1
2018-06-05T01:38:51-07:00,나 5성 얻었으니까 5개 ㅋㅋ,간만에 성정석 많이모아서 뽑았는데 잔느 뜨고 알테라는 덤이요 알트리아는 1명 또 나와서 보구2렙 (뭐 솔직히 뭐같은 가챠확률 덕분에 성정석 탕진당함ㅎㅎ),5
2018-06-05T00:38:50-07:00,현질하지마,"형이 다 해보고 하는 말이다
좆망겜에 현질하지 말아라
가챠확률 좆망겜",2
2018-06-04T23:19:00-07:00,후...,인생겜,5
2018-06-04T19:05:39-07:00,노잼가챠폭망겜,"페이트에 관심 없다면 굳이 깔아서 해볼 필요는 없을듯
그리고 지금 업뎃할 거 없는데 왜자꾸 업뎃하라고 앱스토어로 내쫓는거죠 인간들아 나 그오좀 하자..",1
2018-06-04T19:04:09-07:00,접속이 안됨,"멍청ㅇ아!!!
그래도 재미있다",5
2018-06-04T18:40:50-07:00,업데이트,겜 키면 계속 업데이트하라고 하면서 앱스토어로 자동으로 넘어가네요 최신버전인거 같은데 머가 문젠지;;,1
2018-06-04T18:27:01-07:00,업데이트가 안됩니다,"최신 버전 있다고 업뎃하래서 왔더니 열기만 있네요 

여까지야 늘 있던 일이니 평소대로 지웠다 까려는데 똑같이 최신버전 있다고 나오고 업데이트는 없습니다 

조속한 해결 부탁드려요",5
2018-06-04T18:15:57-07:00,업데이트 하라는데,업데이트가 없잖아 업뎃은 1개월 전이라되있고 열기벆에 없고,1
2018-06-04T18:09:19-07:00,업데이트가 필요하다고 뜨는데,스토어에는 업데이트가 안뜨네요 ㄷ,5
2018-06-03T17:54:40-07:00,^^,!ㅋ,5
2018-06-02T09:28:33-07:00,"갓,,겜,,,,","스토리도 좋고 브금도 좋은데다 캐릭터들도
다들 잘생겨서 항상 얼굴에 미소를 머금고 
플레이하고 있습니다. 이벤트에 영기재림 재료도
많이 나오고 무엇보다 한글패치가 잘 되어있어서 
좋습니다. 그런데 가챠확률이 조금 낮네요... 
황량한 제 서포트창이 무과금러인 저를 슬프게 
합니다...가챠확률을 조금만 올려주시면 ,, 별이 
오조오억개가 될겁니다 .. 
쨌든 정말 좋은 게임입니다! 
앞으로의 이벤트와 업데이트될 6/7장을 
기대하겠습니다!",4
2018-06-02T05:24:18-07:00,페그오,페덕들은 즐길수 있겠지만 무리한 과금 유도와 컨텐츠 부족으로 덕질로 게임을 즐길수 있어 추천하기에는 무리가 있다. 내가 점수를 후하게 주는 이유는 페덕이고 흑잔 뽑아서임,4
2018-06-01T23:33:06-07:00,간단히 평가해보자면...,"호불호가 극명히 갈리는 게임이다...!!
페이트 시리즈를 접해본 사람이라면 아는 캐릭터들이 나와서 즐길수 있지만 그렇지 않은 사람들은 이 게임에 재미를 느끼기가 힘들거다...",5
2018-05-31T03:58:42-07:00,나도,페덕각?,5
2018-05-30T21:22:00-07:00,스토리 괜찮네요,ㅇㅇ,5
2018-05-29T04:34:47-07:00,곧,최고,5
2018-05-29T04:10:08-07:00,샤아아악,쟌ㄴㄴㄴㄴㄴㄴ,5
2018-05-27T16:23:00-07:00,게임 삭제했다가 오랜만에 다시깔았는데 초기화됌,ㅁ뭐지.. 근데 한방에 5성 잔다르크 시꺼먼거 나와서 개이득? ;,5
2018-05-27T03:22:44-07:00,굿,재밌어요 가챠하는 재미,5
2018-05-27T02:14:46-07:00,아니 가짜 원고 추첨이 안돼요..,"가짜 원고 지금 582개 있는데
삼일째 교환소에서 추첨 버튼이 안생겨서
계속 쌓이고 있어요..
게임 오류 해결 왜 안해주십니까..",2
2018-05-26T08:51:25-07:00,재밌네요,그렇습니다.,5
2018-05-26T07:49:52-07:00,소리가 안나와 삭제 후,잘 하고있다가 소리가 안나오는 문제가 생겨 앱을 지웠다 다시깔았는데... 아예 리셋됐네요.. 이전 계정 복구할 수 있는 방법이 없나요? 서버에 남아있는 기록으로 안되나 해서 묻습니다.,3
2018-05-24T05:56:19-07:00,확률 진짜 거지같네요,180개 질러서 6번 돌렸는데 4성 서번트 하나가 안나오는게 말이됩니까? 상식적으로 납득이 가질 않네요.,1
2018-05-23T21:07:37-07:00,흠....,"개인적으로는 그냥 오타쿠 느낌
그래픽은 깔끔해서 별 2개",2
2018-05-23T00:52:27-07:00,겁나짐띠,재밋당어어어오,4
2018-05-23T00:37:54-07:00,계정복구,"게임을 잠깐 지우고 다시 깔았는데
계정이 초기화되었습니다 ㅠㅠ",5
2018-05-22T03:29:27-07:00,별이 다섯개,아웅...재밌구요 지리구요,5
2018-05-21T19:09:30-07:00,내일 흑잔픽업인데 서버점검 함 합시다,성정석 10개만 줘요 그럼 5성으로 바꿀게 ㅜ.ㅜ,4
2018-05-21T19:09:30-07:00,내일 흑잔픽업인데 서버점검 함 합시다,성정석 10개만 줘요 그럼 5성으로 바꿀게 ㅜ.ㅜ,4
2018-05-20T05:00:37-07:00,잼있음,ㅈㄱㄴ 재밌음 꽤나,5
2018-05-20T04:51:42-07:00,진짜 재밌습니다,진짜 재밌습니다,5
2018-05-20T04:25:22-07:00,스토리가,좋음,5
2018-05-18T23:35:34-07:00,꿀잼,꾸르꾸르잼,5
2018-05-17T05:57:34-07:00,버그있어요,"렉걸려서 껐다 키니까 안들어가져요

타이틀 나오고 터치해서 들어가져야 되는데 하얀화면만 나와요

이번 5장 플레이하다 렉걸렸었어요",1
2018-05-16T05:30:53-07:00,서버 연결 문제,서버와의 연결이 되있는데 계속 서버와의 연결이 되지 않습니다 라고 창이 뜨네요 제 핸드폰 문제인지 모르겠지만...,3
2018-05-16T00:07:28-07:00,굳,좋아요,5
2018-05-15T11:20:51-07:00,열심히하고있습니다,간만에 가챠게임 재미나게하내요,5
2018-05-14T06:57:59-07:00,Good,스토리 훌륭,5
2018-05-11T03:45:30-07:00,재밌네요,재밌네요,5
2018-05-09T06:08:55-07:00,재,미있어용,5
2018-05-08T16:48:51-07:00,페이트 빠라면 해야함,"단 애정캐 나와야 재미있어요
일러보는 재미도 있고
아니면 현탐 와요",4
2018-05-08T05:01:49-07:00,좋다고생각함돠,요즘 할 것 도 없는데 그럭저럭 재밌게 플레이중. 즐겜러라서 딱히 현질 유혹도 없고...,5
2018-05-06T06:42:02-07:00,페이트 좋아해서 다시 받았는데,다시받았는데 데이터 다날아가서 걍 삭제 ㅠ,4
2018-05-03T19:43:04-07:00,재밋는데 가챠 확률이 힘들게 하네요ㅠㅠ,재밋는데 가챠가 정말 잘 안뜨네여 애정으로 하는데도 조금 한계가 잇고...ㅠㅠ아쉬운 게임이지만 재미는 잇어요,5
2018-04-26T12:16:22-07:00,성정석 사려고만 하면 문제네요,뭐가 문제인지 모르겠는데 성정석을 사려고만 하면 앱스토어 자체에서 결제가 막히네요. 외국에 살아서 그런가 했는데 이 앱말고 다른건 다 됐거든요. 이 앱에서 성정석 사려고만 하면 지불정조를 사용못한다 뜨고 그때부터 아예 그 카드를 앱스토어에서 사용을 못해요. 그래서 지불정보도 다른 카드로 바꿔보고 국가도 바꿔보고 해서 겨우 돌려놓았는데 성적석만 사려고 하면 또 똑같은 문제가 생겨요,2
2018-04-20T21:49:29-07:00,재미짐,만화로도 나왔음 좋겠다,5
2018-04-14T04:38:11-07:00,실망스런 넷마블 운영,"1. 툭하면 ‘너그러운 양해’ 반복
2. 어이없는 번역

타입문 팬들 없었으면 여기까지도 못 왔을 게임",1
2018-04-14T04:32:05-07:00,감사,출시 결정 감사,5
2018-04-13T07:50:31-07:00,저기요,저기 저 지금 접속이 안되거든요? 출석보상받아야 하는데 어떻게해야 되나요?,4
2018-04-12T08:33:49-07:00,진짜 현질아니면 답 없는겜,진짜 5성도 안나오고 현질을 해도 안나오는 망겜이라고 하면서 계속하게 되여....,1
2018-04-12T05:02:17-07:00,소리나 안나요,"아이폰8 사용자인데 다운로드할때 부터 소리가 안들리네요;; 
재설치해봐도 동일하고 지금은 그냥 음소거 상태로 플레이중인데 어떻게 안되나요?",3
2018-04-11T09:51:15-07:00,접속안돼서 재설치 햇어용,타이틀에서 먹통됏길래 재설치햇어영,3
2018-04-11T04:28:31-07:00,인내중입니다..,오랜만에 다시 하려고 들어갔더니 업데이트를 하라더군요. 하고 다시 시작했는데 계속 업데이트를 하라고 떴습니다. 결국 지웠다 다시 깔았는데 데이터 복구도 못하고 처음부터 다시하는중입니다.. 튜토리얼 범위 좀 줄여주세요.... 비슷한 내용을 불필요하게 반복하는 것 같다고 생각됩니다,1
2018-04-11T03:42:28-07:00,접속오류 .,"새로운 버전이 나왔다며 업데이트 하라고 해서 앱스토어 오픈을 하니 업데이트가 없습니다 . 종료 / 재실행 , 와이파이 / 데이터 등 모든 수 를 다 해봐도 진행이 되질 않아 해결책을 찾아주십시오",1
2018-04-11T03:11:26-07:00,달빠는 아니지만,대충 이름만 아는 시리즈 이지만 즐길 거리가 많아서 좋습니다. 0.0016퍼센트 같은 한국의 똥같은 랜덤박스 게임보다는 나은 가챠확률도 마음에 듭니다.,5
2018-04-11T02:34:03-07:00,왜이러죠,이벤트할때마다 업데이트하라고뜨는데 게임삭제하고다시해야히나요,1
2018-04-11T00:50:16-07:00,이번업뎃하니까 화면이 하얗게 나와서 게임안되는데,백화현상 일어남,1
2018-04-10T23:18:17-07:00,게임하지도 못하게 하는 건 뭐,업데이트하라고 앱 스토어로 보내면 업데이트 되는것도 아니고 다시 열어보면 다시 스토어로 보내고 업데이트 외 않도ㅖㅂ니까?,1
2018-04-04T21:48:13-07:00,갖고싶은 카드가 있다면 시작도 하지마라.,"높은 별점을 보면 알수있듯이 게임 자체는 재미있다. 돈안질러도 게임은 할 수 있다. 서포터 시스템이 잘되있기때문(남의 캐릭을 내가 쓸수있음) 근데 그래서 더 하지말라는거다.
예쁜 캐릭터들은 많고 과금러 유저들도 많다. 캐릭터를 공짜로 데리고 다니면서 분명히 생각한다.
'아 나도 얘 갖고싶다.' <<< 이 생각들면 이제 님 통장은 빠빠이 되는거다.
가챠 한번돌리는데 진짜 비싸다. 근데 지이이이인짜 안나온다. 내가 원하는애? 더 안나온다. 주위에서 똥손이라는 소리 들어본사람~? 설치버튼 근처도 손대지마라. 갖고싶은거 꼭 가져야되는사람? 50만원 100만원씩 들어도되면 시작해라.
확률이 진짜 안좋다. 비싸고 확률안좋다. 가챠게임 잘하는사람 물론있다.
안나와도돼~ 즐길 수 있는 사람 즐겁게 게임하면된다.
나는 진짜 갖고싶은 캐릭이있었어서 그거 뽑으려다가 돈쓰고 그래도 안나와서 빡쳐서 게임을 지웠다..(돈썼는데도 계속 안나와봐라 빡쳐서 지우게된다)
예쁜거 갖고싶은거 나올때마다 괴로운게 싫어서ㅠㅠ
혹시 가챠게임 해보고 힘들었던 사람이면 이건 더더하지마세용
물론 즐겁게 하는분도 많습니다
저는 그랬으니 참고하세요",1
2018-04-04T08:27:52-07:00,이리야를 빨리!!,이리야만 기다리고 있다,5
2018-04-01T04:38:24-07:00,보통 입니다,"게임 일러스트 좀 신경 써주면 
좋았으련만",3
2018-03-31T10:56:05-07:00,감사합니다,잼잇네요 옛날에 애니보던 생각이 절로 나네요,5
2018-03-31T05:43:28-07:00,너무 많이 튕겨요,보구 쓸 때마다 튕겨서 다시 키고 다시 키고...업뎃이후로 너무 심한데요ㅠㅠ,2
2018-03-30T16:07:27-07:00,네로클라우디우스(브라이드) 채험퀘스트가 안뜨네요,기종은 아이폰7플러슨데요 이거 왜 안뜨나요?,5
2018-03-30T10:47:14-07:00,명작 입니다,내용도 알차고 몰입도가 매우 높네요. 페이트 게임 시리즈는 훌륭합니다.,5
2018-03-29T17:46:53-07:00,아이폰은 겜하지말라는거네요,무슨 업데이트 할때마다 지우고 다시깔아야하는건지.. 거기다 이번엔 계정마저 날라갔네요...하.  복구는 돼는건지 안돼는건지 답장도 없네여~,1
2018-03-29T04:18:11-07:00,업데이트 이후,접속이 안되요 계속 업데이트 하라고 스토어로 보내내요 ㅜ,5
2018-03-28T14:57:43-07:00,재밋어요,지맛오요,5
2018-03-28T12:34:17-07:00,업데이트가 안돼요..,"게임시작화면 가면 업데이트하라고
앱스토어로 연결시키고 앱스토어에는
업데이트메뉴는 안뜨고 열기버튼만 있고 ㅠ
(실행)열기버튼 눌러서 게임가면  다시 앱스토어가라고 하고...
아이폰 6s 요",2
2018-03-28T07:54:37-07:00,가챠와 무리한 육성만 포기하면 좋은게임,"말 그대로입니다.
스토리 초반임에도 나름 흡입력있고, 
굳이 지금 아니더라도 1부 업뎃 끝난뒤여 시작하면 충분히 즐길 수 있습니더",4
2018-03-28T07:30:51-07:00,계정이 사라졌어요,"아이폰7유저입니다 업데이트인대 안떠서 지웠다
다시 깔았는대 계정이 사라졌습니다. ㅠㅠㅠ
추적해서 다시 살려주실수 없나요 개고생해서 키웠어요",4
2018-03-28T07:22:33-07:00,진세이노 게ㅡ무라는,"알테라 쨔응 혼또니 스키다요(쑻)
보쿠노,,진세이와,,,페이트노 전후로 나뉜다는.....
너ㅡ무 재밌는 게ㅡ무,,,(쑻)
스토리모 갓벽쿠 하는 재ㅡ미가 있는 게ㅡ무",5
2018-03-28T07:21:23-07:00,계정이 날라갔는데요,"업데이트가 안되서 삭제하고 다시 받았는데
다 날라가 버렸네요
어쩌죠?",5
2018-03-28T06:51:14-07:00,업데이트,업데이트 하라고 뜨면서 못들어가는데 왜 자꾸 업뎃은 안되는겁니까..!?,1
2018-03-28T05:31:29-07:00,업뎃이 안되자나!!!!!!,이벤트해야한다고 왜 아니폰은 안되는거야!!!,5
2018-03-28T03:33:12-07:00,인생,망했음,5
2018-03-28T03:26:26-07:00,오늘 업데이트 하고,"게임 업데이트 앱스토어 이동한다고 
하고 
게임 업데이트 안되요 
무슨일이죠",5
2018-03-28T03:25:04-07:00,머냐,최신버전으로 업데이트 하라고 앱 스토어로 쫒았으면 업데이트가 있어야지 왜 실행밖에 없음? 무한루프잖아,5
2018-03-28T03:20:47-07:00,페이트좋아한다면,장난치냐? 아이폰쓰는데 이번패치하고 자동 업뎃은커녕 시작하려고 앱열면 앱스토어로 가서패치하라고 뜨고 앱스토어오면 패치 할 수 있게 뜨지도않고 열기누르면 또 앱스토어가라뜨고 장난치나 개빡치내진짜 이따구로 할꺼면 철수해 일그오하게,1
2018-03-28T03:04:45-07:00,이거 계정 복구 되나요 어케 로그인 해요,괜히 앱등이라 하는게 아닌지;; 업데이트 했음에도 계속 하라고 떠서 삭제하고 다시 까니까 아예 처음부터 하라고 떠요 ㅋㅋㅋㅋㅋ 제가 키우고 쌓은 계정은 어디로..^^ 코드는 알고 있는데 제발 복구 해주세요,1
2018-03-28T02:21:48-07:00,압데이트오류,인게임에서 업데이트 해달라하는데 스토어엔 업데이트가 안뜨네요,5
2018-03-28T02:08:21-07:00,업뎃 왜 안되는지,짱나용,1
2018-03-28T01:55:09-07:00,가챠는,나쁜문명!!!,1
2018-03-28T01:47:46-07:00,잘하고  있는데  왜 아이폰  업데이트만 느리냐,머냐  아이폰 유저  무시하는거냐,1
2018-03-28T01:40:58-07:00,1.1.0버전 iOS 업데이트 오류 해결해주세요!,게임에서 업데이트하라고 뜨고 애플 스토어에서는 업데이트가 아닌 열기 기능만 되어 있어서 뭔가 오류가 있는듯합니다. 최대한 빠르게 해결해주세요.,1
2018-03-28T01:22:51-07:00,업데이트가 안뜬다,이거 우째야되냐,3
2018-03-28T01:12:01-07:00,아니 업뎃하라면서 앱스토어엔 업뎃파일이 없누,개꿀잼몰카인가,1
2018-03-28T01:08:01-07:00,아이폰6유저입니다,업데이트 후 게임 실행이 되질않습니다. 계속 업데이트하라고 확인창이뜨고 확인 누르면 업데이트는 없고 열기버튼만 나와요 열기 누르면 업데이트하라는 확인창 반복입니다... 제가 해결봄 해주세요,1
2018-03-27T16:12:57-07:00,나만 당할수 없지,같이하자,5
2018-03-27T00:30:22-07:00,페그오 이것 참..,일본 허접케가 5성인것 빼고는 잘 만든 편이다,4
2018-03-21T05:11:11-07:00,역시 페이트,잼있긴한데 과금에 좀,4
2018-03-18T06:09:57-07:00,호부뽑기오류났어영,호부뽑다가 겜갑자기꺼졌는뎅 호부한장날라갔어염한장주세염,5
2018-03-17T05:31:24-07:00,몇일하다 생각났는데,저는 이 게임을 오픈했을때 했었던 기억이 있습니다 근데 왜 초기화되있는거죠...?,5
2018-03-12T11:03:58-07:00,쓸데없이시간잡아먹는,"스킵이 안되는 처음뽑는 카드들
선택의유무없이 강제로 진행되는 튜토리얼
느려터진 전투속도
그렇다고 게임속도가 빠른것도 아님
여러모로 짜증나는게임",1
2018-03-07T23:15:36-07:00,재밋음 시작하려거든 지금 할 것,"단점은 가챠 중독을 조심해야함
절제를 잃고 질러대다간 풍비박산남 명심하셈",5
2018-03-07T11:17:34-07:00,다좋은데...,"한정캐릭터 얻고싶어서 현질 했지만 안떠요 그러니깐 다른 분들은 그냥 라이트하게 즐기시길...
(얼마 질렀는 지는 안알려줌)",5
2018-03-04T04:14:04-07:00,애니보고 함 해봅니다,아직은 잘 모르겠네요,3
2018-03-03T12:11:06-07:00,오호,잼남,5
2018-03-02T20:17:32-07:00,리세마라 신경 쓰지 마세요,"친구들이 많아서
그냥 스토리 진행이 됩니다",5
2018-03-01T06:18:54-07:00,그냥 긴말이 필요없습니다,게임이란 개념을 넘어서 하나의 스토리를 읽어 나가는 그것이 페이트 그랜드 오더,5
2018-02-28T20:52:52-07:00,긴말 않고.,재미있어...!,5
2018-02-28T20:16:42-07:00,괜찮은 게임,어차피 게임성이나 가챠 확률 문제는 일본에서 그대로 가져온 것이기 때문에 그렇다 쳐도 운영은 괜찮은 것 같아요. 본섭 이벤트 속도 따라잡는다고 이벤트 텀도 짧지만 그만큼 뭔가 퍼주긴 하니까 할 만 합니다.,5
2018-02-28T08:04:54-07:00,아이폰텐 풀화면지원해주세요,흐어어엉,5
2018-02-27T11:10:18-07:00,구매가 안되네요,사실 현질도 하게 만든 첫 게임인데 한 두번 되다가 구매가 안되네요. 문제좀 해결해주세요.,5
2018-02-27T07:13:39-07:00,재밌네요;;,페이트 애니 안보고 이거 먼저 했는데 솔까 재밌음;;; 오짐 아 젠장 입덕하게 생겼음,1
2018-02-27T02:54:46-07:00,재미있네요,아직 초반이지만 예전에 만화에서 봤던 서번트도 나오고 재미있어요,5
2018-02-27T00:25:23-07:00,굿,넘재밌어여,5
2018-02-26T10:46:42-07:00,초반이라..,아직 초반이라 재밋어요 ㅎㅎ,5
2018-02-26T00:24:09-07:00,다 재밌어요 그런데 가챠 확률이 너무 낮은 것 같아요 ㅜㅠ,정말 게임도 재밌고 캐릭터들도 예쁜데 가챠를 100연챠 돌려도 4성 1장도 안 나와요....... 진짜 확률 좀 올리거나 5성 확정 가챠 많이 했으면 좋겠습니다...,5
2018-02-24T05:55:52-07:00,굿,굿 말이 필요없다,5
2018-02-23T18:07:46-07:00,나쁘지않음,나쁘지않음,3
2018-02-23T18:03:06-07:00,도박성 가차겜의 절정을 보여줌,"페이트 애니때문에 시작했는데
도박성 가차겜의 절정을 보여줌

10~20만원 과금으로는 티도 안나는게 이 겜임

페이트 캐릭빨 아니면 게임성도 전혀 없고
무한 노가다만 반복함",1
2018-02-22T03:29:15-07:00,페그오,"페그오 최신버전으로 바꾸어주세요 
보구연출 최신버전으로여",5
2018-02-20T23:00:45-07:00,꿀쨈,너뉴댜라투줃,5
2018-02-20T07:44:52-07:00,괘안네요!,잘하고 있네요.,5
2018-02-19T03:59:42-07:00,종화 버그먹어서 랩탑이 안됨,종화 수집해서 서번트 렙업이 되야하는데 버그를 먹어서 종화 자체가 사라짐,1
2018-02-18T22:19:59-07:00,데이터가 날아갔습니다,얼마전에 페그오를 지웠다가 오늘 다시깔았는데 실수로 새 대이터를 만들어버려서 저번 데이터가 날아가 버렸습니다 제발 복구 부탁드립니다,5
2018-02-17T23:59:37-07:00,어렵고 재밋다,하자마자10만쓰고 후회중,5
2018-02-17T05:32:31-07:00,최애캐가 많아서 괴로운 사람입니다,"페제로/페스나/페엑 플레이 약달빠입니다. 이 게임의 다양한 캐릭터, 신선한 소재와 고퀄리티 스토리로 페그오의 재미를 느끼시는 분들이 많을 것이라고 생각합니다. 하지만 정말 일그오부터 시작했던 사람으로서 말하자면 애캐들 늘리시지 마시고 “쫌만 더 과금하면 될것 같은데...”란 생각 하시지 마세요 미리 픽업표 보시고 적어도 무료 성정석 300돌은 모으고 돌리자! 란 마음으로 하시면 정말 즐겁게 페그오 즐기실수 있습니다 하지만 전 카르나 뽑으러 20000 이 리뷰도 마슈가 나와서 적고 갑니다",5
2018-02-16T02:28:32-07:00,진짜 짜증나네요,학생이라서 돈도없어서 가챠도 잘못돌리는데 확률이 개창렬이라서 돌릴때마다 화가나네요 계속 이런식으로 계속 게임못하겠습니다 게임삭제합니다,1
2018-02-15T21:44:26-07:00,꿀잼,카드모으는 재미가있네요,5
2018-02-14T10:43:28-07:00,정말 제 취향조ㅡㅓ격,재밋어요,5
2018-02-12T06:50:19-07:00,아직 잘모르겠지만,쑬잼입니다 ㅎㅎ,4
2018-02-12T04:06:22-07:00,성정석만 혜자가 된다면..,갓겜일건데,4
2018-02-10T16:33:00-07:00,정말 재밋습니다,"이때까지 이렇게 애정을가지고 하는게임도 없었습니다
정말재밋고 자기만의 게임을 추구해보세요",5
2018-02-10T03:01:51-07:00,시간가는줄모르겟네 ㅡㅡ,왜 이런걸만들어서 휴무날 하루 왼종일이거만 하게만들어요 ㅠㅠㅋㅋㅋ하,5
2018-02-07T06:56:28-07:00,가챠겜,5성뽑고 기만글 소셜에다 올리고 접으면 되는 갓–겜,5
2018-02-06T06:13:13-07:00,재미있네요,연출이 좀만 더 좋았으면,4
2018-02-05T08:06:24-07:00,페그오 재미있어요 다만 가챠문제가 심각하네요,"게임 시작하면서 겨우 50렙 넘은 초보입니다.스토리도 페이트를 좋아하는 사람이라면 즐겁게 보겠지만 문제점이 많은것같아요. 그리고 게임측에서는 해결할 생각이 없으신것같고.... 극악무도한 확률의 가챠에 그래도 현질하는 유저들이 있다고 그냥 냅두시는것같고, 문제라고 아예 인식이 없으신것같은데 가챠 좀 심한거아닌가요 돈을 쓰면 쓴만큼 가치있게 나오지않는다는게 솔직히 진짜 짜증납니다. 현질하고싶어도 뭐가 제대로 나올꺼란 희망자체가 없어서 그냥 혀만 차게되는데 가챠 좀 신경써주세요.",1
2018-02-05T02:46:22-07:00,보상이 제대로 지급안되네요,"지금 진행퀘 10만 포인트 보상 노부나가 서번트 카드가 사라짐요...
퀘스트에서 지급화면 나와서 보구 강화 들어갔더니 찾을수가 없네요. 잠금때문에 그런가해서  영기일람 들어갔는데도 보유된 서번트는 초기에 지급받은 1개밖에 나오지 않네요

아이디는 아래에
E6D4E3E9960E4F8C8176C4485536E38C",1
2018-02-04T22:44:59-07:00,일단 할만은 하다,"그냥 만화 보는 느낌으로 하는중인데
하다가 막히면 어쩌나 ㅎㅎ",5
2018-01-30T15:45:38-07:00,턴게임,"턴게임ㄹ 원래 좋아해서 
만화 원작은 보지못했지만 꼭봐야겠네요",3
2018-01-29T16:17:29-07:00,스토리보는재미,용어가 어렵지민 스토리는 재밌아요,5
2018-01-29T08:06:30-07:00,재미있습니다,한글로 즐길수 있어서 좋네요.,4
2018-01-29T04:48:49-07:00,그욷,구우욷,5
2018-01-29T03:04:52-07:00,폰 바꾸고 처음 깔아서 해봤는데,재밌네요!! 아이폰 8+짱짱!!!,3
2018-01-26T12:12:59-07:00,신선하다라는 표현이 맞을런지....,애니메이션이 게임으로 나온 걸 하다보면 애니메이션의 감동마저 반감시킬 때가 있어서 이 게임도 망설이다 다운을 받았어요~ 저의 걱정은 걱정이었어요~~ 재미있게 하고 있어요~ 다른 사람과의 경쟁만을 강요하는 요즘 게임들과 다르게 저에게는 신선하고 재미있게 할 수 있는 게임입니다~,4
2018-01-25T06:40:50-07:00,이거 문의좀 할게요,제가 계정을 두개 가지고 있는데요 지금 한개가 연동이 안되요 서로 두계정은 친구가 되어있어서 데이터가 남아있는건 확인했는데 연동이 안되요 페북계정과 에플계정 두개를 쓰는데 페북계정을 연동하는데 에플계정으로 연동이 되요 확인좀 부탁드려요,3
2018-01-25T06:03:54-07:00,장난아닌데요?,"저는 게임을 할때 스토리를 보면서 게임을 하는데 다른 게임들은 스토리가 대충 만들어지고 게다가 현질 유도가 너무 심해서 게임을 하다가 중간에 질려서 게임을 삭제를 합니다 하지만 이 게임 페이트 그랜드 오더 라는 게임은 스토리로 게임을 하기 때문에 좋습니다 스토리도 나쁘지 않아서 아무리 일본 게임이라고 해서 오타쿠 라고 하는거는 좀 아닌가 같습니다 한국 게임도 반성을 하면서 
페이트 그랜드 오더 많은 사랑 부탁드려요",5
2018-01-24T04:47:18-07:00,팅김,기기는 5S를 사용 중,1
2018-01-24T04:22:37-07:00,재밌음 무과금으로도쉬움,무과금으로도 충분히할수있음 스토리도재밌고,5
2018-01-23T13:29:35-07:00,재밌네요,시간가는줄 모르고 해버렸내요,4
2018-01-23T06:57:20-07:00,재미있어요,"시간가는줄 모르고 하는 중이에요
감사합니다. 이렇게 좋은게임 하게 해주셔서
화이팅!!!",5
2018-01-23T03:39:51-07:00,재미있다,페이트짱,5
2018-01-22T22:39:42-07:00,굿,굿굿,5
2018-01-19T13:03:05-07:00,유사게임 수준.,"로딩속도는 황당할정도로 느림 그렇다고 그래픽이 좋은것도 아니고 그냥 최적화가 맛이 간거같은데...

Ui는 한숨나옴. 버프가 있는데 수치가 아예 안나옴. 무슨 90년대 게임
리니지도 아니고 2015게임이 버프수치 미공개라니. 그래놓고 버프의 레벨도있고 성장가능. 

스토리면에선 크게 불만없는데 
어차피 이전에 나왔던 그게임이 또 나온거.
게임으로선 매우 엉성하고 조악한 전형적인 모바일게임.

페이트 ip만 인맥으로 따면 누구나 돈을 쉽게 벌 수 있는듯?",1
2018-01-19T09:32:09-07:00,ㄲ,ㄲ,3
2018-01-19T01:14:48-07:00,재밌습니다,"전작들을 본 유저로써 재밌게 하고 있습니다
ㅎㅎ 덤으로 최애캐도 grt!!!",5
2018-01-18T23:19:44-07:00,아이폰 8 유저입니다,이번 이벤트 업뎃 후 게임이 알림창을 확인하고 나면 먹통이 된다거나 멈춘다거나 튕기는 일이 너무 잦네요 게임하다가 잠깐 카톡 알림 확인하려 하면 껐다 켜야되는게 너무 성가십니다 이런 점만 좀 고친다면 갓겜이에요,3
2018-01-18T16:28:45-07:00,개존잼탱이다,ㄹㅇ루,5
2018-01-17T18:40:57-07:00,소통도 안하는 넷마블 반성해라,"이벤도 순서바꾸고 이벤 하나 거르려고까지하고
소통안하는겜에 미래는없다",1
2018-01-16T21:48:51-07:00,여윽시 x마블,겜은 할만한데 운영으로 말아처드실상,1
2018-01-16T17:18:21-07:00,통보식으로 하루전에 이벤트 공지하는 수준의 운영,"이벤트를 건너뛰고 새로운 이벤트를 할거였으면 미리 사전공지를 하던가 그런거 하나없이 업데이트 전날 공지 쓰면서 이전이벤트 관련은 추후공지 한줄만 통보식으로 남기는게 말이됩니까?
유저 호구로 보고 이런 운영하시는거지 장난치는것도 아니고 이벤트 순서 건너뛰었으면 그에대한 공지는 당일 올려야 하는거 아닌가요? 오늘도 공지없이 업데이트 진행하면 커뮤니티 반응보지도 않고 막무가내로 운영하는거 보여주시는거죠? 소통은 개뿔 유저 반응 다무시해가면서 업데이트 진행하는게 말이되나요?",1
2018-01-16T07:03:59-07:00,혼노지,안하면 본사에 불질러버린다,1
2018-01-16T02:08:02-07:00,혼노지 안하고 크리스마스이벤트,별 1점 만도 못한 운영,1
2018-01-16T00:27:19-07:00,페이트 그랜드 오더,굿 ㅎㅎ아주 재밋어용ㅎㅎ,5
2018-01-15T23:14:11-07:00,재밌게 잘하고있는데,"오늘부터 갑자기 접속이안되네요 
처음화면에서 터치하라고 뜨는데 터치하면 안들어가져요 그 화면 그대로 계속있네요",5
2018-01-15T21:14:56-07:00,갓스토리,에니를 게임으로 즐길 수 있어 너무 행복해요,5
2018-01-15T19:11:42-07:00,갓겜,"ㅇㅈ합니당ㅠㅠㅠ길가님 픽업,,언제쯤,,?",5
2018-01-15T10:07:16-07:00,굳,괜찮아요 이제 공명만 나오면 되..,5
2018-01-13T20:12:48-07:00,흠.......,평범함,3
2018-01-12T17:36:38-07:00,그리 나쁘지 않습니다,"저는 굉장히 재미있게 하고 있고
또한 스토리또한 굉장히 잘 풀어낸 느낌입니다. 막대한 분량의 스토리와 수많은 이벤트들 조차 하나하나가 각각의 의미있는 스토리를 담아내고 있습니다. 이후에 많은 것들이 추가될 게임이기도 하고 게임성도 나름 재밌어요. 근데 약간 리세마라가 필요한 게임입니다, 가챠 확률이 창렬한 건 공공연한 사실이고 또 거기에서 좋은 서번트가 뽑히길 기도해야 합니다, 그러나 좋은 서번트 뽑는 데만 성공하면 나름 할만 해지니 나름 괜찮다고 생각합니다.",5
2018-01-10T06:51:19-07:00,스토리가 재밌네요,캐릭터 키우고 싸우는건 모르겠는데 스토리보는 재미가 있네요,5
2018-01-10T06:13:42-07:00,굿,ㄲㄲ,5
2018-01-10T01:16:03-07:00,"와 대박,,","제가 원래 이런 게임을 하면 쉽게 질려하는데 이건 스토리, 작화 등이 말을 잇게할 정도로,, 대박임 !!!! 이걸 어제 부터 하기 시작했는데 새벽까지 계속하다 잠들고 오늘 일어나자 마자 한게 페이트 게임 !! 지금 까지 계속 하고 있고,
진심 일본 게임 1위라 할 정도로 재밌고 스토리 보는 맛 도 있고 싸우는 맛 도 있고 와,, 작화가 오짐 
한국게임은 아예 상대도 안 될 정도의 게임인것 같아요. 핸드폰 게임을 한다 치더라도 전 하루 만에 질려하는데 이건 호호❣️ 제인생 게임됨 !!!!!!",5
2018-01-09T05:58:59-07:00,역시 외국 게임인가...,최-고다,5
2018-01-08T23:06:14-07:00,괜찮습니다.,"예전부터 페이트 시리즈를 좋아해서,
재미있게 할 수 있지 않나 싶군요.
스토리의 전개가 원작 페이트처럼 텍스트 어드벤처 풍으로 흘러가도록 만들어 놓아서,
이런 스타일을 좋아하는 제게 잘 맞는것 같고,
전투이펙트도 나온지 오래된 게임치고는 꽤 공들여 구현되어 있는것 같아서 좋습니다.
하지만 전투가 반복성이 심해서 빨리 심심해져버릴 수도 있는 게 흠이라면 흠이랄 수 있겠습니다.",4
2018-01-07T21:50:27-07:00,이것도 업데이트 해주세요,일본판은 한 장이 끝나고 3판하면 잼 주는 것도 끝나면 주황색으로 나오는 숫자 한개씩 사라지는데 한국판은 점점 늘어나서 보기에 좀 깔끔하지가 않네요 부탁드림요!!,5
2018-01-07T21:37:50-07:00,모바일 게임의 장점을 잘 살린 게임입니다,서버환경도 좋고 선택적 과금이 가능한 시스템 또한 만족스럽습니다.,5
2018-01-07T09:37:59-07:00,페이트,재미져요,5
2018-01-07T04:53:33-07:00,구ㅛ,굿,5
2018-01-07T04:41:34-07:00,걍 할만함 ㅋ,생각없이 하센..,5
2018-01-06T10:59:11-07:00,정말 재밌습니다,예전부터 하고싶던건데 일본어로 되있어서 엄두가 안났어요 그런데 한국어로 나와서 참 다행입니다 굿굿,5
2018-01-06T04:08:20-07:00,잼 있네여,추천합니다,4
2018-01-05T08:35:40-07:00,흠,노가다만 빼면 나쁘지얺음.,4
2018-01-05T06:11:25-07:00,제발 아이리 예장하나만줘....,별 5개줬자너... 이제 영왕님 그만잡고싶어.. 일주일째야.....,5
2018-01-05T04:55:47-07:00,스토리가 좋다,만족,5
2018-01-04T23:26:21-07:00,재밋어요,애정이가네요,5
2018-01-04T19:23:45-07:00,확률 제로,100장 질렀는데 신케는 고사하고 5성케릭 한장 안줍니다 확률 쓰레기네요 할맘이 생기게 해야 하는거지 이거 뭐 너무합니다,1
2018-01-04T05:47:18-07:00,5점 줄 테니 슼 2030 흑잔 멀린좀,제발,5
2018-01-04T01:39:45-07:00,주세요,주때여,5
2018-01-03T19:08:00-07:00,구매내역,구매내역 삭제해주세요,4
2018-01-03T17:58:26-07:00,그래봐야 가챠놀음 확률놀음,"조금 차이는 있어도 결국 돈을 부어야 하는 시스템인 이상 노답임
그 낮은 확률마저 더 내려보겠다고 캐릭이랑 장비를 섞어서 가챠에 우겨넣은
노답 시스템임 캐릭터가 중요한 게임에서 그걸 뽑기 뭐같이 빡세게 한 시점에서
쓰레기 확정",1
