date,review_title,review_text,rating
2018-07-31T08:32:41-07:00,협력배틀이 안됩니다ㅜ,협력배틀 들어가기만 누르면 화면이 멈추고 아무것도 되지가 않습니다ㅜㅜㅜ 계속 이러네요... 수정 해주세요ㅜㅜ,3
2018-07-30T09:01:31-07:00,그래도 하고프가 최고다,"4년이나 됐는데 이런 갓겜없습니다....

스토어 리뷰스샷도 월드엔드 4주년기념으로 바뀌었네요! 오오 최신스샷입니다
계속 응원합니다 뉴비분들 지금오셔서 게임깔고 네이버카페들어오세요
경쟁게임이아니고 협력배틀게임이라 뉴비도 쉽게 즐길수있습니다 어서오세요",5
2018-07-30T08:21:42-07:00,지금 게임을 못 들어가고 있습니다.,"오류만 계속 떠서 게임을 못하고 있습니다. ㅡㅡ
빨리 고쳐주세요.",1
2018-07-30T08:20:18-07:00,게임이안되요ㅠㅠ,"답답해요 오류가발생했습니다
00200500
다시시작하시겠습니까?

아니요 누르면
오류가발생햇다고 다시타이틀로간대요ㅠㅠ

분명퀘스트깨고잇엇는데다깨서대기화면으로가는중이엇는데이렇게됏어요ㅠㅠ",4
2018-07-28T16:07:54-07:00,죄의시작,다시 죄의 시작 이벤트가 나와서 좋아했는데 액션훅? 이나 마법 지팡이가 없네요ㅠㅠ,5
2018-07-20T09:32:10-07:00,아니..,다 좋은데 4스타 확률 낮춰주시고 한정캐 확률 업이랑 이어서 새로하기 횟수 늘려주세요...,4
2018-07-15T03:58:50-07:00,확률주작입니다 현질하지마세요,"44연차 이벤트 실시 4성 1개(스타룬)
66연차 주얼 구입 실시 4성 2개(스타룬)
6~7월 가챠 기록(전부 교체한정 가챠)
게임은 재미있고 스토리도 재미있는 갓게임이지만 오늘의 갓캐릭은 내일의 최약캐릭 되는 무한악순환게임입니다
하실거면 현질하지마세요
100%후회합니다 보장합니다",1
2018-07-11T15:44:53-07:00,노답,"별 4개도 안나오고 실화냐 25번깟는데 노답
10+1에서 골드2개 실버9개 노답임 이겜 이제 안합니다
이딴식으로만들려면 게임을 만들지 마삼 답없다",1
2018-07-07T01:30:38-07:00,한로플♡♡♡,"이렇게 리뷰 남기는건 처음 이네요!!
너무 게임 재밌게 잘 하고 있어요^^
앞으로도 서비스 종료하지말고 오래오래 합시다!!!",5
2018-06-18T07:05:56-07:00,안녕하세요,항상 맘에 드는 캐릭터가 안 나와서 쥬얼을 얻으려고 뻘짓을 하던 것이 기억나네요 그래도 게임 자체는 재미있어요,4
2018-06-04T02:34:10-07:00,재미있어요 그런데...,가디언은 업데이트 됬다고 했는데 아직 안되네요,5
2018-06-01T04:07:45-07:00,졸잼잼잼잼,"진짜 인생겜이에요
한번하면 계속하게되유
컨트롤하는 맛이 디집어짐🤭",5
2018-05-27T18:15:58-07:00,기억나네 ㅋㅋ,과금 120장하고 가챠캐릭 못뽑고 접었었음 ㅋ 절대 과금하지마셈,1
2018-05-06T00:27:06-07:00,모바일 치곤 굿,"모바일 게임 현질 유도때문에 하다 끊고했는데

모바일 치고는 정말 잘 만들엇다 생각합니다

로그인한지 벌써 800일이네요

뉴비분들도 할만하다고 생각합니다

가챠 확률이 헬조선이라 생각하지만

그래두 그건 본인 운이니 뭐..

일본 특성상 리세마라는 각오하고 하시길

그치만 재밌는건 정말 재밌습니다

뉴비분들 카페가시면 팁게랑 그런거에

자세히 나와있으니 참고하시면 금방금방입니다

유저분들 다 착하시니 퀘스트나 멀티도실때

도와주시는분들 엄청 많아요!",4
2018-04-28T00:32:36-07:00,다 좋은데...,제가 예전에 하던 계정이 있는데 그 계정으로 돌아가는 방법이 없을까요??그리고 제가 메일작성을 하는데 사용할수없는 메일이라뜹니다ㅠㅠ어쪄죠ㅠㅠ,5
2018-04-18T19:45:01-07:00,확률표 볼수있는곳 있나요,"스탬프 붙는 이벤트 뽑기인데... 10뽑기 2번째에 4성 한개, 후에 10뽑기 두번더에 4성 없고... 복귀 유저인데 확률이 바뀐건가요, 예전에 10뽑기 두번안엔 4성 나왔던거로 기억하는데. 게임자체는 잘만들고 재밌지만 이렇게 안뽑힐때는 맘이 아파서 또 다른게임 하다 오게됨 ㅜㅜ",5
2018-04-16T07:03:22-07:00,국산겜에 지치면 추천함,일단 난 카카오게임음 거르는 사람이라 더 추천하는데요 꾸준히만 해서 원하는 캐릭터 등장할때 뽑기에 올인하는 식으로 하면 솔직히 과금 많이 필요 없어요 유저들도 대부분 착해서 좋구요 요즘에는 인터페이스만 좀 바꾸면 어떨까해요 해가 바뀌는데 같아서 살짝 질리네요 나머지는 다 괜춘 재미씀,5
2018-03-23T07:29:04-07:00,"캐릭, 무기 뽑기 쥬얼 낮춰요.!!!!!","캐릭터뽑기 -250개 (150개)낮춰요!!!
무기뽑기 - 150개 (100)개 낮춰요!!!
겜 자체로 퀘스트 깨기도 지루하고
퀘스트 돌기고 지루한데
쥬얼을 수급도 지루함",1
2018-03-22T06:06:43-07:00,이겜하지마셈,"게임 플레이방식은 정말 재밌고 취향인데 가챠 확률 좀 제발.......4,5성확률이 합해서 11퍼라는데 어떻게 거기에서 포스타만 줄줄이 나오고 교체가 하나도 안나올수가 있지요 과금러 이렇게 개떡취급하는 게임은 처음봐요 벌써 200만원 과금했는데 거기서 얻은 캐릭터가 얼마안되는게 말이 되냐구요 2성확률49퍼센트 3성확률40퍼센트 뭔데 ㅠㅠㅠㅠㅠㅠㅠ 가챠돌리다 우울증오겠어 죽고싶다고 방금도 17만원쓰고 위시 못얻었어요 이럴때마다 진짜 정떨어져서 그냥 패소하고 섭종했으면 좋겠음 제발 이게임 하지마세요 하려면 가볍게 즐기기만하고 과금절대x",3
2018-03-09T16:38:20-07:00,아니...,아니 케릭터 추첨하다가 실수로 닫기해버려서 다시 할려고 했는데 티켓이 0장이여서 진짜 어이가없어서 운영자님 답변해주세요...,1
2018-03-05T01:22:28-07:00,리뷰 갱신,"헬조선 쓉줫망겜들 카카오 하다 이겜하면 다들 좋아죽음.

과금의 유도성. 전~혀 없음. 과금은 그저 올콜렉트 목적.

약간 오따끄 성이 강하지만 일러 스토리 성우 완벽함. 완성도가 아주 뛰어나다. 씹덕은 물론이거니와 그냥 일반인도 보기엔 딱 하고싶게 만드는 캐릭터 모델링. 스킬이펙트도 화려하고 조작감, 타격감 모두 완벽하다.

행동력 제한이 없다.
걍 여러분들 지칠때까지 게임을 즐겨도 제한없음.

가벼워 보이는 게임분위기에 안맞게 보스전이나 각종 멀티들은 꽤나 패턴과 상성이 복잡해 공략하는 재미가 있다. 한마디로 전투에는 무게감이 있다.

과금,무과금? 둘차이는 없다 그냥 올비와 뉴비차이.
모든게임에는 시간과,돈을 들인만큼 강해지지만 이겜은 [시간]만 투자하면 된다. 성장요소가 과금X
꽤나 라이트하게 입문으로 즐기다 푹빠진 사람들이 많다.

총평 : 국산에 지친자. 여기에 와서 쉬거라.",5
2018-03-04T04:08:15-07:00,제발 기종 변경좀,"운영자님 제발 답변되세요
제가 메일주소로 저장을 해놓고 
다른 휴대폰에 하려고 하니까
이메일도 쓰고 비밀번호로 다 맞는데 
왜 되지 않는거죠?그 계정에서
우정각성2개 하고 4성
10개 있는데...
제발 돌려주세요!!!!!
ㅠㅠ제발 답변 ㅠㅠ",5
2018-03-02T03:08:18-07:00,꿀잼 핵꿀잼 엄청 진짜 레알 리얼리 대박 완전 헐 재밌음,이게임 진짜 재밌어요 짱 근데 일본판 어케 깔아요?,5
2018-02-17T09:03:05-07:00,.,..,2
2018-02-13T21:27:26-07:00,드래곤라이더 선물 티켓,선물 받지도 않았는데 왜 티켓이 없나요 ㅠㅠ,1
2018-02-10T05:34:28-07:00,넘나리 재밌어요^^,진짜__감사드려요^^ 갖고 싶었던 캐 다 나오고!!!!! 정말 조아요~~,5
2018-02-08T10:21:48-07:00,게임은 재미있음. 커뮤니티들이 정떨어지게 함.,"대표적인 커뮤니티가 공식카페, 백묘갤 두 개가 있는 듯한데 뉴비배척에 앞장서는 공식카페에 거기까지 와서 분탕질치고 뉴비에게 더러운 이미지만 심어주는 백묘갤에 ㅠㅡㅠ 게임 자체는 참 괜찮은데 안타깝네요",3
2018-02-05T07:42:46-07:00,알피지겜 중에 이만한건 없는듯,운영도 오래하고 이벤트도 꾸준히 많고 게임도 잘만듬,5
2018-01-30T22:44:23-07:00,뽑기 확률 공개됐어요,"뽑기화면에서 설명 보시면 각종 확률 다 알려줍니다~

참고: 멀티에서 전멸이 아닌 한 접속자는 모든 보상이 동일하니 부활 안하고 그냥 대기해도 보상 받아지니 왠만하면 부활하지 마세요. 안해도 아무도 뭐라 안합니다. 아까워요 ㅠㅠ",5
2018-01-28T20:44:45-07:00,ㅋㅋㅋㅋ노답,지가 운 없어서 캐릭 못쳐먹었다고 별점 낮게주는 새기들은 뭐하는 것들이지 어휴,5
2018-01-22T09:12:17-07:00,캐릭터가 사라졌어요,"게임 재밌게 하고있는데 두캐릭터가 사라졌어요

길드 오프할땐 있는데 캐릭터  편성할땐 두캐릭터가 안보입니다",3
2018-01-18T19:49:48-07:00,자꾸 강제종료,"아이패드로 실행하면 자꾸 강제종료가 됩니다,,,,",2
2018-01-11T18:46:34-07:00,"아, 죄송합니다","안녕하세요 방금 IOS 즉, 아이폰사용자에서 건의사항을 보냈는데 나이트메어 모드로 이동할려고 했을때 계속 튕기고 노말모드로도 바뀌지 않아서 건의사항을 보냈습니다 폰전원을 껐다 키니 되네요 혹시 저 말고도 다른분들도 그런 오류가 있지 않을까 하는 마음에 한번 확인해주셨으면 합니다 감사합니다:) 항상 즐겁게 플레이 하고 있어요",5
2018-01-10T21:47:10-07:00,삐빅!,시한부 게임임니다,1
2018-01-08T09:21:02-07:00,ㅎ,재밌어욜,5
2017-12-31T19:19:38-07:00,너무어려워요,파피신기해방퀘스트좀쉽게해주세요,5
2017-12-27T09:51:40-07:00,광고좀 해주세요..,현존 최강 갓겜이 유저가 계속 줄고 있어요.. 하얀고양이프로젝트 이름만 들어서 이런게임이란걸 보기전에 할 생각도 안들고 전까지 초창기 찱흙득 세워놓고 광고하다가 이제와서 삐가번쩍 한 애달 세워두면 어떻게요 갓겜이 점점 묻히고 있어요 고인물들난 늘어나고 신규유저가 너무 적어요,5
2017-12-26T10:04:16-07:00,정말 재밌어요!,얼마나 악플이 많으면 리뷰방어 오지게하네... 코로플 극우익기업이다. 제발 정신좀 차려라 한국의 오타쿠들아.,5
2017-12-18T06:32:55-07:00,갓겜,갓겜..,5
2017-12-18T00:06:30-07:00,모코 쟝!,빙글 돌아서 나이스 바디!,5
2017-12-16T19:33:00-07:00,소리가 안들립니다...,이렇게 오랫동안 하고있는 게임은 없는데 갑자기 게임 소리가 안들리네요.. 설정에서 재설정 다 해봤고 아이폰 무음모드도 껐는데 어떻게해야 할까요,4
2017-12-13T12:04:33-07:00,계정 세개 날렸다 ㅋ ㅋ ㅋ ㅋ ㅋ ㅋ,비번이 다 틀리데 ㅋㅋㅋㅋㅋ 지금 키우던거 계정 등록 하고 다른 계정 찾는다고 지웟다 깔았는데 증발 해버렸어^~^벌써 세번째에요~영자님아^~^ 충전 한번 했는데 두번 결재 되고 문의 해도 답 도 안주는 우리 개발자님^^ 참 칭찬해^^ 기분이 참으로 아름답네^^~내가 접는다 접어^^~,1
2017-12-09T18:32:20-07:00,너무재밌어요,너무너무 이 게임을 사랑해요,5
2017-12-08T07:21:49-07:00,갓겜,"시간 투자 많이해야되서
저같은 스타일은 게임 오래못하는데
계속 지웟다깔앗다 하게됩니다
갓겜이거든요:D",5
2017-11-20T00:39:53-07:00,진짜 혜자게임,"여스미 나올때 잠시한달 하다가 갓포스때 복귀해서
지금까지 하루도 안빠지고 플레이중 쥬얼캐다가 물욕센서 발동하면 현질도 하게되지만 생각만큼 수십만원 이렇게는 쓸필요가 없는게임 사실 성능만 놓고보자면 그만큼만 뽑아두고 쓰기만하면 되는 게임이고 시간투자 한만큼 모든캐릭터가 전부 쌔지는 시스템이라 뭐 장비 몇강화 이딴거없이 편안하게 플레이 할수있어요 이벤트별로 나오게되는 악세,석판,성능좋은 교체한정 캐릭터,무기 이정도만 맞춰주면 되고 점점 쌔질수록 하는맛도 생기기때문에 몇개월을 매일같이 플레이해도 전혀 질리지가 않는게임임 단점은 가챠게임이라서 자신이 원하는 캐릭터가 잘 안나와주면 그때부터 냥테기가 시작됨..그외에는 뭐 갓겜",5
2017-11-20T00:13:41-07:00,아이폰..,"아이폰 업데이트 빨리빨리좀
개암
게임 자체는 괜춘",4
2017-11-16T09:56:48-07:00,이거 복구;;,지웟다가 다시깔앗는데 다날라갓는데 찾는방법없나요 ㅠㅠ,5
2017-11-13T05:39:16-07:00,비밀번호,비밀번호를 까먹었는데 혹시 비번을 emily111 으로 바꿔주실 수 있나요? 닉네임은 밀리에고 랭킹은 81 이에요,5
2017-11-04T19:58:22-07:00,"4,5성 확률 얼마나?","5성 한정기간일때 2성 나올 확률 얼마나 되는지요? 4,5성 진짜 안나오네요; 글구 할로윈 마르 3스 설명 보려고 할때 안뜨네요;; 저만 이런 건지 궁금하네요",4
2017-11-02T05:40:27-07:00,젖같은 운빨뽑기겜 시발거,ㅈㄴ 병신같은뽑기확률 조정좀 해라 60쳐박아서 원하는거뽑는거 말이가,1
2017-10-31T23:48:29-07:00,갓겜,1100일 넘게 하고있는 유저인데 이거 하시면 딴겜이 눈에 안 들어옵니다.. 눈높아져서 할 겜 찾기가 힘드네요ㅋㅋㅋ,5
2017-10-31T13:20:44-07:00,ㅇㅇ,ㅇㅇ,5
2017-10-24T10:12:32-07:00,인생겜,"인생겜 입니다.. 꼭하세요 
한번 빠지면 다시 못헤어나와요..
접은순간도 잠시 며칠뒤 다시 재설치하는 모습을 볼수 있습니다..",5
2017-10-18T03:25:29-07:00,에잇계정등록을 안했었내쩝,ㅜㅜ,5
2017-10-16T06:59:55-07:00,이럴수가..,"어떻게 프린세스 메시아에 2350쥬얼을 썼는데 무지개 스타룬조차 안나오는거죠..?
4성좀 나오게 해주세요오....",3
2017-10-16T00:07:52-07:00,일단 3주년 축하합니다,무료연챠 나오자마자 무득을 기록했지만(...)앞으로도 힘내십시오,1
2017-10-06T08:37:25-07:00,复合肥加肥加大就到家,就当减肥快递客服开裆裤打卡面对面都没得面对面,5
2017-10-06T05:04:51-07:00,바보들,전도유망한 똥업뎃,1
2017-09-29T02:08:47-07:00,운영자님 답변좀..,"최근에 미쿠 이벤트로 다시 돌아왔던 유저입니다. 그런데요..음.. 전부터 생각해 온건데요.. 제가 2차례에 걸쳐서 500쥬얼을 연속으로 질러 봤습니다. 근데 처음에 미쿠 이벤할 때는 4성은 하나도 안뜨고 이번에는 5성 하나 나오고 다 2,3성만 나왔어요. 5성이 나오는 대신 2성 뽑을 확률이 줄어들었다고는 했는데 얼마큼 줄어든 건지 잘 모르겠어요..
.
.
.
그냥 제가 운이 안 좋은 거겠죠?(시무룩). 게임 자체는 매우 재밌습니다!!",5
2017-09-27T07:34:04-07:00,이만한 게임이 없다,단점도 확실한 게임이지만 이보다 나은 게임이 달리 없어서 하고있음,4
2017-09-26T20:44:13-07:00,작년과는 다른 게임,분리한정이 없어지면서 다양한 캐릭터를 볼 수 있는 기회가 줄어들고 교체만 주구장창 내면서 그 와중에 리메이크 되는 캐릭은 지겨운 얼굴들 뿐. 불쏘시개로 전락한 스토리와 지겨운 반복성 노가다는 작년에 플레이했던 백묘와 같은 게임이라고 믿기 힘들 정도.,1
2017-09-23T19:17:44-07:00,일단 괜찮은 게임인건 맞습니다.,"조작감이 다른 모바게에 비해 좋습니다. 나쁘지 않아요 헬ㅈ선 양산형 모바게 대부분은 오토오토오토 무슨 실시간 옴닉사태 마냥 쀼삐쀼삐 대는데 이게임은 손맛이 꽤 좋습니다. 그외에 과금창이 수도없이 뜨는 한국게임에 비해 과금유도창이나 이런것도 없으며 과금을 하지 않더라도 게임 즐기는데 문제는 없습니다. 이게임에서 과금은 11연챠 할때만 하는데 그거도 시간만 투자하면 충당가능한 수준입니다.
하지만 일본게임 특성상 리세마라를 하셔야 하실 수도 있습니다. 그 불편함은 나름 감수 하셔야 하는 부분입니다.",5
2017-09-02T07:23:16-07:00,갓겜,대부분 이틀내에 게임앱을 지우는데 내 폰에서 400일 넘게 생존 중인 유일한 게임,5
2017-09-01T07:31:18-07:00,삭제했다가도 다시 깔게되는 게임,모바일게임중 이만한 게임 없어요!,5
2017-09-01T05:35:25-07:00,ㅇㅇ,재밌네요,5
2017-08-29T05:13:01-07:00,네?,"아직 안 해보셨어요? 
컨트롤 하는 맛이 기가 막힙니다",5
2017-08-28T11:48:46-07:00,진짜 게임이 뭔지 알려주는 게임,"핸드폰도 휴대용 게임이가 될수 있음을 보여주는
진짜 모바일 게임.
자동 오토에 찌든 보는것만 하는게 그게 어찌 게임이라 하겠음?
예전에 영웅서기, 이노티아연대기, 제노니아 등등
피쳐폰 그 조그만 화면에 숫자판으로 깨알 조작해가며 몬스터 열심히 잡던 그때 그 추억. 그게 진짜 모바일 액션 게임이었고 그때 그 맛이 잘 살아 있는 게임.
거기에 플러스로 더 진보한 시스템으로 지금 현 시점으로 모바일게임중 가장 모바일게임 다운 게임이라 할 수 있음.
다양한 캐릭터와 클래스. 다양한 적들. 다양한 섬. 다양한 보스. 다양한 이벤트. 다양한 성우진들. 다양한 스토리...
할것이 너무 많아서 정말 웬만한 PC게임 컨텐츠랑 비벼도 될 정도로 풍부함.
마치 블루투스같은 느낌. 경험해보기 전엔 모르지만 한번 경험해보면 다른 게임을 못함.
오토에 찌들려서 노닥거리는 캐릭터 구경할바엔
직접 캐릭터를 굴려가며 피하고 스킬써가며
예전의 그 향수를 꺼내보는건 어떨까?",5
2017-08-27T06:05:44-07:00,ㅎㅎㅎ,재밋어여,5
2017-08-18T06:11:10-07:00,플레이 1000일 넘었네요,"많은 게임들을 접해봤지만
이만한 인생게임이 또 있을까 싶네요
꾸준히 접속해서 일일 퀘만해도 가챠 지를수 있는 주얼을 매번 주니 무과금 유저들도 할만합니다
단 캐릭뽑기가 운을 많이 타긴 하지만
매번 새로운 캐릭터들이 꾸준히 추가되니 특정 캐릭 못 얻었다고 해도 다음에 더 좋은 캐릭을 노린다고 생각하면 마음도 편해집니다 ㅎㅎ",5
2017-08-16T20:55:24-07:00,와 갑자기 안되죠??,"계속 오류 뜨면서 아무것도 못하네요...
5스타 캐릭터만해도 수십개인데....",1
2017-08-14T07:23:56-07:00,푹빠졌네요,가챠 숨막혀요..ㅠ,5
2017-08-10T03:18:02-07:00,대체재가 없는 게임 손맛을 못잊고 돌아옴,"***고양이 키우는 게임 아님.

손가락 하나로 이동, 구르기, 차지, 스킬사용 등 여러 행동이 가능한 게 장점.

대가리가 사분의 일인 SD 보고 처음엔 이게 뭔가 싶을 수 있지만 한번 해보면 저도 모르게 빠져들게 된다. 일판에 공시된 바로는 최고등급 등장확률이 11%에 달하기 때문에 다른 게임에 비해 픽업확률도 높은 편. 올콜렉 욕심만 비우면 무과금/소과금으로도 콘텐츠 전부 즐길 수 있다. 애초에 경쟁보단 협력 플레이가 메인이기 때문에 내가 먼저 죽었어도 다른 플레이어가 마저 깨줄 수 있고 보상도 동일하게 준다. 초보라면 쥬알로 부활 안하고 누워서 기다려도 된다.

자세한 스타트, 육성 정보 등은 커뮤니티에 검색하거나 질문하여 해결하면 됨. 1000일 넘은 게임이라 오래한 유저도 많아서 뉴비 보면 좋아서 달려드니까 걱정 말고 한번 다운이나 받아봐라. 튜토리얼만 참고 넘기면 일단 성공임.",5
2017-08-10T02:30:56-07:00,ㅋㅋㅋ 겜소개 스크린샷,신규유저들 스포 돋네,5
2017-08-04T20:38:27-07:00,이오류좀 해결해주세요,재가 어제 친구계정으로 들어가서 친구거러 게임을하고 게임을 삭제시키고   이제 친구가 계정을 로그인할려고 하니까   유저 인증에 실패했다고 뜨면서 게임이 접속이 안됩니다 이것을 어떻게 해결해야할까요,1
2017-08-04T19:41:21-07:00,.,..,5
2017-08-04T11:45:07-07:00,홍보담당자 좀 짤라라,"무슨 엘지 마케팅담당자 데려다놓고 어플등록했냐 
게임은 재밌으니 꼭하세요",5
2017-08-02T09:33:49-07:00,모바일 인생게임,"살다살다 핸드폰게임을 이렇게 오래해본적이 없슴.
곧 2년째.
정말 최고의 게임인듯합니다.
서버종료되면 정말정말 아쉬울것 같아요.
처음으로 이게임 때문에 일본여행을 다녀왔습니다.
(오프라인행사 참여와 굿즈 구매를 위해서)
오덕도 아닌데 이정도로 빠질줄은..
참 대단한 게임인것 같네요.
초반진입 장벽은 좀 있는 편입니다.
하지만 조금만 적응되시면 빠져나오기 힘드실겁니다.
강추합니다.",5
2017-08-02T07:51:34-07:00,꿀잼,꿀잼인데...제로 크로니클에 있는 버서커(주인공) 5성은 어떻게 만드는지 모르겠음 좀알려주삼... 저4성으로 뽑힘....,5
2017-08-01T00:23:25-07:00,꿀잼 스토리와 그래픽,스토리도 애니메이션 뺨치고 그래픽도 뛰어납니다 모바일게임에 눈뜨게 해준 게임입니다 추천합니다,5
2017-07-31T07:58:56-07:00,걍 해보시죠,그냥 하면 빠짐 최고의 겜인데 왜 안하는지 모르겠음,5
2017-07-31T07:10:45-07:00,캐릭 얻기는 다른 가챠겜보다 쉽습니다,원하는거 얻기가 힘들뿐이죠. 캐쉬 쥬얼도 많이 퍼주는 편이고 여로모로 갓겜.,5
2017-07-28T11:44:30-07:00,이건 인생게임이다ㄷㄷㄷ,제가 게임들을 하면 보통 한 달정도 하고 질려서 지우는데 이건진짜 스토리도 좋고 캐릭터들도 다 선남선녀고///진짜 일년 넘게 한 게임은 이게 처음이예요.이건 저의 영원한 인생게임 일듯ㄷㄷㄷ,5
2017-07-25T09:54:55-07:00,제로 크로니클과 섬 리셋 2번,잼있는데 음....이어하기 섬 리셋 2번으로 올려주시고여 제로 크로니클좀 업데이트 해주세여 잘못해서 섬 리셋 하는 바람에 이어하기 못하고 있고여 일본버젼은 벌써 1000일기념하기도전에? 맞나? 어쨌든 제로 크로니클 나왔는데 저희 한국버젼은 안하나여? 안하면 어쩔 수 없지만 제로 크로니클 한다면 최대한 빨리 제로 크로니클 업데이트 해주세여,5
2017-07-18T23:20:58-07:00,망했냐?,왜 리뷰도 없어?,5
2017-06-27T11:41:39-07:00,제가,폰을 바꿨는데 계정복구안되나요?(안드로이드->아이폰),3
2017-06-22T07:06:06-07:00,렉이 사라지니 너무 편하다,렉사라지니까 개편함!  갓겜!,5
2017-06-21T23:03:53-07:00,너무 오래 걸리긴 했지만,"그래도 렉&튕김 해결되어서 다행ㅠㅠ
불평 불만 많기는 하지만 결국 끝까지 잡고 있는 게임은 하곺 뿐이네ㅜㅜ",5
2017-06-21T03:13:26-07:00,갓 겜입니다 추천,이런게 진정한 게임입니다.,5
2017-06-20T19:39:41-07:00,렉 또 나오면 접는다,진짜 지긋지긋하다,3
2017-06-19T05:11:44-07:00,겜은 국내 양산형 보다 좋다.,"오토도 안되고. 한손조작. 좋다. 
하지만 스토리가 끝날 기미가 안 보인다. 
하다 하다가 지겨워져서 언제부턴가 손이 안가기 시작한다. 

그러다가 며칠 텀으로 접하고. 
그리고는 몇달 텀. 그리고는 접게 되는...
스토리가 끝날 기미가 안 보인다.",3
2017-06-17T23:16:50-07:00,렉 튕김 현상 안고칩니까?,어째서 업데이트 하기 전이 더 나아요;; 진짜 밑에 사람들 글 올라오는데도 개선안하는거 보면 일 안하네;,1
2017-06-17T20:35:27-07:00,재미는 있는데...,업뎃해도 달라지는게 없네요,1
2017-06-16T21:18:33-07:00,캐릭 뽑기 오류,"새로운 동료가 추가 됐는데
캐릭창 가보니 없어요ㅠㅠㅠ",4
2017-06-16T00:52:23-07:00,왜이렇게 팅깁니까.....,오랜만에 할라고 깔았더니 엄청 팅기길래 봤더니 나만그런게아니네요.... 가챠내서 돈벌생각좀 하지말고 이런거나 좀 고치세요..,1
2017-06-15T20:59:08-07:00,자꾸 튕겨요,몇년간 계속 잘해오다가 최근 업데이트로 자꾸 튕기네요 아예 타운을 못들어가요 빨리 어떻게 고쳐주셨으면,1
2017-06-15T07:29:04-07:00,아니 어떻게 하면 업뎃하고 더 심해짐?,진짜 리뷰 안남기는데 짜증나서 남깁니다. 업뎃하고 더 심해진 거 알고 있어요 한로플?? 협력 3번만 하면 버벅대고 튕겨요 진짜 게임을 하라는건지 말라는건지 능력도 없는데 겜운영은 왜 해요?,1
2017-06-14T20:44:06-07:00,팅김,"6월13일자 업데이트 후에도 안됨
업데이트가 세번?정도 진행되었지만 역시나 안됨
게임이 멈춰버리는 오류는 금방 고쳐져야함에도 불구하고
체감상 한달이 넘는것 같음 좋아하는 게임이였는데 삭제해야할 것 같음",1
2017-06-14T07:09:58-07:00,문제해결능력이 전혀 없는 한로플🤢,"별 한 개도 아까움. 한 달 내내 치명적인 오류를 전혀 고치지를 못함(현재진행중). 무능무능열매를 1억개쯤 먹었나?? 
렉과 튕김은 엄청 심하고.. 거기다가 업뎃도 안돼서 스킬도 못쓰는 아이돌1부 캐릭터를 업뎃 전에 먼저 팔아버리는 짓까지 강행함.업뎃은 계속돼도 전혀 고쳐지는게 없는 무수한 렉과 튕김들. 과연 그들은 오류를 고칠 수는 있을까?",1
2017-06-11T07:35:10-07:00,업데이트 할 시간에 게임이 돌아가게 해야하는 거 아니냐,업데이트 할 시간에 게임이 돌아가게 해야하는 거 아니냐. 미친 재설치 지랄은 계속된다. 이제 한달하고 1주일 지났군. 유저들의 인내심을 테스트해보는 건가?,1
2017-06-11T01:57:04-07:00,버전업하고 잔렉 심해짐;;,"심지어 팅김
-업댓하고 멀티한판하고 어플꺼짐 별점 1점 ^^",4
2017-06-11T01:39:13-07:00,사과기종랙 해결안돼나요,아직도 조금씩 끊기네요,1
2017-06-10T16:29:25-07:00,존나팅기네,ㅇㅇ,1
2017-06-10T07:06:32-07:00,진짜 좃같아서 못해먹겠다,장난하나 미친새끼들,1
2017-06-09T20:09:36-07:00,좆스토어시발죽어,검수 왤케느려 시발련드라 팀쿡후장오함바로쑤시고싶다 ㅅㅂ,5
2017-06-09T18:13:23-07:00,재미있는데,"재밋는데 재밋는데 응 재밋는데
아쉽다
좀 빨리 고쳐지길",5
2017-06-09T12:21:52-07:00,이건뭐...,"아래와 마찬가지로...한달째 팅김오류 개선을 안함 출책하는것도 힘듬 게다가, 개선버전 애플이 앱 검수 중이고 엄청 심사 통과 안해주고 버티고 있다는데 진짜 인가? 애플은 이상태를 알고있나? 예전에 검수 2일이면 끝낸다고 하더니 x소리였나...다 짜증나네

이게 전략인가? 이렇게 유저 자체적으로 떠나게 해서 조용히 사업접기 테크?",1
2017-06-09T10:49:47-07:00,버그도 못잡는 운영,"출시된지 2년이 넘으면서 매출이 안나오니 비용 절감한답시고 운영 인력을 줄여서, 5/9일 발생한 앱 꺼짐/랙으로 플레이가 불가능 할 정도의 심각한 버그를 ... 6월이 넘어서도 해결 못하는 노답운영 중... 
이런 게임을 시작하는 건 비추 합니다",1
2017-06-09T10:01:09-07:00,예전의 게임이 아닙니다.,"끊임없는 교체 릴레이에 지치고 잡히지 않는 렉에 지치고, 새로운 컨텐츠보다 우려먹기가 심해서 적응하기도 힘들고 하다가 화가납니다....정신건강을 위한다면 하지마세요.",1
2017-06-09T06:47:47-07:00,ios 업뎃 언제 될까요 ㅠㅠ,업데이트기다리고있습니다 ㅠㅠ,5
2017-06-09T05:05:15-07:00,하냥프,"제발 업데이트 좀 해주세요 ㅠㅠ
이벤트 퀘스트를 할 수가 없어요. 앱도 엄청 튕기고ㅜㅜ

타운에 갈 수도 없습니다..
이게무슨 게임 접으세요 이럴거면..

오늘은 초기 화면으로 들어가지기도 전에 튕기네요.. 제발 업뎃좀... ㅜㅠ",1
2017-06-09T02:28:42-07:00,이벤트를 뛰란거냐 말란거냐,한달동안 터진 이벤트가 몇개인지 기억도 못하겠다,1
2017-06-08T17:11:58-07:00,튕기는 것좀 어떻게 해봐요,"지웠다 깔고 지웠다 깔고 ㅡㅡ
지겨워 죽겠네
고칠생각은 있는건지",1
2017-06-08T07:05:36-07:00,어떻게 한달동안 렉이 안잡히냐...,"그 전 버젼들은 몰라도 지금 버젼은 너무 끊기고 튕겨서 게임으로서의 가치가 없음;;

업데이트 기다리고 있는데 그마저도 일주일 넘게 걸리고... 심사가 늦어진다는데 믿어준다쳐도 힘든건 힘든거라 좋게 보이진 않음",1
2017-06-07T21:04:55-07:00,그래도 해결해주겠지 했는데 벌써 한달입니다.,"Ios 유저로써 1년전에 접었다가 복귀해서 정말 재미있게 다시 하고 있었는데 이렇게 개판치니 어이가 없네요.
뭐 공지도 제대로 안내놓고, 상황도 나아지지도 않고
게임 지우고 재설치 해가면서 하는것도 정도가 있지...
실망이네요 정말.",1
2017-06-07T18:47:45-07:00,매번죽어,"몇겜하다보면 랙걸리거 그러다가 이제 매 퀘스트 끝나면 죽고 더나가면 퀘스트 시작도 안되고 죽는다
죽이네 이거",1
2017-06-06T03:50:59-07:00,지미럴,이러다 겜 없어지겠네 피쉬아일랜드도 몇백쓴 사람들 많았는데 겜이 없어짐.. 그 사태가 나는건 아닌지..,5
2017-06-06T00:57:39-07:00,애플탓그만해라,애플심사 늦는게 하루이틀이냐? 늦는다고 게임카페 뒤집어지는거 못봤어? 난 많이봤는데? 좀 미리미리하자,1
2017-06-05T19:24:07-07:00,무능무능,오류를 못 고쳐서 사실상 ios 버전을 포기했다 봐도 됩니다. 그냥 하지 마세요. 아이폰 팔고 안드폰 쓸 분만 하셈.,1
2017-06-05T19:22:52-07:00,진짜 이건 아니네,서버 닫고 점검이라도 하던가. 한달넘게 게임이 똥인데 고칠 생각을 안하네,1
2017-06-05T05:09:21-07:00,미-친 또라이들을 봤나,"1년 넘게 쳐했는데 시간이 아깝다
시발 렉은 렉대로 쳐걸리고 업뎃은 업뎃대로 안되고 그와중에 신캐는 들여와?? 그리고 뽑아도 못써?
너네들은 돈벌 자격 없다...",1
2017-06-05T01:59:35-07:00,ios는 한달째 게임 플레이 불가능,인력이 없어서 한달 가까이 렉 현상도 전혀 못잡고 있으며 공식 카페에서 유저들 항의글 삭제&강퇴시키고 있습니다. 사실상 게임 끝물입니다. 신중히 생각하고 시작하시길...,1
2017-06-05T01:19:46-07:00,패치가 정상화된다는 가정하에,ios버전오류로 십여게임진행하면 재설치를해야 게임이 원활하게 진행됨에도 불구하고 하는게임입니다. 과금애착같은거 아니구요. 정상화되면 할만한게임입니다. 과금없이도 할만한 정도가 아니라 성능상은 거의같습니다. 과금은 컬렉션을 위해하는거에요.,5
2017-06-04T14:36:15-07:00,재밌어요,근데 자꾸 튕기네요 처음에는 안그러다가 미션 클리어 하면 나가져요 저만 이런게 아니더라고요,2
2017-06-04T09:57:42-07:00,아이디 사라짐,ㅇㅇ 쟛망겜임,1
2017-06-04T05:45:13-07:00,아이폰 유저...,"접속이 안되고 자꾸 팅겨요
친구꺼 해보니까 잼나든데..ㅠㅠ",1
2017-06-03T12:00:50-07:00,답답하다 진짜,"ios 심사중이라는 소리를 수요일에 공지로 써놨는데 일요일인 지금도 업뎃 안 올라옴
한달째 렉 개선도 안되서 열터지는데 이번에 업뎃도 안된 상태에서 가챠만 업뎃함
먹은 애들은 업뎃 못해서 써먹지도 못하는 피규어 상태임
안드는 업뎃이 이미 올라가있어서 써먹을 수는 있지
안드랑 서로 버전이 달라서 멀티도 못함
대체 ios에 무슨 원한이라도 있냐?",1
2017-06-03T00:54:56-07:00,Can't play the game,As above and it has been in this situation for like two weeks already....Pleaseee fix it soon,1
2017-06-02T12:09:34-07:00,튕김심합니다,업데이트하고 괜찮아지나 싶더니 또 튕겨요 오류나는사람이 적은것도 아니고 게임 좀 할수있게 만들어주세요,1
2017-06-01T03:58:01-07:00,대체언제해결됨?,재설치하는것도 이제 귀찮아서 이걸 더 해야될지 고민되게 만드넹,5
2017-05-30T23:39:24-07:00,로그인 600일차인데...,진짜 요새 겜 렉 너무심합니다 별점 하나도 아까운수준... 재밌게 했었지만 이젠 그만 접을때가 된듯,1
2017-05-30T08:41:38-07:00,처음엔 갓겜이였지만,지금은 그저 일본에서도 퇴물되서 유저들 등골이나 빨아먹으려는 구데기겜. 지금 이게임 시작해본들 뉴비에 대한 배려도 눈씻고 찾아볼수조차 없습니다. 부디 시작하지마세요,5
2017-05-30T02:11:17-07:00,너무 튕기네요;,엄청 튕겨대서 하기 싫어져요. 별 하나도 아깝네요. 고쳐 주시면 더 드릴게요.,1
2017-05-29T08:59:46-07:00,하아..,"타운으로 넘어갈때 꺼지고
지하타운으로 갈때 꺼지고
캐릭터로 넘어갈려고 해도 꺼지고
미션하나 깨고나서 또 꺼지고
이거 게임을 하라는건가요 .. 말라는건가요?",1
2017-05-27T10:23:05-07:00,너무하네,"튕겨도 적당히 튕겨야지 뭘 할 수가 없잖아요
차라리 쉐어하우스 없는게 낫겠어요",5
2017-05-27T08:01:03-07:00,튕김,"계속 튕김

원래 ios 용으로 만들어진 거 아니었나???
아이폰은 버리는 거냐..",1
2017-05-27T04:12:16-07:00,와 진짜ㅋㅋㅋㅋ,이번 업데이트 이후로 오히려 더 게임이 안됩니다ㅋㅋㅋ 들어갔다 싶으면 튕깁니다. 제발 좀 버그 좀!!!,1
2017-05-26T22:14:15-07:00,오류 어떻게 할꺼야......,수정할 생각이 없나 코로플?,1
2017-05-26T01:11:05-07:00,괜찮은 게임이었는데.....,"지난번 업데이트 이후로 ios 렉현상은 전혀 잡질 못하고 있네요. 
재설치후 잠시 괜찮다가 또 뚝뚝 끊기는 현상이 있습니다.
더이상 이쪽에 투입할 인력이나 여력이 안되는것 같습니다.
개인적으로 안타깝습니다.",3
2017-05-25T21:30:36-07:00,게임 실행 안됨,업데이트 전에는 게임 실행이라도 됬는데 업데이트 후에는 게임 실행조차 못하고있네요.. 이벤트 파티 3일째 못돌리고 있습니다,1
2017-05-25T15:39:06-07:00,렉좀;(,아이폰 7플러스인데요 개임 들어가기 전에 튕겨서 게임을 못들어간지 7일이 넘었어용 빠른 해결 부탁드려요,3
2017-05-25T01:45:10-07:00,아이폰 팅김 개선해주세요,꽤 오래 하고있는 게임인데 요즘 계속 튕깁니다. 렉걸리고... 일주일 넘어가는데 언제 개선해줘요?,4
2017-05-24T07:55:13-07:00,팅김...,이러다 아이폰 유저 다 나가겠습니다; 셰어하우스 언제 돌려줘요..;;,2
2017-05-24T05:38:24-07:00,튕김현상,"게임이 들어가질않고 자꾸 튕깁니다
출석체크해야하는...게임을 시작이안돼요",3
2017-05-23T18:10:46-07:00,야 야 이게 게임이냐?,플레이는 돼야 될것 아냐 ㅡㅡ,1
2017-05-23T06:43:40-07:00,거지같음,상동,1
2017-05-22T04:28:39-07:00,Ios유저가 호구냐,"셰어이후로 이상없다가 최근에 다시 팅현상발생
게임하지 말란거죠??",1
2017-05-21T15:01:21-07:00,튕김 진짜,하고프 1년 된 유저고요 쉬지 않고 열심히 해왔는데 미친 퀘스트 하려고 들어가려다가 연속 열번 튕기고 빡쳐서 리뷰남깁니다 코로프라 나한테 왜그래여,1
2017-05-21T09:06:51-07:00,업뎃,"업데이트 한 후에 계속 팅기네요
전에는 잘 되더니...
아이패드 에어 사용자입니다.",5
2017-05-21T07:35:53-07:00,아니,하고프 오픈때부터 해왔는데 업뎃 진짜 최악 ios 프리징이랑 튕김 안고침? 어떻게 이렇게 심각한 문제를 아직도 안고치고 고쳤다고 하고 새로운 가챠를 낼동안 계속 이렇게 상태를 놔두는거임? 이쯤되면 유저에 대한 기만인가,1
2017-05-21T03:52:54-07:00,버그 좀 고쳐주세요ㅠ,"진짜 재밌게 하는 게임인데, 퀘스트 하려하면 튕기네요.. 앱 튕김 현상 좀 고쳐주세요. 그거빼고는 진짜 만족하는 게임입니다.",1
2017-05-19T22:36:28-07:00,문제가 심각합니다.,1년전에 접었다가 다시 복귀한 유저입니다. 렉이 너무 심하고 어제부터 앱이 자꾸 죽어버리더니 오늘은 타이틀에서 무조건 튕겨버립니다. 처음에 버벅거릴때는 폰이 오래되서 그런가보다 했는데 ... 이젠 게임진행 자체가 안됩니다. 리뷰들을 살펴보니 앱 버그인것 같네요. 빠른 조치 부탁드립니다.,1
2017-05-19T07:18:29-07:00,왜이리 끊겨요,"아니 무슨 업뎃 전보다 더 심하게 튕기고 끊기네요
거기에 발열도 미친듯이 됩니다 빠른 조치 부탁해요",5
2017-05-19T06:59:45-07:00,그동안,"운영도 일본회사라 운영, 업데이트 잘하고 쥬얼도 아낌없이 주고 게임성도 괜찮았는데 이번 버그 사태는 정말 게임을 떠나게 만드는군요 정들었었는데 아쉽습니다.",1
2017-05-19T05:40:57-07:00,좀 빨리고쳐라,기다리다 돌아가시겠다,1
2017-05-18T22:31:45-07:00,;;,"오류 발생한지가 언젠데 아직도 안고쳐졌냐
고칠 생각은 있는건가",1
2017-05-18T09:40:51-07:00,어플 상태가 말이 아니다,뭘 어떻게 하면 이리 되는지 궁금하다,1
2017-05-18T08:53:54-07:00,팅김,업데이트하고나서 던전이나 타운 소환다 들어갈때마다 팅기네요..;;,3
2017-05-18T06:16:31-07:00,심각합니다,게임자체는 중독성있고 참 제스타일로 정말 재미있는데 초기 데이터 구축중에서 자꾸 들어갈때마다 나가집니다 전에는 게임들어간다음 스테이지 들어갈때 팅겼는데 이제는 들어갈수도 없습니다 더 심해졌어요 해결해주십시요,3
2017-05-18T01:50:09-07:00,첨 리뷰써봄,"왤케 끊김... 아이폰7
거의3년째 하는 게임인데 
이제 접을때 된건가",1
2017-05-17T16:42:46-07:00,재밌게잘하구있어요,근데 접속하자마자 계속 튕기네요 저만 그런줄알았더니 그게아니라니 얼른고쳐주셨음 좋겠어요,3
2017-05-17T07:35:42-07:00,종나끊겨튕겨,버그 못고치는 건가봐 계속 이러는걸보니 핵노답,1
2017-05-17T03:45:47-07:00,버그투성이,정상적으로 게임플레이 할 수가 없어요,1
2017-05-15T22:52:05-07:00,아이폰 유저는 지금 하지 마세요,"이건 뭐 깔고 나서 좀 하면 튕기고
앱이 강제 종료 되고...
그러다 나중엔 한판 하면 튕기다
접속 자체도 안 되는 사태입니다. 
아이폰은 게임을 할 수가 없어요
이런 상태인데 수정도 안 된지 1주일을 향해 갑니다. 
수정됐단 이야기 전까진 게임 깔지 마세요 
하던 사람도 지울 판이에요",1
2017-05-15T16:32:13-07:00,끊기고 튕기고,메모리... 리소스... ㅠㅠ,3
2017-05-15T03:46:29-07:00,조만간 업뎃해서 아이폰 아이패드의 버그들을 고쳐주리라 믿어요.,"3년간 무과금으로 꾸준히 했어요. 다른게임은 돈내고도 잘 그만 두는데, 무과금에게는 이만한 게임 없을 겁니다. 나름 재미있고 시간이 지나면 누구나 강해집니다. 뉴비는 네이버 까페 오시면 도움 주시는 분 정말 많습니다. 공카질도 재밋는 게임이예요. 뉴비 환영!!
안 하던 리뷰를 하는 것은 요즘 매출이 안 좋아서 그런 것 인지, 게임에 대형이벤트가 줄고 조그만 이벤트가 계속 오면서 지치는 면이 있습니다. 요즘에는 초대형 버그 업뎃으로 플레이조차 쉽지 않아요. 지우고 새로 깔면 하루이틀은 할만해져요. 
과금의 효율항상은 늘 나오던 이야기인데 전혀 개선이없어서 아쉽습니다. 제가 게임을 더 재밋게 하려고 과금을 안하고 차라리 아이패드 샀습니다. 과금해도 얻고 싶은거 못 얻으니 포기하고 기기나 바꿔요. 과금개선이 이루어지면 과금하실 분들 많아요. 관심 좀 가져주세요.",4
2017-05-14T11:24:18-07:00,재밌습니단,갓겜 사람들이 더많이했으면 ㅠㅠ,5
2017-05-14T06:03:19-07:00,팅김,아니 무슨 게임키면 소환이나 타운 사냥 할라하면 계속 팅겨버리니 ㅋㅋㅋㅋ 게임을 하라는거야 말라는거야,1
2017-05-13T20:42:13-07:00,다 좋은데..,정말 다 좋은데.. 많이 튕기네요..참 좋은데...,3
2017-05-13T09:05:56-07:00,업뎃 후,뭘 눌러도 튕겨서 게임자체를 할 수가 없어요,1
2017-05-13T05:43:14-07:00,재밌는데,너무 튕긴다..,5
2017-05-13T04:23:11-07:00,ㅡㅡ,"아오 정말 게임이 왜 게속 튕기냐구요 
게임을 할수가 없자나요 정말 어떻게 좀 해결해봐요 개 짜증나네 ㅡㅡ",1
2017-05-12T15:55:53-07:00,계속 끊기질않나 튕기질않나,잘만하다가 광염빛성녀퀘스트 한번튕기니까 이젠뭘해도튕기고 로딩중에 계속나가지고 자꾸 뚝뚝 끊기고 뭐가문제인거임; 재밋게 하다가도 나가지네,5
2017-05-12T12:02:27-07:00,"튕김, 렉, 끊김현상 그대로",버그픽스를 했다곤 하나 해당 현상 그대로 남아있음,1
2017-05-12T10:38:53-07:00,업뎃후 튕겨서 겜을 할 수가 없음,빠른 조치 부탁합니다,5
2017-05-12T09:00:12-07:00,재밌는데.. 조금 아쉬워요,채팅 할수있으면 더 좋고 캐릭터 도감도 있으면 좋겠어요,5
2017-05-12T05:32:47-07:00,패치후 오류,게임중 멈춤현상과 몇개의 맵은 야예 시작하면 바로 튕기는등 10분 간격으로 팅기게 됩니다.,5
2017-05-12T03:16:55-07:00,계속 튕기는중...,이번 업뎃후로 계속 이러네요,1
2017-05-11T20:38:03-07:00,업뎃 후,업뎃 후 진짜 너무너무너무너무너무 튕겨요 게임을 할수가 없어요,1
2017-05-10T20:23:44-07:00,업뎃되고 나서 왜이리 끊김?,나만 끊기나...? 업뎃되기전에는 멀쩡했는데 뚝뚝끊기는데...,1
2017-05-10T04:47:34-07:00,죽겠네요 ㅋㅋㅋㅋㅋ,"오늘 4시쯤부터 렉이 극심해지더니 퀘스트 한 번당 한번씩 튕기다가 결국은 타운이고 퀘스트고 못들어갑니다.

그냥 밑도끝도 없이 무조건 배경화면행.  총체적 난국이네요.",2
2017-05-09T22:28:34-07:00,이번패치는 쓰레기임,ㅈㄱㄴ,1
2017-05-09T18:12:03-07:00,아니 ios 는 정말 못해먹겠다,버그투성이에 겜도안됨 수정도늦고,1
2017-05-09T17:42:50-07:00,쉐어 이벤트 이후 렉이랑 팅김이 심합니다,"렉이랑 팅김이랑 너무 심해서 출췍만 하고 접을 못하고 있습니다 이게 뭔가요ㅡㅡ
이벤트 기간 늘리고 보상 요고합니다
이게 뭡니까-.,-",5
2017-05-09T15:38:06-07:00,버그 강종 쩌네요,키고 맵도 못들어가고 타운도 못들어가고 일일퀘도 못하게 생겼네요 하고프 일년정도 하면서 렉 이렇게 심한건 첨인듯,1
2017-05-08T22:33:30-07:00,샬롯 패장안나오는거랑 이벤트맵 일본어로 뜨는거,버그 해결좀 해라 이게 뭐냐,5
2017-05-08T11:12:29-07:00,인생겜,지긋지긋한 피로도 같은거 없어서 너무좋네요,5
2017-05-02T01:50:37-07:00,유키무라랑 채검/날개 내놔!!,아니 실수로 이겜 지웠는데 왜 내 캐릭터 초기화함 이런 ㅁㅊ,1
2017-05-01T08:13:54-07:00,재미는 있는데 망겜,한로플이 망친운영..,5
2017-04-29T03:37:59-07:00,히긴스 뭐하냐,히긴스 때문에 접습니다,1
2017-04-28T23:59:13-07:00,처음에 좀만 시간투자해서,4성 캐릭터 100렙만 딱 찍으면 그 뒤부턴 아주 쉬운게임이 되요 최고의게임 입니다ㅠㅠ 같이해요,5
2017-04-16T06:00:32-07:00,정말 요즘은 갓겜 ~ 초 ~ 혜자 인정합니다.,"운영진이 바뀌고 확실히 !! 
갓겜 
초 ~ 혜자 
인정합니다. 

정말 1년 넘게 플레이 하면서 
정말 병크도 있었지만 애정으로 여태것 하고 있지만
요즘은 정말 최고네요. ㅠㅠ",5
2017-04-14T22:11:14-07:00,설치하니깐 $1.00 결제됨,저기 하얀고양이 프로젝트가 무료로 아는 데 까는 동시에 해외 아이튠즈에서 결제 되었다고 문자가 날라왔는 데 이거 뭔가요?,1
2017-04-12T17:03:51-07:00,룬작 하는것쫌 쉽게 해주세요...,룬 모으기 너무 힘들어요 ㅠㅠㅠㅠㅠㅠ,3
2017-04-06T07:04:50-07:00,새로운 콘텐츠가 없다면 지속하지 못할 게임,"이 게임은 다른 게임보다 참 신선합니다. 하지만 그것을 덮고도 남을 만한 단점이 수두룩하게 많습니다. 

첫 째, 사용자들의 지속되는 리세마라.
  높은 등급을 가진 캐릭만 이용하게 되는데 확률도 그렇고 이벤트로 얻는 캐릭터는 콜렉션의 일부분에 불과할 정도로 성능이 정말 떨어집니다. 정말 처음에 뽑은 캐릭만 가지고 게임하다가 접는 시나리오가 완성됩니다. 

둘 째, 다르지만 결과물은 같은 이벤트. 
 무엇을 모아서 건물을 업그레이드, 이야기를 보고 건물을 짓는 이벤트, 멀티를 필수적으로 돌아서 건물을 짓는 이벤트...
  재밌지만 재밌는걸 수시로 계속 돌면 결국 재미없겠죠?

셋 째, 말뿐인 스태미나 자유. 
 체력이 제한이 없다구요? 그래서 이벤트 다수는 과한 노가다성 이벤트를 선보입니다. 물론 기한은 많습니다. 하지만 아이템을 쓰지 않고서 돌 경우 지루하지 않을 사람이 있을까요?

넷 째, 캐릭터. 
 사실 게임 내 콘텐츠를 즐길 수 있도록 캐릭터의 다양성이 '예전'에는 존재 하였습니다. 하지만 회사에서 '이윤'을 추구한 결과, 어느 직업이냐에 대한 차이일 뿐, 특정 캐릭터는 전부 만능형으로 나오기 때문에 대다수 캐릭터는 콜렉션 또는 임무, 경쟁 이벤트에서만 잠깐 이용하게 되는 것이 전부입니다. 
 즉, 캐릭 뽑기에만 신경쓰는 것을 볼 수 있습니다. 좋은 캐릭을 뽑은 후, 한 달 정도만 지나면 더욱 강력한 캐릭터가 나오며 한 캐릭터 당, 즐길 시간은 길어도 1~3달 정도입니다. 

마지막으로 이 게임은 과금 유저를 보호해 주는 장치가 존재하지 않습니다. 물론 비공식적으로는 최고 등급 확률이 매우 높은 편이라는 것이 장점 아닌 장점입니다. 
 또한 다른 게임과 똑같이 가장 재밌는 콘텐츠는 '뽑기'입니다.",3
2017-03-21T21:07:19-07:00,갓겜이에여,진짜 쥬얼 막 퍼주고 재밌고 다 좋은데.. 갤탭은 안그러는데 아이패드에선 자꾸 뚝뚝 끊기고 멋대로 꺼지네요ㅠㅠ왜그럴까요,2
2017-03-13T20:59:54-07:00,0030000오류,ㅋㅋㅋ 진짜 씨발년들이 확률주작 해놨네 100정도 질러도 그 하나가 뜨질않아 ㅋㅋㅋㅋ 접는다 씨발년들아,1
2017-03-09T16:02:49-07:00,게임은 좋은데,"복귀도 하고싶지만 얘네들 제국주의 찬양 자꾸 하는거 보고 맘 접음 안사요 
자 다음 우익장르는 어디죠",1
2017-03-05T02:04:21-07:00,정말 꿀잼,이런걸 인생게임이라 하죠,5
2017-03-03T15:40:09-07:00,게임에대한 재미를 떠나서 대단한점,"2017년에 ios7.1이 지원이되는 유일한 게임입니다
돌아가는 게임이 이거밖에없어요",5
2017-02-28T23:10:49-07:00,혜자갓겜은 이 게임에서 부터 시작된다!,"❤😘😆😍😊
>하얀고양이 프로젝트< 
온천섬복각!!!
♥1000쥬얼♥을 넘게 준다고..? 
★지금이 바로 복귀할 절호의 기회!
★오늘 새로운 교체한정! 
😈마왕님과 👼용사님의 등장...?! 
돌아오세요 용자여..!!
😊😍😆😘❤",5
2017-02-26T23:13:03-07:00,구매내역 삭제 부탁드립니다 ㅠㅠ,구매내역 삭제 부탁드립니다 ㅠㅠ,5
2017-02-26T00:27:52-07:00,역행하는 게임,"초기에서 1년까지는 정말 갓겜이었으나 뒤로갈수록 후퇴하는중...
과도한 인플레
할생각없는 최적화...

개선좀....",1
2017-02-25T17:22:16-07:00,메일아이디,기기변경을 2번해서 메일아이디를 2번 입력 했는데 1번째는 되다가 2번째 부터 안됩니다. 수정해주세요,4
2017-02-21T01:37:33-07:00,츠키미신기해방..,"너무 한거아님?? 
포스타케릭 신기해방보다 구림 ㅋㅋㅋ
이겜 하지마요 교체한정케릭 뽑아도 
그때뿐
쓰레기됩니다",1
2017-02-18T19:45:19-07:00,삭제요청이요~,삭제요청이요~,1
2017-02-13T16:17:00-07:00,1년넘게하고있는,인생겜ㅇㅇ 앞으로 더 흥해서 오래오래 살아남길,5
2017-02-01T08:27:16-07:00,10억패스 신년 샬롯 뜬 기념 리뷰남김,"오덕스럽다 생각할 순 있는데 일본에서는 거짓말 없이 국민겜임ㅇㅇ
진짜로 처음엔 핵노잼-- 생각할 수 있는데 2시간 정도만 붙들고 있어봐.
가챠색이 짙은건 일본이 원산지라 어쩔 수 없고, 그래서 굴러가는 게임이기도 하고. 현질유도도 거의 없음.",5
2017-01-27T04:12:35-07:00,제작자는 봐주세요,"75개 주얼 써서 캐릭터 3번 뽑았는데 2번이 무지개,하이룬이고요 마지막이 2성이에요 좋은거 뜨는 확률 좀 올려 주세요",3
2017-01-23T04:24:21-07:00,재밌어요,"스태미나 제한없고

자동게임처럼 지루하지도 안아요

추천함",5
2017-01-22T14:44:19-07:00,지우고 다시 받는데 왜 안되죠??,"다시받기가ㅜ아예 안뜨고 있다고 뜨네요 열기버튼 누르면 아예 작동도 안되고 다운로드 설정에 아예 어플없다뜨고 그럼 다운로드라도 되야하는데..
이거 어쩌라는건지...",1
2017-01-13T03:05:09-07:00,안녕하세요 문의 좀 드릴게요ㅠㅠ,"하얀고양이 프로젝트 하다가 계정 연동하고 이메일로 등록해놓고 지웠다가 다시 깔았는데 왜 안될까요ㅠㅠ 이전에 다시 설치해서 로그인할때는 됬는데 이번에 안되요ㅠㅠㅠ 예전에 연동이 안되서 정말 힘겹게 레벨 만땅으로 올려 계정 연동하고 이멜주소랑 비번까지 폰에 적어놓고 사용했는데.. 이번에 갑자기 안되요ㅠㅠ 원래 화면 시작할때 로그인하는 버튼 있지 않았나요?? 없어서 메일주소 등록으로 갔는데 ""이 이메일 주소는 사용할수 없습니다"" 라고 뜨고 문의번호 00003020 이라고 화면에 떠요ㅠㅠ 어떡하죠....ㅠㅠㅠ

그 외에는 자주 업데이트가 되는 점이나 이래저래 매우 재밌게 잘 이용하고있습니다ㅎㅎ",5
2017-01-13T01:25:01-07:00,삭제했어요 환불해주세요,삭제했어요 환불해주세여,1
2017-01-11T04:52:11-07:00,게임은 재미있으나,"유저인증 실패가 자주 뜨네요
일단 게임접속이 되고나서 인증을 하게해줘야지 접속되기도전에 저래가지고 삭제 재설치 해야지 게임이 되네요",3
2017-01-04T23:23:40-07:00,접속잘안됨요ㅠㅠ,이번 업뎃했는데 접속이 계속 끊기네요 아예 접속이안될때가 많고요 이벤트해야하는데~~~ㅠㅠ,5
2017-01-04T02:25:42-07:00,누가뭐래도 갓겜,"775일째 플레이중입니다. 이만한게임 흔치않아요. 조작감 좋고, 그래픽 깔끔하고, 스토리 재밌고, 이벤트 많고, 쥬얼 퍼주는 수준은 아니지만 충분히 주고, 캐릭터들 꾸준히 리메이크되고. 단점이라면 안드로이드 최적화 부족, 운빨뽑기겜, 우리나라에서는오타쿠스럽다고 불리는 그림체 같은건데.. 모르겠네요 개인적으론 장점이 단점을 씹어먹어요. 1년넘게 해본 폰게임은 이거밖에 없어요",5
2016-12-29T06:29:48-07:00,구매내역좀 삭제해주세요.,구매내역좀 삭제해주세요.,5
2016-12-28T22:49:20-07:00,솔직히 하고프 혜지게임맞음,난 진짜 파판도 해보고 브프도 해보고 세나도 해보고 온갖 모바겜해봤는데 이런게임 없더라 ㅋㅋ 진짜 루비 엄청주고 이벤트때 스토리영웅들 주는데 이걸로도 충분히 모든게 가능함 단점이라면 노가다가 있다는 점? 그리고 오래된 유저와의 격차가 현질로 메꿔지지 않는다는점 무조건 오래한사람은 넘사벽,5
2016-12-25T23:35:28-07:00,재미있네요,나온지 꽤 된것같은데 진작할껄 하는 생각이 드네요 잼있는듯,5
2016-12-25T05:16:46-07:00,굿,이런 게임중에서 이렇게 혜자깉이 주는게임 없음 무슨 너무많이 퍼줘서 망할꺼같은데 오히려 더 잘됌,5
2016-12-18T14:44:02-07:00,최악,너무나 최악,1
2016-12-18T12:59:50-07:00,게임 이미 지웠습니다,"재미 없어서가 아닌
너무 재미있어서 매일 하고 있는 나를 보고 지움...
게임은 추천합니다",5
2016-12-07T07:21:54-07:00,아직도 안해보셨어요?,"이게임 하려고 아이패드 샀습니다.

거짓말같죠?? 

아이패드 사놓고 이게임 안하시는게 죄짓는겁니다.

지금당장 롸잇 나우",5
2016-12-07T06:43:02-07:00,솔직히 모바일 겜중에서 젤 혜자겜,"이제 2년 정도 됐나? 
이벤트는 꾸준히 데일리 수준으로 해주고 쥬얼도 퍼주고 확률 장난도 안치고 일본이랑 업데이트도 거의 동시에 해주고 운영도 잘하고. 유저 배려가 한국산 발암겜들이랑은 비교도 안됨.",5
2016-12-05T23:29:28-07:00,구매내역 삭제해주세요,용량이 부족합니다,3
2016-12-03T14:55:31-07:00,인생게임,"일년정도 하고 있는거 같아요
중간에 질려서 안할때도 있지만 다른겜 다해도 이만한겜 없어서 다시 하게됨ㅋㅋㅋ폰바꿔도 재설치한 유일한 게임입니다 우리나라에서 왜 다른게임보다 안유명한지 모르겟음 진짜ㅠㅠㅠㅠㅠ",5
2016-12-02T01:01:19-07:00,최고의 게임,정말로 혜자한 게임입니다. 매달 무료로 주는 쥬얼만으로도 추가구입없이 충분히 즐길 수 있어요. 정말 재밌고 좋아요 ㅎㅎ 유저들도 전부 매너있고 공카도 클린하고 정보도 많습니다 ㅎㅎ,5
2016-11-29T07:29:44-07:00,난 참 잼있게하고있는데....,"안드레기에서 딩굴거리다가 아이패드로 신세계를 경험하는 유저임다 게임자체도좋고 케릭도이쁘고 다좋은데
리뷰,별점말아먹는인간들이많아서 문제라면문제인거같다.제발 재밌게 게임하면 리뷰라도잘적어주자",5
2016-11-27T00:25:35-07:00,카카오서비스해주세요,"재밌는데 계정잃어버림
카카오하면 유저도늘고 4인큐도잡힐거아님 ㅠㅠ 서버관리필수겠구여 ㅠㅠㅠ 맨날렉걸렸어서 하다말았는데ㅜㅠㅠ",5
2016-11-21T00:46:08-07:00,전국오타쿠들에게........,"전국 전세계 오덕님들.... 죄송함돠
저도 이렇게 빠질줄 몰랐숩다
추운데 감기조심하십쇼 행님들",5
2016-11-19T14:26:35-07:00,용량이부족하여 지웁니다 ㅜㅜ 구매내역 삭제부턱드려요 ㅠㅠ제발 빠른시일내에 부탁조 드려요,용량이부족하여 지웁니다 ㅜㅜ 구매내역 삭제부턱드려요 ㅠㅠ제발 빠른시일내에 부탁조 드려요,5
2016-11-18T04:24:17-07:00,정말 괜찮은 게임이네요..,첨에 이건 뭐지라는 느낌받으면서 시작했는데 지금 100일정도 되가는데.. 정말 일주일에서2주일 사이에 이벤트한번씩 계속 나와주고 캐릭터로테이션도 정말 빠르고 정말 재밌게 하고 있네요ㅎㅎ 왜 이 순위에 있을까 싶을 정도로 재밌네요! 추천해드려요!!^^,5
2016-11-15T20:37:37-07:00,데차 하지말고 하고프 합시다,데차는 좆망겜,5
2016-11-15T03:17:05-07:00,흑묘에도 관심좀,백묘 재밌어요 권태기 와서 출첵만 한지 꽤 되었는데 이번에 한국 신캐 얻은 김에 다시 려구요. 다 좋은데 코로플에서 흑묘 버리지 말고 지원 좀 해주었으면 좋겠어요. 백묘 테니스 출시 때 운영진분들 빠져나간 뒤로 아직까지 정상화가 되지 않고 있어요. 흑묘도 정말 재미있는데..... 한국 백묘는 이벤도 금방금방 들어와도 흑묘는 몇 달 간격으로 일본측 업뎃사항 들어오고 그래도 재밌게 했었는데..... 요새는 복각 뿐이고........ 코로플 제발 흑묘 버리지 말아주세요 정상화 되면 과금도 꼬박꼬박 할게요 흑흑ㅠㅠㅠㅠ,5
2016-11-11T08:56:03-07:00,100점 짜리 게임은 아니지,하지만 꽤 재밌다. 실제로 무과금이라도 과금에게 꿀리지않을만큼 잘 나오고 이밴트도 자주한다.,5
2016-11-09T17:01:46-07:00,고양이 키우는 건줄 알고 안 했는데....,대박 인생게임입니다ㅜㅜㅜㅜㅜ,5
2016-11-09T12:28:54-07:00,진짜 좋아요ㅎ,안망했으면 좋겠어요,5
2016-11-01T19:28:20-07:00,캐릭터 귀여워요,재미있어요,5
2016-11-01T08:37:22-07:00,졷묘 노잼 예스 삭제 ㅅㄱ,운빨 졷망겜 리뷰없이 순위권이라 리뷰 남겨욧!,1
2016-10-30T02:11:01-07:00,내 계정이...,제 계정이 날아갔어요...ㅠㅠ 복구좀...ㅠㅠ,1
2016-10-28T08:31:29-07:00,구매내역삭제부탁드려요,용량부족 ㅠㅠ,5
2016-10-27T13:02:26-07:00,구매목록 삭제부탁드립니다,구매목록 삭제부탁드립니다,1
2016-10-27T01:54:36-07:00,별이 왜 5개뿐이지?,"더 주고싶은데 별이 5개라 아쉬워요
덕 스럽지만 정말 오래하고있는게임 학교 숙제처럼 퀘스트가 쌓이니 과금걱정없이합니다. 물론 뽑기가 운이긴하지만 관두고 싶어도 관둘수가없어요ㅠㅠ",5
2016-10-26T04:51:59-07:00,구매내역삭제부탁드립니다,구매내역삭제부탁드립니다,5
2016-10-23T10:28:50-07:00,구매내역 삭제부탁드려요,아이폰입니다,5
2016-10-23T07:29:29-07:00,구매내역삭제부탁드립니다 (아이폰유저),용량부족,5
2016-10-13T02:17:22-07:00,구매내역 삭제 드립 좀 그만,"이쯤되면 아이폰이라서 용량 부족하니
구매내역 삭제해달라고 가르치는 학교가 있는거 같다..ㅡㅡ 구매내역 삭제야 몇년전부터 봤으니 그렇다치고, 구매내역이 대체 당신 아이폰 용량에 무슨 영향을 끼친다고 용량 때문에 구매내역 삭제라는겨..",5
2016-10-12T23:57:26-07:00,역시 리뷰는 징징글뿐,코로플의 노예가 되버린사람 여기여기 모여라~~,5
2016-10-10T04:08:55-07:00,구매내역 삭제좀요,구매내역 삭제좀요,5
2016-10-07T05:11:15-07:00,구매내역 삭제 요망,용량 부족,5
2016-10-05T06:53:49-07:00,뽑기운게임,"계속 새로운 형태의 맵이나 컨텐츠들을 만드는건 좋은데 결국 이 겜은 캐릭터 뽑기 게임
아무리 애정을 가지고 오랫동안 플레이해온 캐릭터가 있더라도 결국 다음 시즌 한정판 캐릭한테 여러모로 성능으로 밀리고 
새로 나온 맵 있으면 신캐릭으로 해야 쉽게 플레이 가능할뿐
억지로 이번에 나온 한정캐릭 겨우겨우 뽑아놓으면 한달쯤 있다가 또 한정캐릭이라면서 더 사기성 짙은 캐릭터 나오고
캐릭터 4성 확률은 너프시켜놨는지 현금 10만원치해도 단 하나도 안나오구 무지개돌만 주고
매번 한정캐릭 나오는거 지쳤어요
그리고 매번 캐릭터 새로 출시하는거 보면 과다결제 유도하는게 눈에 보여서 매우 아쉬울뿐

다른 사람들은 11연뽑에 4성 하나이상은 나오던데
나는 뽑기할때 배에서 뛰어내리는 11인중 금망토만 9명으로 도배되두 4성 하나도 안나오고 나오더라도 이미 있는 옛날 캐릭터만 주구장창 나오는 이상한 게임

자신이 천생적으로 운이 타고났다고 하는 분들만 하세요

돈을 투자해도 뭐 달라진거없이 허무감만 들뿐",2
2016-10-02T00:54:09-07:00,구매내역 삭제 부탁드립니다,구매내역 삭제 부탁드립니다,3
2016-09-27T20:36:23-07:00,강추,"폰게임은 거의 한두달 하면 질리고 마는데 이 게임은 질리지가 않네요 매일 새로운 퀘스트들이 들어오고, 캐릭터도 이주정도의 간격으로 새로 나옵니다. 취향저격돋는 예쁜 아이들을 뽑는 재미가 있어요 전 이 게임으로 일본 성우 음성 들으면서 일본어 공부도 합니다 ㅋㅋ 한지 일년 넘었는데 무튼 정말 재밌어요 꼭 해보세요",5
2016-09-27T12:03:06-07:00,CNDXNHBMY 친구코드 입력하고 4성!!,4성 친구코드 가져가세용!!,5
2016-09-25T00:49:18-07:00,쥬알좀,배포쥬알 확 떨어짐;;,5
2016-09-24T07:42:23-07:00,국산 게임들 반성하게 만드는 게임,말이 필요 없다... 드래퀘 파판 성검전설 시리즈를 하는 기분이다. 어설픈 국산 게임들 반성해라... 과금따위는 필요 없는 스토리면 스토리 게임성이면 게임성... 단연 최고다,5
2016-09-24T01:02:00-07:00,왈랄랄랄랄랄랄,재밌어보여서 했는데 구매내역 삭제부턱드립니다,1
2016-09-22T06:57:38-07:00,구매내역 삭제요청 부탁드립니다.,구매내역 삭제요청 부탁드립니다.,3
2016-09-21T19:25:28-07:00,구매 내역 삭제 부탁드립니다,구매 내역 삭제 부탁드립니다,5
2016-09-16T16:04:25-07:00,구매목록 삭제 요청합니다,구매목록 삭제 요청합니다,4
2016-09-13T18:26:43-07:00,구입목록 삭제 부탁드립니다,구입목록 삭제 부탁드립니다 ㅠ,1
2016-09-11T23:36:28-07:00,뒤통수치는 게임,창렬운영+발적화 최고의 게임!,1
2016-09-11T08:05:51-07:00,파티플레이에서 자꾸 연결이 끊김,호스트랑 연결이 끊겼다고 자꾸 싱글플레이로 전환됨. 와이파이는 멀쩡함.기종 6s,1
2016-09-02T05:14:09-07:00,퀘스트,제가 퀘스트 11-3까지 다 깼는데 아무리 나갔다가 들어가도 12-퀘스트들이 안 떠요. 혹시 몰라서 여러번 다시 깨보고 그랬는데도 안 되네요. 퀘스트 빨리빨리 깨고 싶은데 안 떠서 못 하고 있어요. 빨리 고쳐주세요,4
2016-09-01T16:35:41-07:00,언젠가 뒤통수 치는 회사,"신규 유저분들 한로플 게임은 뒤통수 조심하세요. 노아,네모 때 처럼 언제든지 뒤통수 당할 수 있습니다.
거기다가 인플레로 인해 한국게임과 차이가 없어 졌어요.
지금 플레이 하시는 분들 지금 하고프 친구에게 추천 할 수 있나요? 아닐껄요",1
2016-08-30T03:34:28-07:00,우정 MAX로 안나와요,제가 게임에서 크라니를 뽑앗는데 우정이 MAX로 나오잘 안나와요 왜 이러죠??,4
2016-08-29T04:23:54-07:00,구매목록 삭제 부탁드립니다,구매목록 삭제 부탁드립니다,2
2016-08-28T08:39:38-07:00,600일째 게임중..,"이만한 게임이 어디있나싶다.
무한리그도 좋고.. 
넘사벽 인플레때문에 조금 짜증은 나지만
그래도 이만한게임 없다. 게임하는거같은 기분.",5
2016-08-27T22:43:17-07:00,아이폰6+,겁나 팅겨요,2
2016-08-24T10:14:48-07:00,아이폰6 설치 안됨,ㅅㅂ,1
2016-08-20T05:20:38-07:00,가족끼리하기 짱!,가족끼리 멀티로 재밌게할수있는 게임을 찾다 친구가 추천해 해봤는데 정말 재밌고 그래픽도 좋네요.신캐릭이 금방 나와 뽑는 즐거움과 멀티로 재밌게 즐길수있어 매우 좋습니다!!,5
2016-08-20T02:00:02-07:00,업데이트 오류,빨리 고쳐주세요ㅜㅠ여름 이벤트 열려서 쥬얼 엄청주고 스톤보드도 얻어야하는데ㅜㅠ못얻고 있어요ㅜㅜㅜ빨리 린데검사 나온것또 뽑아야해요ㅜㅠㅜ,1
2016-08-20T01:11:04-07:00,최고최고,"업뎃 안되시는 분들은 아이폰 버젼업 하세요 버젼업 하고 나니 됩니다

예전에 몇일 하다가 손가락 아프고 지겨워서 안했는데 다시 접속해보니 직업도 늘어나고 캐릭터도 이쁘장한 애들이 많아졌네요

케릭터 모으는게 약간 포켓몬과 비슷한 거 같아 추억 돋아가면서 열심히 하고 있습니다^^ ㅋㅋㅋ",5
2016-08-19T02:02:34-07:00,다운로드가 되지 않아요!,빨리 고쳐주세요!!,1
2016-08-18T15:53:50-07:00,구매목록 삭제해주세요,구매목록 삭제해주세요,1
2016-08-15T05:17:40-07:00,구매목록,삭제부탁드려요,1
2016-08-13T05:16:56-07:00,저도 앱을 다운받을 수 없네요.,빨리 고쳐주셨으면 합니다.,1
2016-08-12T07:36:23-07:00,왜 업데이트 이후에 계속 오류가 뜨는건가요??,"업데이트가 안되서 삭제하고 다시 깔려고했는데 깔리던 도중에 갑자기 업데이트로 전환되다가 ""app을 다운로드 할수없음""같은 알림이 계속 뜨네요 무슨 오류인지 모르겠지만 얼른 고쳐주셨으면 좋겠어요",5
2016-08-08T18:05:29-07:00,빠르게 삭제부탁 드립니다,ㅇㅇㅇㅇ,4
2016-08-08T05:19:30-07:00,꿀잼ㅇㅇ,핵꿀잼ㅇㅇ,5
2016-08-07T12:34:03-07:00,ㅈ 븅신들,"난 이게임할때부터 ㅈ좋은거 뽑아가지고 편하고 괜찮은데 
그것도 못뽑은 ㅈ 븅신들이 리뷰 ㅈ같이 달아놓네 ^^",5
2016-08-04T23:49:57-07:00,정말 재밌습니다,이겜 시작하면 딴 겜 못합니다 뽑기겜이라 위시캐 못 뽑았다고 별점테러 글이 장난아니네요; 과금안하면 겜 못한다니..ㅋㅋ무슨 헛소린지 과금안해도 한달 최소 세네명은 얻을수 있고 그정도면 거의 모든 퀘스트 클리어 가능합니다. 위시캐 못먹고 과금하는 경우가 거의 많고 징징대는 사람도 많은데 한번 제대로 해보시고 말해주시길 한번해보세요 정말 재밌습니다.,5
2016-08-02T19:53:38-07:00,재미는았는데.,게임을시작할때마다팅기고다시들오와야시작되고 시작학기전에핼퍼하면핼퍼가사라져요..고치면별2개마저줌,3
2016-08-02T07:09:28-07:00,구매목록 삭제 부탁드려요,구매목록 삭제 부탁드려요,5
2016-08-02T01:30:34-07:00,이런 매정한 고양이를 봤나...,"삭제하면 처음부터 다시인가요..?

계정등록하고 보관해두었는데

그 계정으로 들어갈 수가 없어요ㅠㅠㅠ",2
2016-08-01T20:21:27-07:00,구매내역 삭제해주세요,구매내역 삭제 부탁드립니다.,5
2016-08-01T19:36:45-07:00,오래해왔습니다,과금과 무과금의 차이가 크지 않은 게임입니다 저역시 오래해왔고요 꽤나 할만한 게임입니다 이만큼 꾸준히 컨텐츠를 만들어내는 게임도 잘 없는 듯 합니다,5
2016-08-01T19:34:22-07:00,보상해주세요,저 방금 단뽑으로 175개 사용 했는데 두번이나 튕겨서 쥬얼 50개 날라갔네요. 안그래도 무과금 유저라 모으기 힘든데 서버 불안정으로 이렇게 날리면 정말 속상합니다...ㅠ 쥬얼 100개 돌려주세요ㅠㅠㅜㅠㅠ,3
2016-07-31T09:00:43-07:00,계정관리 안됨,게임삭제이후 ... 처음부터 다시라니. ㅠㅠ,1
2016-07-28T23:12:49-07:00,구매내역 삭제 부탁드려요~~~,.....,5
2016-07-27T22:41:05-07:00,구매내역 삭제좀 부탁드려요,구매내역삭제좀요,4
2016-07-27T20:55:39-07:00,재미있었어요~,재미있었어요~ 용량 때문에 구매내역 삭제 부탁드립니다.,5
2016-07-23T19:03:39-07:00,재미잇디만 구매목록 삭제부턱,구매목록 삭제해주세요,5
2016-07-23T18:16:11-07:00,재밌습니다ㅋㅋ,많은 치유가 됐죠,5
2016-07-21T23:47:56-07:00,운영이 슬슬 막장테크 탐,"예전에는 무과금도 정말 재밌게 즐길 수 있었는데 요즘들어 캐릭은 물론, 몹들도 성능 인플레가 극심해져서 힘들게 한정캐 뽑아봤자 석달가기 힘듦. 그에 반해 배포쥬얼은 반토막 이하로 줄어 무과금, 중소과금 유저는 가챠 한두시즌 실패하면 걍 접어야 할 정도. 예전에 갓로플이라 불리던 시절이 그립다....어쩌다가 이런 망테크를 타는고...",1
2016-07-21T08:04:36-07:00,구매 내역 삭제 해주세요.,삭제,5
2016-07-19T06:26:17-07:00,구매목록 삭제해주세요! 핸드폰 용량이 없습니다. 부탁드립니다!!,"구매목록 삭제해주세요!
핸드폰 용량이 없습니다. 부탁드립니다!!",2
2016-07-17T08:50:48-07:00,장단점이분명한 게임,그래픽 좋음 스토리 좋음 타격감좋음 양산형게임같지않음 하지만 한손컨트롤??? 뭔쓰레기같은 조작감인지 해보면 알아요 설명하기 너무 길다 게다가 유저에게 선택권조차 없음 강제로 이 별볼일없는 한손컨트롤을 강제로해야함 그리고 쓰레기같은 다운로드 게임할때마다 로딩시간이 길어요 아마 다운로드를 스테이지마다 하는듯 차라리 다운로드 설정있었다면 뭐라안함 그것조차없음 이 두가지단점이 게임을 쓰레기로만들었음,2
2016-07-17T05:55:11-07:00,아이패드는 아예 실행 안돼요???,계속 섬 들어가자마자 팅기고 선물함 눌러도 팅기고... 아이패드 차별인가...;;,1
2016-07-16T23:49:58-07:00,구매내역 삭제요청,구매내역좀 삭제해주세요.,2
2016-07-16T21:07:36-07:00,갈수록 케릭뽑아도 한달도 못쓰고 사장됩니다,케릭등장하는거도 빈틈없을정도고 힘들게 뽑아도 2주쓰면 오래씁니다 그리고 한국캐릭사기화로 그만만드세요 만들어놓고 버그랑 밸풍시켜놓고 4성드랍율 이상하게 만들어놓질않나,3
2016-07-15T21:17:25-07:00,구매내역삭제부탁드립니다,구매내역삭제부탁드립니다,3
2016-07-15T14:20:14-07:00,구매목록 삭제 부탁드립니다.,구매목록 삭제 부탁드립니다.,5
2016-07-14T21:59:17-07:00,점점 한계가 드러나는 게임,"모든 게임이 그러하듯 신규 캐릭터는 구 캐릭터보다 좋게 나온다. 간혹 구 캐릭터를 상향하는 신기해방이라는 컨텐츠가 있긴 하지만, 그마저도 신규 캐릭에게 크게 밀림....

그리고 이 겜에는 기간 한정 등장 유닛이 있는데, 밸런스는 처음부터 관심 없었다는 듯 수십 배의 화력을 보여줌. 하나 있고 없고 차이가 천지인 유닛들이 한두달에 한 번 꼴로 나오고, 같은 기간 한정이라도 회를 거듭할수록 초절 인플레로 성능이 하늘을 뚫어버림

즉, 신규 캐릭터를 뽑지 못하면 점점 도태되는 게임이라 할 수 있음. 던전을 신규 캐릭터 성능에 맞춰서 레벨링해버리기 때문에 구캐릭으로는 레어도가 같아도 비벼볼 엄두도 못 내는 게 일반적.

구캐릭의 모든 장점 + 새로운 장점 + 단점 제거 이런 식으로 캐릭터를 내다보니 밸런스는 산으로 가고 초기의 컨트롤 게임이 그냥 버튼 누르는 게임이 되어버림.

이제 이 게임의 메인 컨텐츠는 뽑기이고, 목적은 일러스트 수집이 되었을 정도",3
2016-07-13T00:45:47-07:00,구매삭제부탁드립니다,구매삭제부탁드립니다,5
2016-07-12T22:17:38-07:00,삭제해주세요 구매목록,삭제해주세요 구매목록,3
2016-07-12T21:41:33-07:00,Good,Good,3
2016-07-12T04:11:20-07:00,오토눌러놓고 바라보기만하는 영상물 싫어하는사람 오세용,"오토겜은 게임이 아니양...
그냥 버튼몇개눌러놓고 보는 동영상이지..
그런거지..",5
2016-07-11T08:33:30-07:00,구매삭제좀해주세요,ㅇ아이폰 용량이 부족하여 구매목록삭제좀요 ㅠ,5
2016-07-10T13:31:18-07:00,쥬얼 결제했는데,결제했다고 메세지도왔는대 충전이 왜안되죠?,3
2016-07-01T17:23:26-07:00,튕김...으아아,"EVENT퀘스트를 진행하고 싶은데 전투하는 것만 나오면 계속 튕겨요오..ㅠㅠ저도 EVENT퀘스트 튕김없이 쭈우욱 진행하고 싶어요..ㅠㅠ
그래도 다른 거는 다 잘 됩니다. 
튕기기도 하지만요..",3
2016-06-30T17:11:28-07:00,게임은 잘만들었다 생각합니다,"망가진 밸런스 때문에 실증나서 접었습니다만(인플레 땜에 고난도 맵을 만들어 놓고 몇달 안지나서 그거마저 껌으로깨는 캐릭만드는 짓거리를 하냐)
호불호는 갈리겠으나 게임만큼은 정말 잘만들었다고 봅니다 모바일게임으로 이정도로 컨트롤 재미를 느낄수 있는 게임은 정말 찾긴 힘들듯 운영하는 모습,밸런스 망가뜨리는 꼬라지는 맘에 안들지만 게임성 만큼은 5점이라 봅니다",5
2016-06-30T08:50:40-07:00,구매내역 삭제부탁드립니다,구매내역 삭제부탁드립니다,5
2016-06-29T01:48:20-07:00,성질 버리기 딱 좋네요,"방향과 공격 횟수 컨트롤 하기 겁나 빡쌔요. 공격 모션 취소도 없고, 공격 중 회피 할 방법도 없어서 넉백이나 각종 상태이상 등등 참 짜증나네요.",3
2016-06-28T08:31:12-07:00,재밌긴하나,그놈의 한정을 조금만냈으면 하는데 본섭과 한국판 전용캐를 다 내려니 돈이 못따라가네 거 작작합시다. 차라리 본섭만 하는게 낮겠어요,1
2016-06-26T22:10:23-07:00,구매내역 삭제,용량부족,1
2016-06-26T21:51:53-07:00,한땐 재미있었고 지금도 재밌을껍니다. 하지만 하기 전에 미리 말할께 있어요.,이 게임을 할 때 공카에 들어가게 되면 정보 이외에는 별로 건들지 않는게 좋습니다. 공카 특유 어그로 인원이 들어오는건 일상다반사기 때문에 괜히 질려서 게임 그만두게 되요. 하지만 게임 자체는 재밌으니 꼭 해보시기 바랍니다. 이상 1년간 즐겼다가 지금은 그만 둔 한 사람의 리뷰였습니다,5
2016-06-26T03:08:15-07:00,구매내역 삭제좀요,구매내역 삭제좀요,1
2016-06-25T05:00:40-07:00,최고의겜,"캐릭터 일러 sd 보이스 다 너무 이쁘구요 스토리도 탄탄합니다
쁘니콘이라는 시스템으로 한손으로 게임할수있는 것도 참신하구요
파티플레이도 재밌습니다
다른 일반가챠게임과 다르게 무과금으로도 충분히 즐길수있구 컨텐츠도 매일 업데이트되는것 또한 질리지 않구요
앞으로가 더 기대됩니다",5
2016-06-24T23:35:08-07:00,오류 너무 많이 떠여;;;,개임은 재밌고 좋은데 오류가 너무 자주 일어나서 짜증나네여;;,1
2016-06-24T22:34:39-07:00,구매내역 삭제좀,ㅋㅋㅋ,1
2016-06-20T04:51:57-07:00,멀티도 재밌고 오토가 아니라서 다재밋음,오토게임 개노잼 ㅋㅋ 이게 진짜 재미있어요 다른게임은 하다가 안하는데 이거만 계속함 ㅋㅋㅋㅋ 평점왜이럼ㅋㅋ,5
2016-06-18T23:58:12-07:00,다시깔았는데 데이터복구가 않되요,아이디인증을해도계속복구가않된다네요,1
2016-06-18T19:15:18-07:00,구매내역좀 없애주세요,아이폰 유저라서 구매내역좀 없애주세요 용량이 부족해요 ㅠㅠ,5
2016-06-17T09:48:15-07:00,제발 패치 재대로 되게쫌..,"맨날 파일 설치 후 2/3에서 더 안늘어서 다시 받아서 다시 설치하고
타운으로 가려하면 맨날 안되고... 에휴...
재미는 있으니 별3개.",3
2016-06-15T12:46:49-07:00,사용잘했습니다 구매내역 삭제부탁드립니다,사용잘했습니다 구매내역 삭제부탁드립니다,4
2016-06-15T10:39:26-07:00,운빨망겜 ㅎㅎ,인플레좀 작작해라 부랄발광,1
2016-06-14T18:49:51-07:00,흔한 한국개임과 차별성,"정말 잼께 일년넘게 하고 있는데 리뷰도 별로 없고 순위가 넘 낮아서 남겨요 
다들 어렵다 어렵다 하시는데 저도 첨에 그랬었고요 일본모바일 게임은 가챠와 리세라마를 통해 시작해야 할만 할껍니다 근데 그정도 노력대비 투자가치 정말 보증하는 게임이라는게 하냥이의 매력 세로로 하는점 타격감 한손플레이도 되는점 거기서 거기인듯한 한국개임과는 확실히 다르고 솔직히 과금 없이도 할수 있는 게임이라서 더 좋다는거",5
2016-06-13T20:11:05-07:00,느려요,갑자기 느려졌어요 소문엔 안드로이드폰 렉을 잡는다는 이유로 아이폰이 느려졌다는데.. 느린화면만보면 하기 싫어져요,1
2016-06-12T22:36:06-07:00,용량부족 ㅜㅜㅜㅜㅠ,저도 재밌게 플레이햇는데 아이폰 용량부족으로 구매내역 삭제 부탁드릴께요,5
2016-06-12T08:27:12-07:00,야오옹,야오오옹,5
2016-06-12T06:52:40-07:00,구매내역 삭제 해주세요,구매내역 삭제 해주세요,1
2016-06-11T22:30:13-07:00,구매내역삭제좀부탁드립니다,메모리때믄입니디,5
2016-06-11T02:24:55-07:00,비정삭적인 접근,왜 비정상적인 접근이라고 안되는데 대체 언제 고쳐주시지,1
2016-06-08T09:34:29-07:00,구매내역삭제,부탁드립니다,3
2016-06-07T07:28:59-07:00,구매내역삭제부탁드립니다,구매내역삭제부탁드립니다,5
2016-06-06T22:40:51-07:00,아이폰유저입니다,용량이 부족해서 구매목록 삭제좀 부탁합니다ㅠㅠ,2
2016-06-06T01:17:07-07:00,구매내역,용량부족 때문에 구매내역삭제 부탁드립니다.,5
2016-06-04T03:13:03-07:00,구매내역,용량때문에 구매내역 삭제해주세요,5
2016-06-03T00:01:03-07:00,용량때문에 구매내역 지워주세요~,용량때문에 구매내역 지워주세요~,5
2016-06-02T22:29:53-07:00,오토보단 이게 훨재밋음,개잼 ㅋㅋ,5
2016-06-02T07:25:51-07:00,구매내역삭제,저장공간이없어요,5
2016-06-01T17:40:18-07:00,재미있음 ㅇㅇ,일단 오토로 하는게 아니고 직접 하는점과 다른 3명이랑 멀티 할수있는점이 좋음,5
2016-05-26T21:54:30-07:00,잼나요,후후,5
2016-05-26T20:55:23-07:00,여전히 멀티하는데 문제가 있네요,업데이트 버젼 나와서 다운받아서 멀티햇는데 그대로네요.......,3
2016-05-26T03:56:28-07:00,구매내역 삭제 부탁드립니다,용량부족해요,4
2016-05-26T01:52:39-07:00,혜자 게임,솔직히 타 게임에 비해 뽑기 확률도 높은 편입니다  세xx게임과 비교 했을때 쓸만한 영웅 뽑을려면... 확률이 거의 1/800은 긴본이고 등급에 따라 더 낮아 지죠... 이게임은 ㅈㅇ,5
2016-05-25T03:09:39-07:00,계정복구좀,"게임 자체는 재밌는데 계정복구좀여
카모메,미깡,샬롯 등등 있었고 무슨 검정색 멋있는 용 타고있는 드래곤 라이더 캐릭터도 있었는데....ㅠㅠㅠㅠㅠㅠㅠㅠㅠㅠㅠㅠㅠㅠ",4
2016-05-24T17:34:40-07:00,구매내역삭제,구매내역 삭제 좀 부탁드립니다,3
2016-05-24T07:32:47-07:00,곧 600일 되어감,이렇게 진득하게 오래해본 모바일 게임이 있었나 싶군요. 그래픽이 오타쿠틱하다 뭐다해서 정붙이기가 좀 힘들수도 있으나 카툰렌더링으로 인해 생기는 문제 아닌 문제는 어쩔수없다고 생각됩니다. 메인스토리는 나쁘지는 않지만 메인보다는 이벤트 스토리가 재미있고 각 캐릭터마다 개성이 강해서 그만둘래야 그만두기가 힘듭니다. 캐릭뽑기를 운에 맡겨야하는 문제는 있지만 뽑기 게임들이 다 그런거 아니겠습니까?  그나마 운영회사측에서 주얼을 거의 뿌리듯이 하니까 잘 모아놨다가 이벤트 캐릭나오면 그때그때 사용하면 현금사용 없이도 충분히 게임플레이가 가능하다는 것은 강점입니다. 덕후라고 놀림받지않을까? 라고 고민하시는 분들 주위시선은 신경쓰지마시고 그냥 다운받으세요. 그러면 새로운 게임생활이 열릴겁니다.,5
2016-05-24T04:37:49-07:00,구매내역 삭제 부탁드립니다.,구매내역 삭제 부탁드립니다.,5
2016-05-22T11:36:49-07:00,성향에 있어서 취향이야 탄다지만,노력 없는 디자인에 발가락으로도 가능한 오토 시스템은 이미 모바일 게임으로서 목적성을 상실한게 아닐까 싶은 여타 국산 양산형 RPG 게임들은 보고 배워야 한다. 과금하지 않고도 충분히 뽑아내고 무엇보다도 특유의 조작법은 이 게임을 굳이 스마트폰에서 해야하는가에 대한 정답. 멀티 플레이에 대한 접근도 재밌다. 단점 아닌 단점이라면 극명한 취향차. 하얀 고양이가 일본어를 구사한다.,4
2016-05-20T04:11:05-07:00,소액결제,제가 이번에 첨음으로 결제를 했는데 분명 첫 결제에는 +00만큼 주얼을 더 준다고 적혀있어서 제가 360주얼을 구매했는데 +00의 주얼은 들어오질않네요 너무하신듯 어떻게 빨리 고쳐서 안들어온 주얼좀 빨리 넣어주세요,2
2016-05-19T04:16:52-07:00,운빨겜,"누구는 보석 250개에 원하는거 뽑히고 누구는 2500개를 써도 안뽑히고 
운 더러운 사람은 돈을 써도 안되는 암울한 게임
875개가 현금10만원인데 참 돈 가치없네",1
2016-05-18T18:11:47-07:00,구매목록 삭제좀 부탁드립니다...,아이폰 용량 부족으로 구매목록 삭제좀 부탁드립니다...ㅠ,5
2016-05-18T13:05:42-07:00,파티에 대해서,파티하는 인원들이 적어서 파티가 진행이 안되네요 파티에대해 수정바랍니다,5
2016-05-17T15:29:28-07:00,구매내역삭제부탁해용,구매내역삭제 부탁해용,5
2016-05-17T08:37:07-07:00,구매목록 삭제해주세영. ㅜ,용량부족..,3
2016-05-15T00:04:12-07:00,구매내역삭제 부탁드립니다,구매내역삭제 부탁드립니다,4
2016-05-13T22:21:23-07:00,구매내역 삭제 부탁드립니다~,구매내역 삭제 부탁드립니다~,1
2016-05-13T18:17:31-07:00,구매내역삭제부탁드려요,구매내역삭제부탁드려요,1
2016-05-13T17:43:59-07:00,매일 4시마다 업데이트 되는 컨텐츠!!,"해본 게임중에 가장 오래 하고 있는 게임
장점
1.매일 4시에 이벤트 던전등 컨텐츠 업뎃
2.성우 목소리를 들으며 플레이 하는 맛
3.다양한 한정 케릭터와 케릭터별 스토리
4.한손으로 조작하는 쁘띠콘
5.꾸준히 제공되는 주얼 보상!!",5
2016-05-12T22:04:43-07:00,인생게임,완전 재밋음,5
2016-05-12T18:01:52-07:00,잼있게 잘하고있는데 하드모드가 안떠요 ㅠ 오류인거같아요,"ㅠㅠㅠ 차곰7일차 다 클리어 했는데 하드모드가 안뜨네요 .....
이거 깬다고 엄청 애먹었는데 ㅠㅠㅠㅠㅠ
tpwjd86@hanmail.net계정 입니다
아이폰이구요 
얼른 수정해주세요",5
2016-05-12T01:22:42-07:00,완전 핵꿀잼임!!!,"다시 복귀해도 혜자겜이란 사실은 변하지 않는구나...
무과금으로 해도 꽤나 즐길만함!!",5
2016-05-11T23:43:35-07:00,구매내용 삭제,구매내용 삭제 부탁드립니다 ㅠㅠ,5
2016-05-11T22:05:47-07:00,정말 오랜만에,게임같은 게임하는거같아서 푹 빠져있네요,5
2016-05-11T06:59:14-07:00,하얀고양이 만세!!!,저의 인생게임입니다!!! 오래가기를!!!,5
2016-05-11T04:32:22-07:00,업데이트 후 튕김,업데이트후 앱 아이콘 누르면 시작화먄 나왔다가 바로 튕기네요. Ios최신버전 6s입니다.,3
2016-05-10T23:58:31-07:00,새버전 업뎃후 데이터 로딩이 안되네요,"미니 3사용중인데 버전 업뎃후 로딩에서 막혀요.
문제 해결 좀 해주세요.",3
2016-05-08T15:47:26-07:00,구매내역삭제요,용량땜에 삭제부탁드려요,3
2016-05-06T07:41:22-07:00,구매목록삭제해주세요,구매목록삭제해주세요,1
2016-05-06T01:09:43-07:00,구매내역 삭제좀요,게임너무재밌는데 용량이너무 부족하네요 ㅠㅠ,5
2016-05-03T04:13:51-07:00,구매내역 삭제좀요,구매내역 삭제좀요,5
2016-05-02T05:09:37-07:00,접었음,답이 없음,1
2016-05-01T17:59:44-07:00,구매내역삭제좀,구매내역삭제좀,1
2016-05-01T07:12:54-07:00,후.... 노아 찰흙이후 리뷰 씁니다,"게임 자체는 거의 완벽하다 봅니다.
컨트롤을 해야되는 게임이므로 자동전투 하시는분들은 받지 마시고요
일단 가장 좋은점은 한달에 약30만원 정도씩 쥬얼을 줘 무과금 유저도 즐길수 있습니다. 끄으읕",5
2016-05-01T07:08:08-07:00,구매내역 삭제 부탁드립니다,용량때매 ㅠㅠ,5
2016-04-30T01:54:01-07:00,구매내역 삭제요청이요,구매내역 삭제요청이요,5
2016-04-30T00:32:03-07:00,재미나요!,"게임을 하다보면 힘들때도 있고, 짜증날 때도 있지만,
이만한 게임 없다는 생각에 결국은 또 하게 됩니다.

같이하면 더 즐거운 게임이 몇이나 될까요?
같이하면 더 즐거운 하얀고양이 입니다!!!!",5
2016-04-28T18:23:00-07:00,구매목록삭제부탁드려요,용량이없어요,4
2016-04-26T06:50:33-07:00,아이폰용량때문에 구매내역좀 삭제 부탁드려요,아이폰용량때문에 구매내역좀 삭제 부탁드려요,5
2016-04-26T06:00:17-07:00,너무재밋는데용량때매내역삭제요ㅜ,"너무재밋어여
랩업하면서쾌감도있고
근데용량때매ㅜ
구매내역삭제해주세요ㅜ",5
2016-04-26T03:23:49-07:00,앱스토어 리뷰 세탁은 참 편리하네요,"개판치고 테러받아도 세탁한번 해주면 평점 초기화 ㅋㅋ
통수 거하게 여러번 때린다음에 유저들 접으면서 별점 깎을때는 수시로 별점 초기화하더니 잠잠해지고 신규유저들이 별점 좀 좋게 주니까 초기화 안하고 ㅋㅋㅋ
운영좀 똑바로 하세요",1
2016-04-25T08:00:40-07:00,구입항목,삭제좀여,3
2016-04-24T04:32:18-07:00,구매목록삭제부탁드립니다,^^,5
2016-04-22T23:47:02-07:00,재밌어요!!,용량이 부족해서 구매내역좀 삭제 부탁드립니다,5
2016-04-22T16:13:45-07:00,구입목록 삭제해주세요,구입목록 삭제해주세요,1
2016-04-20T15:59:46-07:00,구매내역,구매내역삭제부탁드립니다,5
2016-04-20T00:29:37-07:00,빡빡한 일정만 해결하면댐,접는다 접는다 하면서 계속하게 됨 답답할때가 많지만 마성의게임,5
2016-04-19T07:18:36-07:00,솔직히 이런 혜자 게임없습니다.,해본사람들은 알겁니다,5
2016-04-19T06:53:14-07:00,구매내역삭제 부탁드립니다.,구매내역삭제 부탁드립니다.,5
2016-04-18T23:09:22-07:00,ㅎㅎ,이 게임은 과금을 하지 않아도 4성은 그냥 얻을 수 있고 재미있다^^,5
2016-04-18T21:38:40-07:00,구매내영,구매내역삭제부탁드려요,4
2016-04-18T10:07:59-07:00,무한리그 재밌었는데,많은 버그들과 너무 긴 개최기간 등 이런 문제들 빼면 시스템자체는 나쁘지 않았습니다. 무과금인데 꾸준히 쿨마다 돌려주면 5퍼는 들더라구요. 너무 욕심안내고 특정 퍼센트안에 들겠다 마음먹고 하면 충분히 즐길수 있죠. 갑자기 조기종료해서 안타까웠네요...,5
2016-04-18T06:01:22-07:00,인생게임ㅎ,이십대 중반이 되어서야 찾은 제 인생겜ㅋㅋ 원래 겜 같은 거 안 하는데 하고프는 빠져나올 줄을 모르겟네요 500일 가까이 즐겻는데 앞으로도 오래오래 즐냥!,5
2016-04-17T06:33:51-07:00,구매내역,구매내역 삭제좀여 용랑이,5
2016-04-16T19:02:59-07:00,구매내역 삭제부탁드려요,ㅎㅎ,5
2016-04-16T08:52:00-07:00,콜렉 플레이 모두 최고에요,다른 게임처럼 스테미나나 홍차 같은 제한이 없어서 좋아요!,5
2016-04-16T07:57:11-07:00,이성재씨가 선전 하는 게임~,이성재씨가 cf로 나와서 개임 다운 받았네요^^ 재미있어요!!!,5
2016-04-16T06:18:44-07:00,그냥 일본판 하세요,진심입니다. 가챠 주기랑 게임 인플레가 일본판이랑은 비교도 안될 수준이라서 주얼 소모량이 훨씬 높아요. 일본판이 좀 더 보석값이 비싸기는 한데 한국판은 캐릭터 뽑아내는 속도가 미친 수준이에요. 방금 뽑은 캐릭터 보름만에 똥값된다고 보시면 됩니다. 제발 일본판에 정착하세요,1
2016-04-16T03:25:07-07:00,안드로이드썼던 인간들아,구매내역 삭제 드립좀 그만해라ㅡㅡ,1
2016-04-16T01:34:48-07:00,인생게임이긴 하지...,과금하다 인생 말아먹는 게임...,1
2016-04-15T03:59:08-07:00,없뎃 기념 리뷰,"예전엔 유저와의 소통을 장점으로 꼽았지만

한국에만 등장한 경쟁 및 과금유도 무한리그

유저 간담회 내용을 싹 무시하는 교체한정케릭

그래도 예전의 재미와 지속적으로 등장하는 
새케릭(물론 가질순 없는) 때문에 별세개 드립니다

미운 게임이지만 400일 넘게 하면서 망하면
섭섭할 것 같아요 그냥 무과금으로 할게요^^",3
2016-04-15T03:25:04-07:00,인생게임,"몇 번 운영에서 미흡한 모습 보였으나 크게 문제될 수준은 아니었고 여타 다른 유저농락 통수겜에 비하면 귀여운 수준. 게임성, 운영, 캐릭터성, 몰입감, 캐릭터 모음에 따른 애정도 등 빠져들 요소 많음. 자신이 귀엽고 아기자기한걸 좋아한다면 강추한. 인생게임 ㅇ ㅇ",5
2016-04-15T02:23:03-07:00,재미는 있어요!,재미는 있는데 저 아이폰이라서 용량이 부족해요ㅠㅠ 구매내역 삭제해주세요,4
2016-04-15T02:19:06-07:00,굿,굿굿,5
2016-04-15T00:08:34-07:00,오류가 나서 게임을 시작 할수가 없네요,"문의전호 00105001이래요
참내 이게 뭔가요? 타이틀화면으오 계속 돌아가요 시작도 못하네요",1
2016-04-14T06:33:35-07:00,구매내역삭제부탁드려요,구매내역삭제부탁드려요,1
2016-04-14T04:32:19-07:00,구매내역 삭제부탁드려요,아이폰이라..,5
2016-04-13T23:41:24-07:00,원래의 시스템을 좋아하는 사람 입장으로서..,"게임은 재밌지만 여러가지 문제점이 많다.
앞으로 새로운 모습의 캐릭터를 보고 싶지만 이미 소개된 다른 캐릭터들이 묻히는 일은 없었으면 한다. 그리고 캐릭터 편성에서 1파티 수정을 마치고 2파티로 그냥 넘어가는 시스템이 추가 돠면 좋겠다.",5
2016-04-13T12:09:22-07:00,그래서 전 그냥,일판을 즐기고 있습니다:),3
2016-04-13T06:26:14-07:00,구매내역삭제바랍니다,냉무,4
2016-04-12T18:41:56-07:00,구매목록 삭제좀요,구매목록 삭제좀요,5
2016-04-11T08:11:08-07:00,구매내역 삭제부탁드려요,구매내역 삭제부탁드려요,5
2016-04-11T08:01:36-07:00,무한리그 오류발생했다고 튕겨요,"오류 코드번호나오면서 접속이 안됩니다
개선부탁드립니다!!",3
2016-04-11T03:55:42-07:00,뽑기 그지같다,이거 뽑기 확률 그지같다. 절대 현질 안 한다 ㅋㅋㅋㅋ,5
2016-04-10T09:02:04-07:00,구매목록 삭제 부탁드립니다,구매목록 삭제 부탁드립니다,4
2016-04-10T03:04:10-07:00,ㅈㄱㄴ,운영 똥망...,1
2016-04-09T18:03:09-07:00,한로플 최고 위기,"3월 중후반부터 어찌저찌 차곰 따라잡을려고 노아/네모 한정가챠 그따구로 난거 까지는 어찌저찌 한다 쳐도
무한리그 이거 지금 초기화에다가 
거기에다가 쥬얼 쓴사람 모조리 지급하고 보상쥬얼 안나오면 이번엔 진짜 터집니다",1
2016-04-09T12:04:06-07:00,똥,중에 똥,1
2016-04-09T08:16:46-07:00,제발요,"약 500일 이상 하고있는 유저입니다
처음할때에는 캐릭터별 특징도 있었고 그당시에는 sp도 많지않았고 소모량도 큰편이여서 나름 난이도도 있는편이었습니다 그에비해 요즘 캐릭터들은 괴물같은 성능을 자랑하며나옵니다 이것은 게임의 레벨이 업뎃에따라 어쩔수없다고생각합니다 
문제는 얼마전에나온 무한리그라는 경쟁시스템입니다 포인트를 많이 획득함에 따라 다른 유저랑비교하여 많을수록 좋은 보상을 주는 시스템이죠 
제가 하고프를 좋아하게된 이유가 그당시 흔해빠진 포카카오마냥 자동전투도없고 경쟁시스템도 없을뿐더러 오로지 협동만있는 컨셉이 너무 마음에 들었습니다 그러나 갑자기 경쟁시스템이 나오고나서 게임에대한 인상이 나빠지기 시작했습니다 이게임도 결국 경쟁을 도입하는구나 하고 
어째서 한국 개발자들은 유저를 서로 못싸우게해서 안달인건가요 일본처럼 다같이 협동하며 게임하면 안되는건가요
막쓰다보니 내용이 어지럽네요 
제발 무한리그같은 경쟁시스템 없애주시고 앞으로도 만들지 말아주세요
이러다 하얀고양이 for kakao 됩니다",1
2016-04-09T07:30:08-07:00,오픈부터 해왔는데..,모바일 겜 중에 유일하게 500ㅇㄹ 넘도록 해왓지만.. 한 방에 정리하게 만드는 운영을 하네요ㅋㅋ 게임 자체는 해보시길 권하지만 결국 운영의 묘를 깨닫고 접으실거라 생각합니다. 해온게 잇어서 로그인 보상은 받지만 그 이상은 안하게 되네요.. 운영갑게임성갑이던 시절은 이미 지낫고 운영으로 망하는 게임의 길을 그대로 가네요. 개인적으론 통수 생각하면 별점 하나도 아깝습니다 정말,1
2016-04-09T05:48:22-07:00,운영 때문에 게임이 망해가는거 같네요,"모바일 게임 중 유일하게 1년을 넘게 한 게임인데 점점 운영이 막장화 되는거 같아 안타깝네요. 현재 진행 중인 무한리그에 대해서도 특정맵에서 진행불가, 무기 교체시 진행불가, 시간변경 시 쿨타임 초기화 등 완성도가 떨어지는 컨텐츠로 게임이 퇴색되고 있습니다. 한국 게임에선 느낄 수 없는 자동사냥이 없고 경쟁시스템이 없는 매력이 점점 사라져가는 느낌이네요. 제발 유저의 의견을 잘 수렴해서 앞으로 이런 운영이 되지 않았으면 좋겠네요.",1
2016-04-07T13:38:00-07:00,구매내역삭제부탁드립니다,구매내역삭제 부탁드립니다,4
2016-04-07T00:41:03-07:00,재밌었어요,할만큼했네요 즐거웠어요 구매내역 삭제부탁드려용 번창하시구예^^,4
2016-04-06T19:15:20-07:00,삭제,구매내역삭제 부탁드립니다.,2
2016-04-06T04:14:59-07:00,구매내역삭제부탁드립니다 용량이ㅠㅠ,구매내역삭제부탁드립니다 용량이ㅠㅠ,5
2016-04-05T21:23:59-07:00,문의번호 0030040 오류 해결해주세요,"재밌게 즐기고 있는 유저입니다
현재 네덜란드에서 포켓 와이파이를 이용하여 플레이 하고 있었는데 차곰2 5일차 3-2에서 위와같은 오류로 더이상 진행이 안됩니다...
혹시나 싶어 캐시삭제 해봤더니...
이젠 아얘 시작이 안되고 동일에러가 납니다
일일 이벤트 해야하는데.... 빠른 조치 해주세요..",5
2016-04-05T20:48:27-07:00,구입내역 삭제 해주세요,아이폰6 사용자입니다 구입내역 삭제 해주세요,1
2016-04-05T16:17:50-07:00,구매내역 삭제해주세요,용량이 부족합니다  구매내약 삭제 해주세요,4
2016-04-05T11:00:40-07:00,국내 양산 겜들 보다 백배 남,"소통 하고 싶으면 채팅 어플 하세요 ; 게임이라고 부르기도 민망한 비슷한 그래픽, 비슷한 ui, 비슷한 시스템 모든게 비슷한 국내 양산형 오토 시스템들 보단 게임 하는 재미는 훨씬 좋습니다. 정신나간 과금질 안해도 할만 하고요",5
2016-04-05T03:17:18-07:00,부탁드릴게있어서요..,제가 이게임을 일년 넘게했는데.. 이번에 폰이 고장나서 동기화하는 과정에서 데이터가 날아가버렸습니다.. 억지라는건알지만.. 혹시 복구가능할까요...? 닉네임은 촌돼지김치찌개입니다..,5
2016-04-04T20:22:42-07:00,솔직히 지금도 다른 한국겜보다 나음,"통수운영이라고 그러는데 워낙 갓운영하다가 못해서 충격이 큰거지, 과금유도하는 국산쓰레기겜 하려면 이거 하는게 100배 나아요. 오토게임 원하시면 설치하지마시고 직접 시간투자 해가면서 강해지는 재미를 원하시는 분만 시도하시길... 
시작하고 500일이 넘었지만 후회한 적은 없음",5
2016-04-04T16:02:11-07:00,게임은 재미있지만.......,자꾸 플레이하는데에 오류가 나와서 더이상 진행이 안돼요.. 오류나 버그좀 수정해 줘야 하실듯..,1
2016-04-04T07:26:38-07:00,구매내역삭제좀요,용량이 모잘라요,4
2016-04-04T04:50:41-07:00,계속 할수 있는 게임,"게임화면 하나도 보여주지 않고, 연예인만 앞세워서 광고하는 한국 게임이 좋으시면 그것들을 오토 돌려가며 하시고. 제대로 된 게임을 하고 싶으면 이 게임을 하면 됨",5
2016-04-04T02:45:12-07:00,도티TV,도티님 방송보고 설치했는데 재밌네요!!^^,5
2016-04-03T22:35:30-07:00,솔직히 말하면요,거의 모든게 완벽하죠. 과금유도 거의 없고 이벤트 정말 활발합니다. 그런데요 유저수가 너무 적다보니 주 컨텐츠 중 하나인 멀티플레이를 할 수 없어서 정말 아쉬웠습니다. 또한 켈리 무기인 냐냐냥의 잠수함 패치로 인한 운영방식이 너무 큰 실망을 안겨주어 이제 뒤도 안돌아보고 떠날렵니다.,3
2016-04-03T20:36:49-07:00,구매내역에서 지워주세요,구매내역에서 지워주세요 용양때매,1
2016-04-03T13:36:16-07:00,구매내역이랑 용량이 뭔 상관이야 ㅋㅋㅋㅋ,에효 모지리들,5
2016-04-03T10:42:09-07:00,구매내역,삭제 부탁드릴게요~ 용량 부족해서용 ㅠㅠ,4
2016-04-03T08:55:21-07:00,뽑기 운 없으면 접어야하는 게임,더구나 멀티는 친구가 있어야 편한 ..,1
2016-04-03T07:59:45-07:00,랜매 안됩니다,"업데이트하고나서부터 랜매가 안되는데요 이게 저만의 문제인지는 모르겠습니다만 안됩니다.다른건다되면서 이게안되면 이상하지 않습니까
빠른업데이트 바랍니다",3
2016-04-02T19:36:46-07:00,이거 뭐죠?,지금 한번 해보려고 무료에서 확인하고 다운받았는데 결제 되는데 어떻게 된건가요,2
2016-04-02T09:24:25-07:00,구매목록 삭재해주세요..,구매목록 삭재해주세요..,1
2016-04-02T06:51:23-07:00,유저소통불가,다 좋은데 유저소통이 없어서.. 지루해지더라구여;; 그래픽이나 캐릭은 맘에 드는데;; 단순 노가다겜같은 느낌이리 이틀만에 지웠어용ㅠㅠ 다른분들 말씀대로 과금없이도 충분히 겜은 가능합니다 ㅎㅎ,2
2016-04-02T05:21:34-07:00,구입목록 삭제부턱드려요,구입목록 삭제 부탁드릴께요ㅠㅠ,5
2016-04-02T04:57:17-07:00,구매목록 삭제 부탁드려요,"Rpg중 최고였어요!!!
재밌었습니다.. 
삭제부탁드려요",5
2016-04-01T10:44:41-07:00,삭제,구매내역 삭제,2
2016-04-01T09:59:52-07:00,어딜가든 구매내역충들은 있네,대체 누가 시작이냐 이 모지리들의 시작은,4
