date,review_title,review_text,rating
2019-06-04T13:49:59-07:00,ㅎㅎ,ㅎㅎㅎㅎ,5
2019-05-31T21:35:37-07:00,은근,꿀잼,4
2019-05-27T06:31:53-07:00,굿,납스,3
2019-05-20T07:57:24-07:00,데이터로도 업그레이드 가능하게 좀 해주세요,와이파이 없이 사는데 와이파이로만 업그레이드가 가능하다는데 게임도 못하고있고 이게 뭔지 싶네요,3
2019-05-08T02:25:11-07:00,정말로 다좋은데!!,"번역 상태가 많이 좋아진거 같은데도 많이 개선이 필요함
방치형치고 방치형같지않은듯 일러등등 여러가지로 별5개인데 번역으로 1개 마이너스!",4
2019-04-21T21:17:47-07:00,잼이씀,.,5
2019-04-20T17:01:42-07:00,완성도가 상당히 높은 게임,강추합니다!,5
2019-04-16T13:10:45-07:00,오픈유저입니다,"사전예약할때 캐릭터들 일러가 이뻐서 시작했는데 벌써 이렇게 시간이지났네요 무과금,소과금 유저도 스트레스안받고 재밌게 할 수 있는겜이라 생각해요 유저분들도 다 친절하시구 좋아요 벌써88렙 투력94만입니다 갑자기 리뷰 달고싶어서 달고가요 해볼까 생각하신분들은 고민하지마시고 시작하세요",5
2019-04-11T18:31:40-07:00,재밋는데 과금을 좀 많이해야하는듯?,냉무,3
2019-04-10T00:05:00-07:00,재밋어용,꿀잼,5
2019-04-09T18:48:20-07:00,좋아요,즐길 수 있어서 좋네요,5
2019-04-07T16:27:34-07:00,ㅏㄱㄴㅍㄴㅍ뉴규거,도더가사ㅠㅇㅍ듀저댜,5
2019-04-07T02:53:57-07:00,재미지네요,시간가는줄모름,5
2019-04-06T18:43:38-07:00,잼있게하고있어요 ㅋㅋ,이제 레벨 25인데 ㅋㅋㅋ 재미있게 게임하고있어요 ㅋㅋㅋ,5
2019-04-05T02:50:35-07:00,재밌네요,소소하지만 머 그런 재미가 있네요,5
2019-04-04T05:19:15-07:00,꿀잼이에요,너무자밌다,5
2019-03-31T15:23:59-07:00,좋음,아직까진 괜찮아요,4
2019-03-30T22:54:03-07:00,ㅗㅜㅑ,ㅗㅜㅑ,3
2019-03-28T00:47:48-07:00,괜찮네요,네,5
2019-03-25T15:54:56-07:00,dd,dd,5
2019-03-24T23:36:32-07:00,소소하게 잼나요,예전 rpg감성이 녹아나면서도 컨트롤이 어렵지 않아 좋네요. 영웅별로 도감에 그림이 더 있으면 좋을 것 같아요. 감상용이요 ㅋㅋㅋㅋ,5
2019-03-24T19:38:02-07:00,재밋네요!!,굿,5
2019-03-23T09:10:03-07:00,꿀잼,스토리 자동사냥 케릭터 괜찮네요,5
2019-03-23T07:48:00-07:00,ㅗㄷㅎ영,유도영,5
2019-03-23T01:34:15-07:00,가볍게하기 좋네요,좀더 다양한 영웅들이 나왓으연 좋겠어요,5
2019-03-21T18:26:00-07:00,잼있네요,재미있네요,5
2019-03-21T06:19:35-07:00,잼있음,잼있음,5
2019-03-18T18:27:07-07:00,ㅋ,개꿀~~~~~~~~~~~~~~~~~~~~~~~~~~~~~~~~~~~~~~~~~~~~~~~~~~~~~~~~~~~~~~~~~~~~~~~~~~~~~~~~~~~~~,5
2019-03-17T20:45:38-07:00,안한다,"수개월전 처음나왓을때 한달정도 하고 
안드쓰다가 메인보드 나가서 아이폰으로 왔는데
계정이 구글로 로그인이 되지않아서 바꿔달라고 문의 넣었는데 구매내역이랑 케릭터 레벨 서버 말하라해서
구매내역은 없고 레벨은 기억안나고 서버는 1섭 이다 아이디 구글아이디 알려줫다
돌아온답은 레벨이랑 구매내역 영수증있어야 아이디 바꿔드린다고 하는데 
구매내역없다 현질안했다 레벨은 모른다 어찌기억하나
그랫더니 안된다고 다시 구매내역 달라고 하네 시바 
니내는 수개월전에 먹은 점심밥 반찬 다기억하냐 구글아이디 줫으면 그걸로 해주면되지 이양반들아",1
2019-03-17T10:57:37-07:00,재밋어용,재밋네영,5
2019-03-17T04:16:49-07:00,재밌네,아직까지,5
2019-03-16T20:44:18-07:00,하,내가진짜 캐릭터조각나오는거보고 한숨쉬지만 방치형이니참는다,3
2019-03-13T20:19:57-07:00,굿귯,굿,4
2019-03-13T09:31:41-07:00,재밌네요,굿게임,5
2019-03-12T09:33:52-07:00,흡입력있는 게임,편하면서도 중독성있게 진짜로 그냥 맘편하게 즐기게되는 게임이네요 앞으로 어떻게 발전해나갈지 기대됩니다!,5
2019-03-12T05:06:36-07:00,잼잼,어느 수준 이상 강해질려면 과금이 필요하다고 생각해요. 하지만 무과금이나 소과금으로도 충분히 즐길수있습니다,4
2019-03-11T09:40:37-07:00,몰라 아무 생각 없어,뽑기권이나 많이 줘,5
2019-03-11T00:41:06-07:00,계정복구좀여””””””,"진짜  이거 연동안되나요 제가 힘들게 키운 계정 어떡하죠 현질도
큰맘먹고 많이했는데 연동안되면 진짜",1
2019-03-10T10:01:49-07:00,재밌어요,처음엔 지루할거같앗는데ㅠㅜㅜ은근중독되네눀ㅋㅋㅋ,5
2019-03-09T17:03:24-07:00,재밌어요ㅎㅎ,멍하게 게임 진행하게 되네요ㅋㅋㅋ,5
2019-03-09T17:03:06-07:00,다이아구매오류,오늘 다이아 구매하였는데 오류가 났슺니다 확인부탁드랴요,3
2019-03-08T18:13:45-07:00,할만함,현질유도좀잇으나 현질안해도 진행가능,5
2019-03-08T16:07:09-07:00,괜춘,할만함,4
2019-03-08T12:38:42-07:00,재밋긴함,근데 보석수급 헬임,5
2019-03-07T03:01:57-07:00,재밋어요,ㅎㅎ,5
2019-03-04T02:51:04-07:00,오ㄲ,노오오오,5
2019-03-03T13:41:00-07:00,구글계정연동,제가 원래 삼성폰을 쓰다가 아이폰으로 바꿨는데 삼성폰에서 쓰던 구글계정이 아이폰에서는 연결이 안되는데 어어떻게 해야되나여..,3
2019-03-03T10:03:14-07:00,월정액취소해주세요,월정액취소해주세요. 월정액인지도몰랐네요,5
2019-03-02T17:56:15-07:00,굿,굿,5
2019-03-02T16:51:08-07:00,귯,재미슴,5
2019-03-01T02:04:26-07:00,:),:),5
2019-03-01T00:17:43-07:00,ㅇ,ㅇㅇ,5
2019-02-28T03:14:48-07:00,ㄹ,ㅅ,3
2019-02-27T09:22:38-07:00,으,르,5
2019-02-26T14:20:01-07:00,굿,굿,4
2019-02-23T15:48:55-07:00,끌잼,무과금도 할만해여,5
2019-02-23T15:29:16-07:00,어어아라아랄,ㅓ가아아라ㅏ라랴랼,4
2019-02-22T00:05:16-07:00,재밋,재밌,5
2019-02-21T22:02:07-07:00,재미있게 하고 있습니다,재미있게 하고 있습니다,5
2019-02-20T01:46:51-07:00,ㅇㅇㅈㄴㅌㅌ,ㅇㅇㅇㅇㅇㅁㅈㄷㄹㅊ,1
2019-02-19T23:48:42-07:00,재미,있자,5
2019-02-19T05:39:32-07:00,굿잼,굿잼,5
2019-02-18T20:03:38-07:00,ㅎㅎ,ㅎㅎㅎ,5
2019-02-18T18:35:37-07:00,꿀ㅡ잼,개꿀,5
2019-02-18T17:32:07-07:00,괜찮네,시간 때우기 좋음,4
2019-02-18T17:31:52-07:00,재밌어요.,할 게 많네요. ㅎㅎ,5
2019-02-18T17:19:13-07:00,재밌네요 참신해요,감사합니다,5
2019-02-18T16:06:23-07:00,재미있어요,재미있어요,5
2019-02-17T04:14:07-07:00,재밋네요,생각없이하기좋네요,4
2019-02-16T00:33:21-07:00,ㄲㄱ,ㄲㄱ,3
2019-02-15T23:11:25-07:00,굿,굿,5
2019-02-15T10:46:53-07:00,쏘쏘...,"콘텐츠를 늘려야 합니다 .
똑같은걸 이름만 바꿔서 이벤트 돌려막기가 심합니다",2
2019-02-13T16:16:08-07:00,굳,굳ㄸ,5
2019-02-13T09:36:54-07:00,존잼,"무과금으로하기좋음, 공격력올라가는거 보면뿌듯해요. 한두달했는데 계속들어가게 되네요! 다만컨텐츠추가 더있으면 좋겠어요",5
2019-02-11T07:53:17-07:00,재밌어요~!,할만해요~~,5
2019-02-11T06:22:20-07:00,번역좀고쳐요,이상한대사 좀고쳐요,4
2019-02-10T21:13:07-07:00,재밋나,아직 모르게씀,3
2019-02-10T15:18:35-07:00,재밌긴한데,사실 채팅 잘 안하면 너무 대기시간 김,5
2019-02-10T08:08:21-07:00,아니,500개 현질했는데 통장에서 출금은 바로 됐는데 왜 게임에서는 현질한게 안들어오나요?,1
2019-02-09T12:47:23-07:00,재밌게 하고있습니다,앞으로도 잘부탁드려요,5
2019-02-09T04:21:54-07:00,좋아요,재밌네요,5
2019-02-08T20:40:54-07:00,생각보다 잼네요,방치형같은 아닌거같은 ㅋㅋ 잼써요,5
2019-02-07T18:19:44-07:00,환불해주세요,환불만이천원 환불좀해주세요,5
2019-02-07T12:30:37-07:00,제목,리뷰 5개 드리고갑니다,5
2019-02-06T17:04:00-07:00,안드로이드쓰다 아이폰으로바꿨는데,계정연동좀시켜주세요ㅠㅠ,5
2019-02-06T16:14:13-07:00,재미있습니다.,"요새 할만한 게임 찾고있었는데, 시간가는지 모르고 하고있네요!",5
2019-02-05T07:21:44-07:00,일단 과금유도는 없습니다,"하지만 방치형 게임이다보니
한 40~50분 만에 23렙 찍고 시작가능
이후 차근차근 진행하게 됨",5
2019-02-03T15:25:06-07:00,잼나긴하네요,ㅎㅎ,4
2019-02-03T03:38:00-07:00,호호,나름 중독성 있는 게임 인듯,4
2019-02-02T06:57:11-07:00,재밌어요,재밌는데 캐릭 얻기가 좀 힘든 거 같네요,5
2019-02-02T04:11:29-07:00,재밋어요,아주아주좋아용,5
2019-02-01T17:57:54-07:00,좋습니다,아주 재밋어요,5
2019-02-01T08:57:10-07:00,재밌어요~,굳,5
2019-01-31T18:29:39-07:00,우와,일단 조금더 해보고요 ㅋㅋ,5
2019-01-30T16:00:31-07:00,음,할만함,5
2019-01-29T11:28:00-07:00,잼슴,잼슴,5
2019-01-28T17:33:58-07:00,재밌어요,굿입니다,5
2019-01-28T13:22:42-07:00,Soso,Soso,3
2019-01-28T10:19:37-07:00,ㅏ,ㅎㅊ프으,2
2019-01-27T21:17:21-07:00,ㅇㅇ,ㅇㅇ,5
2019-01-27T18:41:08-07:00,굿,야호,5
2019-01-27T14:56:23-07:00,잼뜸,천천히 즐겨야 재밌는 게임,5
2019-01-26T22:56:09-07:00,재밌음,재밌음,5
2019-01-26T20:48:21-07:00,음?,음~~?,5
2019-01-26T18:08:15-07:00,쏘쏘,그냥저냥 할만함,4
2019-01-26T07:18:53-07:00,ㅠㅠ,안드로이드에서 아이폰으로 기기를 변경했는데 혹시 ios버전에서 구글 로그인을 할 방법은 없는건가요 ㅠㅠ,4
2019-01-25T21:45:10-07:00,재밋네요 근데 다이아가 좀 부족하네요,다이어 부족으로 인해 현질 유도가 조금되네요,5
2019-01-25T21:11:48-07:00,ㅇ,ㅇㅎ,4
2019-01-25T17:53:45-07:00,잼,잼,5
2019-01-25T04:54:11-07:00,ㅛ,사피아노,5
2019-01-23T15:05:36-07:00,ㄹㄹ,ㅎㅎ,2
2019-01-23T08:07:25-07:00,채팅 신고 기능 만들어주세요.,"재밌어요ㅋㅋㅋ 근데 채팅방 너무 더럽네요 변태 새끼들이 분탕침... 예) 누가 어디 간다 그러면 좋은데 가냐고 박촌 가냐고 묻거나, 남의 아이디가****보   이면  ****보 지님 이렇게 부른다거나 그 외에도 성적인 농담으로 눈살 찌푸려지는 언행이 빗발쳐요...욕이나 폭력적/성적 비방 등의 채팅은 신고 기능을 이용해제재가 필요하다고 생각합니다..",5
2019-01-22T15:45:50-07:00,잼씀,좋아요,4
2019-01-22T14:36:17-07:00,잼잼,잼잼,5
2019-01-22T05:18:44-07:00,안질려요,"오픈 첫날부터 하고있어요.
보통 게임 오래하면 1개월인데 벌써 4개월가까이 한거네요.
방치형인데도 컨텐츠많고 할게많아서 좋아요.
조각들 많이나오게 수정만좀부탁드려요!",5
2019-01-22T01:32:25-07:00,생각보다 더 재밌네요..,진작 시작할껄ㅎㅎ..;;,5
2019-01-21T22:01:10-07:00,재밌네요,할만해요,5
2019-01-21T03:00:29-07:00,잼남,훗,5
2019-01-20T21:51:46-07:00,국,할만해요,3
2019-01-20T19:17:42-07:00,잼,개잼씹잼 완전잼,5
2019-01-20T07:49:29-07:00,오오,쏠쏠해요  자동도되고^^ 캐릭도 좋고,5
2019-01-19T18:20:32-07:00,재밌어요,재밌네요 엄청 지루할줄알았는데 지루하지도 않고요,4
2019-01-19T09:47:06-07:00,할만함,ㅇㅇ,4
2019-01-19T08:40:40-07:00,잼나요,긋긋긋,5
2019-01-18T23:22:25-07:00,ㅇㅇ,ㅇㅇㅇㅇ,4
2019-01-18T21:03:55-07:00,ㅆ,ㅆ,5
2019-01-18T15:17:16-07:00,ㅇㅇ,ㅇㅇ,4
2019-01-18T09:36:55-07:00,ㅋㅋㅋㅋㅋ,ㅋㅋㅋㅋㅋㅋㅋㅋㅋㅋ,5
2019-01-17T23:52:34-07:00,재밋습니다.,후딱쓰고 다시 하러갑니다.,5
2019-01-17T21:27:35-07:00,ㅊㅊㅊ ㅆㅅ,ㅠㅠㅏㅜㅠ좋다,5
2019-01-17T17:47:35-07:00,꽤나 재밌어요,예전 게임 느낌나면서 진행도나 난이도 또한 괜찮은거 같아요 재밌네요,5
2019-01-16T17:44:58-07:00,ㅇㅇ,ㅇㅇㅇㅇ,5
2019-01-16T09:02:32-07:00,굿,굿,5
2019-01-16T06:09:47-07:00,굿플레이,굿굿굿,5
2019-01-15T15:45:58-07:00,방치형 게임이 대세,컨텐츠도 많고 신선해서 무과금으로 즐기고 잇어요,5
2019-01-15T15:05:46-07:00,재밋다,재미잇어요,4
2019-01-15T03:56:40-07:00,재밋습니다,유후,5
2019-01-14T23:09:34-07:00,케릭도 귀엽고. 컨덴츠도 많네요 오프라인 자동사냥도. 맘애들어요!,ㅇㅇ,5
2019-01-14T17:03:46-07:00,와 진짜 재미네요 하아 넘 재밌당,대박이에요ㅠ진짜,5
2019-01-14T09:06:55-07:00,꿀잼,재밋네요,5
2019-01-14T02:01:27-07:00,재밋네용,재밋어용,5
2019-01-13T19:57:57-07:00,재밌음,해보세요,5
2019-01-13T09:58:30-07:00,ㅇㅇ,꿀잼,5
2019-01-13T07:05:23-07:00,재미지네요 ~,오래 해보겠습다,5
2019-01-12T14:46:23-07:00,간만에,재밋어요,4
2019-01-12T03:19:59-07:00,할만함,무과금유저,5
2019-01-12T00:30:45-07:00,할게없음,모험돌리고 경기장돌리면 할게없음 투력도 안올라가고 오로라컵이나 대창궁 등은 오래 기다려야되고,4
2019-01-11T23:09:44-07:00,재밌네요^^,시간 가는 줄 모르고 하네요^^,5
2019-01-11T18:21:03-07:00,ㅇ,ㅇㅇ,5
2019-01-11T14:45:20-07:00,ㅂㄱㄹㅎㅅㄴ,ㆍㄴㅅㄷㄸㅂㄴㄷㄴㄷ,4
2019-01-11T06:40:52-07:00,할만함,할만해요,3
2019-01-11T04:15:18-07:00,꿀쨈,ㄴㅌㅋㅋ,5
2019-01-11T03:15:38-07:00,개꿀,개꿀잼,5
2019-01-11T01:35:32-07:00,w재밌어요,!!!,5
2019-01-10T08:24:02-07:00,이건좀...,자동순찰했더니 장동순찰이라나오는거는 ㅋㅋ 오타신가?,5
2019-01-10T00:42:03-07:00,ㅎ,ㅎㅎ,5
2019-01-09T18:28:57-07:00,흠..다 좋은데..,스토리 번역이라고 해야하나...대사가 좀 잘 연결되는 느낌은 아님. 게임자체는 그럭저럭 할만함,4
2019-01-09T14:13:00-07:00,ㅇ,ㅇㅇㅇㅇ,5
2019-01-09T13:42:11-07:00,데일리판타지 ㄴㄴ 데일리토토임,"매일 오후 8시 토토하는 재미로 함.
매번 꼬라박고 잃어서 낙동강 가지만 다시 100코인으로 가즈아ㅏㅏㅏ를 외치는 나를 보게 됨",5
2019-01-09T13:39:45-07:00,굿,굿,5
2019-01-09T12:10:25-07:00,재밌네,할만함,3
2019-01-09T05:25:33-07:00,회원가입하는데 네트워크 오류?,회원가입할려고 메일입력해서 인증번호 받은거 입력한다음에 비밀번호 쓰고 회원가입 하려 했더니 네트워크 오류가 떠버리네요. 제가 네트워크 오류때문인지 보려고 유튜브 구글 네이버 다 들어가봤는데 정상작동 되더라고요. 지금 아이폰을 쓰고 있는데 혹시 ios기기의 오류라면 빨리 해결해주시기 바랍니다.,1
2019-01-09T01:50:59-07:00,좋아,재밌음 현재까지,4
2019-01-09T00:03:05-07:00,지금까진 괜찮네요,이틀째인데 지금까진 재미나게 하고 있네요,5
2019-01-08T13:21:15-07:00,재미는 있음,근데 힘듬,3
2019-01-08T10:11:44-07:00,생각보다 재밌어요,조작도 간단하고 과금을 크게 필요로 하지도않고 적당히 시간보내는데에 좋은것같네요,5
2019-01-08T08:08:15-07:00,좋아,좋아여,5
2019-01-08T04:53:52-07:00,기다려야 할수잇는게,너무 귀찮음,3
2019-01-08T04:15:20-07:00,찬찬히즐기세요,안급한성격이면꿀겜,5
2019-01-08T01:16:29-07:00,존잼,존잼개잼 그냥 하셈 개강츄,5
2019-01-07T23:55:11-07:00,재밌어요ㅎㅎ,캐릭도 예쁘고 할만해요,4
2019-01-07T20:53:19-07:00,굿굿,아주 재밌습니당,5
2019-01-07T20:08:57-07:00,재미있어요,재미있어요,5
2019-01-07T15:30:51-07:00,롷류ㅜ,ㅊㅇㄷㄹ ㅍ,5
2019-01-07T12:14:27-07:00,결제오류 문의,"65000원 결제했는데 다이야 안들어왔어요.

문자로 결제확인창까지 떳는데 , 확인좀 부탁드릴게요.",5
2019-01-07T05:33:39-07:00,그냥 그래요...,비슷한게임,4
2019-01-06T15:58:28-07:00,재밋당,재밋엉,5
2019-01-06T11:48:00-07:00,ㄷㄴㅇㄹ,ㅇㄹㅅ,5
2019-01-06T07:33:08-07:00,굿ㅎ,ㅎㅎㅎㅎ,5
2019-01-06T03:32:21-07:00,ㅎㅎㅎㅎ,ㅎㅎㅎㅎㅎ,5
2019-01-06T00:58:31-07:00,good,꿀잼,5
2019-01-05T22:56:31-07:00,테스트 계정 복구해주세요,데스트계정 연동했더닝 데이터가 전부 사라졋어요 복구해주세요,5
2019-01-05T21:11:58-07:00,ㅋㅋㅋ,ㅋㅋㅋ,5
2019-01-05T15:38:52-07:00,재미써여,아기자기,5
2019-01-05T12:21:44-07:00,한달째 하는데요,"광고가 게임이랑 전혀 매칭 안되고요 
광고는 스타일 너무 과장이고 요즘 민감한 미소지니st.. 주변 친구들은 광고보고 다 거부감이 들어서 같이 못하겠데요.. 그래서 영업도 못했습니다.. 전 그 광고 보기전에 시작해서.. 몰랐지만. 알고나선 실망이네요. 그리고 라디오 bj 죄다 여자고 한명은 미취학 아동같은 목소리내요;;; 검열좀 하셔야겠는. 이 게임을 즐기는 사람은 아주 다양한 성별과 연령층이란걸 잊지 마세요. 가만보면 2-30대 변태 오타쿠만 노리는 게임같아요.",1
2019-01-05T11:32:41-07:00,쉽고 재밋는데,괜찮은듯,5
2019-01-05T10:14:35-07:00,ㅋ,ㅋㅋㅋㅋ,1
2019-01-05T10:07:50-07:00,챔피언전 라인수정,"대체 챔피언전 라인 수정은 언제가능한거죠..?
계속 초반에 설정했던 파티로만 진행되고, 챔피언전 진행중에는 라인수정?기간 종료됐다고하고, 시작전에는 파티라인 수정하는 화면자체가없고..답답하네요",3
2019-01-05T08:39:48-07:00,ㅗㅗ,ㅎㄹ차ㅏㅓ,1
2019-01-05T02:11:38-07:00,재밌어요,방치해도 알아서 크네요ㅋㅋ,5
2019-01-04T21:44:47-07:00,굿,재미남,5
2019-01-04T17:38:47-07:00,번역이 구려요,"한국어 잘하는 일본인이 번역한 느낌임
그밖에는 그냥저냥 시간 때우며 할만함",3
2019-01-04T09:22:46-07:00,굿,할만하지만 컨텐츠가 부족함,4
2019-01-04T05:52:58-07:00,재미있네요~,더욱더 힘써주세요~~,5
2019-01-03T20:06:46-07:00,그냥저냥 심심할 때 즐기기 좋네요,가볍게 즐기고 있습니다 :),4
2019-01-03T12:08:47-07:00,음,음,3
2019-01-02T23:06:06-07:00,ㅁ,ㅁㅁㅁㅁ,5
2019-01-02T21:48:44-07:00,제목,리뷰,5
2019-01-02T20:29:23-07:00,졸잼,하지만 좀 루즈해짐 4배속 만들어주셈,5
2019-01-02T08:03:58-07:00,좋내요,할만해요,5
2019-01-01T18:01:42-07:00,흠,그냥그래요,4
2019-01-01T14:41:53-07:00,잼씀,잼써요 ㅋㅋㅋㅋ,3
2019-01-01T10:15:20-07:00,굿,잼,5
2019-01-01T04:42:54-07:00,ㅇㅇ,ㅇㅇ,5
2018-12-31T21:03:28-07:00,꿀잼,꿀잼,5
2018-12-31T18:10:55-07:00,재밌네요,재밌음,5
2018-12-31T05:05:59-07:00,감사해요,즐겁게 하고있어요,5
2018-12-30T14:47:23-07:00,재밋네요,제밋내요,5
2018-12-30T12:53:38-07:00,진짜 진짜 재미있어요,이거 하는데 시간 어떡해지나갔는지 모름 ㅋㅋㅋㅋㅋ,4
2018-12-30T12:01:23-07:00,GOOD,GOOD,5
2018-12-30T11:17:58-07:00,ㅕ,ㅕㅗㅗㅓㅓ호ㅓ,5
2018-12-30T05:42:20-07:00,끌잼스,재밌게 플레이중임다,5
2018-12-30T03:43:52-07:00,굿,굿,5
2018-12-30T03:13:47-07:00,재미써용..,재밌습니다,5
2018-12-30T02:23:08-07:00,그냥저냥 무난,방치형인데 뭘 바람?,4
2018-12-30T01:08:45-07:00,ㅇㅇ,ㅇㅇ,5
2018-12-29T23:50:16-07:00,재미집니다,.,4
2018-12-29T20:32:18-07:00,홓,숗,5
2018-12-29T17:51:41-07:00,ㅎㅎ구웃,재미져요,5
2018-12-29T16:48:13-07:00,재밌음,재밋음,5
2018-12-29T11:33:35-07:00,재미있음,좋앙,5
2018-12-29T07:56:09-07:00,게임이 재미없는것도 있는데,"게임이 재미없는거야 개인문제니까 냅둔다 쳐도 번역이 어색한 것도 많고 말도 안되는것도 종종보임
팀에 번역이 없는건지 차라리 내가 할테니까 스크립트랑 돈을 줘요",2
2018-12-29T05:15:01-07:00,굿,굿,5
2018-12-28T22:29:21-07:00,굿,굿,5
2018-12-28T17:11:26-07:00,Good,Good,5
2018-12-28T09:09:09-07:00,굳,조각좀더많이줬으면,4
2018-12-28T05:16:09-07:00,재미있네요,아직 초반이지만 키우는 재미가 있어요,5
2018-12-28T00:48:02-07:00,할만함,개안아,3
2018-12-27T23:55:38-07:00,재미는 있네여,재미는 있지만 좀더 컨텐트가 다양했으면 하네여,5
2018-12-27T23:35:29-07:00,ㅆ,ㅆㅆㅆㅅ,5
2018-12-27T16:28:47-07:00,꾸르잼,캐주얼한 게임입니다. 장시간 해도 배터리 걱정없고 컨텐츠도 알차서 좋아요.,5
2018-12-27T15:20:07-07:00,...,.....,5
2018-12-27T13:49:44-07:00,할만하네요,할만해요,5
2018-12-27T10:19:49-07:00,잼ㅋ,ㅋ,5
2018-12-27T05:54:04-07:00,꿀잼!,재밌어요^^,4
2018-12-27T03:04:07-07:00,굿,굿굿,5
2018-12-27T01:19:23-07:00,모르고 현질함,제가 모르고 현질해서 혹시 환불되는지 알아볼려구요 ㅠㅠ 한 3만6천원? 짜리 패키지를 사가지고 ;; 학생인제가 돈이 없어서 ㅠㅠ 환불 시켜주세요 !!,2
2018-12-27T00:04:51-07:00,편하다,자동사냥이라 편함..,5
2018-12-26T23:02:36-07:00,굳wiwie,궂굳,5
2018-12-26T20:07:29-07:00,재밌고 신선한 게임,간단하면서 모르는걸 언제나 해결해줄 좋은분들이 카페에서 알려주시고 라디오라는 획기적인 아이템을 통해서 유저들을 한곳으로 모은 아이템은 게임의 지루함을 신성함으로 바꿔주었습니다.,5
2018-12-26T17:08:01-07:00,ㅇ,ㅇㅇㅇ,5
2018-12-26T15:58:00-07:00,시간이 잘가,시간이 잘가 시간이 잘가 시간이 잘가 시간이 잘가 시간이 잘가 시간이 잘가 시간이 잘가 시간이 잘가 시간이 잘가,5
2018-12-26T10:19:18-07:00,생각보다 재밌음,사운드만 한국어로 바뀐다면 더 재밌을듯,5
2018-12-26T07:16:50-07:00,충전문제,다이아 구매 했는데요.. 돈이는 빠져나갔는데.. 다이아 못 받았어요... 고객센터도 보이지 않구요...,5
2018-12-26T06:45:43-07:00,리뷰,무과금으로 하기는 좀 어렵지만 나름 쏘쏘!!,4
2018-12-26T05:56:36-07:00,꺼져,꺼져,1
2018-12-26T03:44:26-07:00,굿,조아연,5
2018-12-25T22:37:52-07:00,렙업 빨리하고싶어요,3성 캐릭좀 주세요~,5
2018-12-25T22:31:15-07:00,재미남,무,4
2018-12-25T19:51:34-07:00,좋은게임,뭔가 시간 가는줄 몰라..,5
2018-12-25T16:04:18-07:00,ㄱㅅ,ㄱㅅ,5
2018-12-25T15:22:21-07:00,ㅗㅜㅑ,ㅗㅜㅑ,5
2018-12-25T15:16:21-07:00,재밌네요,"방치형겜이지만 손대면 할만한게 많아서 좋습니다
귀찮지도않고 잘만든겜이네요",5
2018-12-25T13:03:28-07:00,게임요소는 충분했으나..,"콘텐츠가 부실하다, 무언가 몰입해서 할 겨를도 없이 가챠에만 집중하게 된다. 스토리고 나발이고 좋은 장치를 가져왔으면 그에 맞는 내용도 충실해야할 것 아닌가.",3
2018-12-25T10:19:03-07:00,굿,굿,5
2018-12-25T04:11:44-07:00,재미있어요,생각없이 깔았는데 재미지네여,5
2018-12-25T03:27:52-07:00,최소 번역한사람 게임 한번오 안한사람,템에 자꾸 층으로 표기하길래 뭔가 했네,3
2018-12-24T18:23:32-07:00,굿,재밌네요,5
2018-12-24T16:16:30-07:00,Good,Good,5
2018-12-24T14:47:08-07:00,좋아요 짱재밋음,좋습니다,5
2018-12-24T03:40:12-07:00,ㅈ같네?? 개 ㅈ망겜 절대 하지마세요,"다이아 결제하는까 돈만 쳐 빼가고 고객센터 전화번호는 없고 걍 글남기라만카네 할생각있는건가?? 이레 서 짱깨세끼들꺼는 결제를 하면 안된다;;이제 내일은 크리스마스라고 고객센터 운영안하겟네?
하여튼 일도 ㅈㄴ못하고 하지도 않는 놈년들이 빨간날은 오지게 잘챙겨요~ 그쵸?",1
2018-12-23T22:40:48-07:00,조아,조아,5
2018-12-23T22:24:29-07:00,하하,하하하,5
2018-12-23T19:44:08-07:00,ㅋ,쏠쏠함,5
2018-12-23T19:23:13-07:00,good,good,5
2018-12-23T19:08:58-07:00,ㅇㅇ,ㅇㅇㅇ,4
2018-12-23T19:01:50-07:00,재미있어요,과금유도 없어서 좋음,5
2018-12-23T18:59:41-07:00,잼잼,재밋네요,4
2018-12-23T18:52:11-07:00,재미있네요 ㅋㅋㅋ,참신함,5
2018-12-23T17:47:57-07:00,재밌어요,케릭터가 이쁘네요,5
2018-12-23T17:35:06-07:00,ㅎ,홓ㅎㅎ,5
2018-12-23T15:13:07-07:00,나름,재미가 있지만 컨텐츠가 부족,5
2018-12-23T14:28:23-07:00,잼,잼,5
2018-12-23T09:51:04-07:00,중독성 강하고 꿀잼,아주 재밌어요,5
2018-12-23T07:27:47-07:00,시간 순삭입니다,재밌네요,4
2018-12-23T05:39:22-07:00,방치형이 다 거기서 거기지,응 방치형 다 거서 거기제 아니다 아이요?,5
2018-12-22T20:54:06-07:00,ㅇㅇㅇㅇ,ㄹㄹㅎ폻ㄹㅇㅇ허ㅜ,4
2018-12-22T20:20:57-07:00,ㄲ,ㄲㄲ,5
2018-12-22T15:10:22-07:00,재밌네요,재밌어욯ㅎ,5
2018-12-22T09:17:52-07:00,ㅅ,ㅆ,4
2018-12-22T07:39:21-07:00,하다보니 재밌네요,다른게임처럼 퀘스트 폭탄도 없고 소소하게 오래 할 수 있을것 같네요,5
2018-12-22T03:30:18-07:00,ㅕ겨오어아우아우유유,우튜아오어어로라너유아오너오오,5
2018-12-21T20:43:19-07:00,ㅇ,ㅇㅇㅇㅇ,4
2018-12-21T17:30:47-07:00,아기자기하면서 소소한 맛이 있음,"시간 많아 들일 필요도 없고, 완성도도 나쁘지 않음. 굿굿~",5
2018-12-21T15:45:49-07:00,성장 패키지 삿는데,"돈은 빠져나가고 아이템은 안 들어왔어요 
111L1v7D425 이겁니다",5
2018-12-21T09:39:28-07:00,비슷,비슷,3
2018-12-21T09:26:54-07:00,할만함,정말임 걍 할만함,5
2018-12-21T09:13:55-07:00,ㅎㅎ,지금까지는 무난하게 잼있게하고있어요,5
2018-12-21T06:39:32-07:00,즉당함,ㅈㄱㄴㅈㄱㄴ,5
2018-12-21T01:31:31-07:00,굳굳굳굳굳,굳,5
2018-12-20T23:16:10-07:00,굳굳,시간이 벌써...그정도임 ㅋㅋ,5
2018-12-20T19:09:38-07:00,재미있게 잘하고 있습니다,대체로 재미있네요,3
2018-12-20T16:49:34-07:00,번역만 빼면 진짜 재미있는 게임,번역이 너무 번역기 돌린 것 같아요 제대로 검수하지 않은 것처럼 틀린 맞춤법 난무에 어순도 잘 안 맞는 말들도 있구요... 근데 재미있어요 이유는 모르겠는데 재미있어요 열심히 하고 과금도 하고 있네요 날 잡고 번역 같은 거 깔끔하게 고쳐 주면 좋을 것 같네요 ㅠㅠ,4
2018-12-20T16:17:19-07:00,시간날때마다 하는데 재밌네요,"시간활용면에서 좋고, 캐릭터 이쁨 +_+",5
2018-12-20T14:56:58-07:00,재미는있음,ㅇㅇㅇ,4
2018-12-20T06:24:47-07:00,꿀,잼,5
2018-12-19T21:46:46-07:00,굿,ㅜ굿,5
2018-12-19T19:13:11-07:00,재밌음,재미있음,5
2018-12-19T15:26:46-07:00,잼,잼,5
2018-12-19T11:15:12-07:00,재미나요,겜 초반이라서 그런지 일단 재미지네요,5
2018-12-19T03:24:41-07:00,좋아 아직 할만해,ㅇㅋ,5
2018-12-18T22:10:57-07:00,오뉴코캬노튜카너쿠우터,ㅗㅌㅎ캬뉴류터나ㅜ어웅,5
2018-12-18T18:16:26-07:00,킬링타임,할만한,4
2018-12-18T18:08:04-07:00,조작성 최악,"무슨 게임이 튜토리얼 잠깐하는데도 중간에 터치가 안먹히나요?
껏다 켜야되는데 계속 이런식이면 안하고말지",1
2018-12-18T17:00:53-07:00,ㅋㅋ,잼잼,5
2018-12-18T15:52:44-07:00,잼내요,재밋어요,5
2018-12-18T15:32:45-07:00,꿀잼~,재밋어요 ㅎㅎ,5
2018-12-18T14:33:09-07:00,재미잇어요~,재미잇어요~,4
2018-12-18T14:26:34-07:00,재밌네,꿀잼,5
2018-12-18T14:12:23-07:00,재미있어요~,"별 기대없이 다운받았는데 푹빠져 있네요.
다른 게임들과는 다르게 현질하지 않고도 즐길 수 있도록 만들어주셔서 감사해요~
재미있게 즐기겠습니다~",5
2018-12-18T10:48:44-07:00,아직,잘,1
2018-12-18T08:47:44-07:00,리뷰,재밋네요,5
2018-12-18T08:38:14-07:00,좋다,좋다좋다 재밌다 vary. fynny,5
2018-12-18T06:31:52-07:00,커뮤니티 최고,이 게임 채팅창이 너무 밝아요. 게임도 중독성있고요.,5
2018-12-18T06:09:22-07:00,잼,잼,5
2018-12-18T03:35:31-07:00,재밌다,재밌다,5
2018-12-18T02:45:49-07:00,멍,꿀,5
2018-12-18T02:01:27-07:00,아직잘모르겠음,하고는있지만내가뭘하는지모르겠음,5
2018-12-18T01:30:47-07:00,ㅇㅇ,ㅇㅇ,2
2018-12-18T00:46:42-07:00,잼네요,냉무,3
2018-12-17T22:19:46-07:00,ㅎ,ㅎㅍ퓨,3
2018-12-17T20:18:03-07:00,Good,Good,5
2018-12-17T18:52:36-07:00,쿠폰좀,쿠폰,5
2018-12-17T17:39:41-07:00,중독성있네,이상하게 계속하게되네요 잘만든듯,5
2018-12-17T17:35:39-07:00,굳 굳!,군ㄷ!,5
2018-12-17T17:03:29-07:00,오,재미남,5
2018-12-17T15:22:44-07:00,꿀잼보스,꿀재르를르ㅡ잼,5
2018-12-17T14:41:11-07:00,실수로 월정액 결제해서 계정 삭제 부탁합니다,글 한번 올렸고 며칠 지나도 해결이 안되는거 같아 게임 삭제 했네요 계정 및 구매내역 삭제 부탁합니다,3
2018-12-17T14:39:40-07:00,👍,👍👍,5
2018-12-17T14:14:29-07:00,굳,존잼,5
2018-12-17T14:04:37-07:00,굿,굿,5
2018-12-17T06:51:50-07:00,나쁘지 않음,금방 질릴 것 같긴한데 일단 나쁘지 않음,5
2018-12-17T06:02:13-07:00,넘잼잇네요,시간가는줄 모르겠어요,5
2018-12-17T05:45:26-07:00,ㄴ,ㅅ,4
2018-12-17T05:44:11-07:00,꿀잼이옹,ㅋㅋㅋㅋㅋㅋㅋㅋ,5
2018-12-17T05:11:59-07:00,굿굿,좋아요,5
2018-12-17T05:01:30-07:00,너무재미있다,너무재밌네요,5
2018-12-17T02:59:14-07:00,ㅇㅇ,ㅇㅇㅇㅇㅇ,5
2018-12-17T00:23:24-07:00,짱~,재미있어요,3
2018-12-16T22:27:09-07:00,굿겜,갓겜,5
2018-12-16T21:49:43-07:00,재미짐,재밋어요 ㅎㅎㅎㅎ,5
2018-12-16T21:18:05-07:00,ㅋㅋ생각없이 받고하는중,걍해보는중,4
2018-12-16T21:01:56-07:00,재밌네,재미좀있네,5
2018-12-16T19:29:07-07:00,굳,굳,5
2018-12-16T18:23:16-07:00,굿겜,좋아요,5
2018-12-16T17:16:34-07:00,간만에 괜찮은 게임 찾은듯,굳굳,5
2018-12-16T16:34:42-07:00,생각보다 재미있네요,캐릭도 아기자기한게 귀엽네요,5
2018-12-16T16:08:15-07:00,젬니여,ㅋㄷㅋㄷ,5
2018-12-16T15:45:23-07:00,굳,재밌네뇨 무과금으로 하기에 딱,5
2018-12-16T15:35:38-07:00,잼,ㅇㅇ,5
2018-12-16T14:02:21-07:00,굿,굿,5
2018-12-16T09:47:18-07:00,재밌음,재미짐,4
2018-12-16T09:11:37-07:00,재밋네영,재밋네여,5
2018-12-16T07:48:46-07:00,재밌어요,할만하네요~,5
2018-12-16T07:17:49-07:00,재밋네요,네,5
2018-12-16T06:34:41-07:00,굳,굳,5
2018-12-16T06:32:17-07:00,ㅋ,ㅋㅋ,4
2018-12-16T06:29:04-07:00,Good,...,5
2018-12-16T06:15:23-07:00,잼남,잼나요 현금유도도 안심하규,5
2018-12-16T05:31:06-07:00,재미잏엉ㅎ,어제 시작햇는데 완전 재미잇네용,5
2018-12-16T04:54:25-07:00,어! 생각보다,시간 잘감ㅋ,5
2018-12-16T03:11:54-07:00,재밋어요,재밌어요!!,5
2018-12-16T02:51:37-07:00,조금 아쉽네요,"캐릭간 조합을 해보고 싶어도 초반에 주는 캐릭터가 적어서 즐길 거리가 적습니다
가챠하면 좋겠지만 재미를 찾기 전에 지루한 느낌이랄까..
20렙부터 렙이 막히는데, 조금 방치해서 레벨링해보고 경과를 봐야겠습니다",3
2018-12-16T01:03:39-07:00,졸잼탱,잼나요 은근 빠짐,5
2018-12-16T00:16:21-07:00,잘모르겟지만 해보니까재밋네요,재밋어요,5
2018-12-15T22:44:00-07:00,효,ㅕ조,5
2018-12-15T21:45:46-07:00,재밋네용,꿀잼 !!,5
2018-12-15T21:38:28-07:00,타임킬러,시간때우기 좋음,5
2018-12-15T20:42:25-07:00,ㅇ,ㅇ,5
2018-12-15T20:29:13-07:00,캐릭터가 귀엽네여,넹,3
2018-12-15T20:12:57-07:00,꿀,간단해서.편하네요 할만합니다,5
2018-12-15T19:19:21-07:00,굳,말이 필요 없음,5
2018-12-15T16:20:20-07:00,ㅇㅇ,ㅇㅇ,4
2018-12-15T15:22:35-07:00,So So,무과금으로도 충분히 즐길수 있음!,5
2018-12-15T15:01:33-07:00,잼남,잼남,3
2018-12-15T14:34:28-07:00,우선 재미있음,재미있음,5
2018-12-15T10:32:10-07:00,그냥 .. 뭔가 생각보다 그리 재밌진 않음,말 그대로 생각보다 그리 재밌지 않았음 오토전투에 방치형라는 점이 너무 좋지만 컨텐츠도 그렇고 후반갈수록 할게 아레나밖에 없음 게다가 금방 질리는 스탈의 겜이더라 일러하나는 짱,2
2018-12-15T10:26:46-07:00,굿,굿,4
2018-12-15T08:39:34-07:00,캐릭터 뽑기어렵다,근데 남들도 그런듯,3
2018-12-15T08:04:30-07:00,잼남,잼,5
2018-12-15T07:09:23-07:00,데일리판타지,강츄,5
2018-12-15T05:36:49-07:00,사전예약 보상,사전예약 보상 어떻게 받나요 메세지에 보내진대로 하려고 봤는데 캐릭터 프로필과 패키지 교환이 보이지 않네요 제 보상 주세요,1
2018-12-14T19:58:26-07:00,유잼,ㅇㅇ,5
2018-12-14T19:17:41-07:00,Good,Good,5
2018-12-14T18:26:54-07:00,중독성 강해요,재밌어요 ㅎㅎ,5
2018-12-14T15:40:55-07:00,ㅃ,ㅂㅉㅈ,5
2018-12-14T11:03:50-07:00,현질 유도라고 하는 사람들 보세요,이게임에 현질 한번도 안하고 60까지 키워본 경험으로 진짜 열심히도 아니고 꾸준히도 아니고 하루에 한번 접속 하는것만으로 아니 이틀에 한번도 좋음 그렇게 해보지도 않고 비판좀 하지 마세요 얼마나 잘만들었는데 그리고 번역이상하다는 사람들도 모자른건지;; 한국판으로 만들었으니 지들이 일본어 좀 할줄 안다고 만든분들 열심히 만들었는데 무시하네 ㅋㅋㅋ나도 일본어 할줄 아는데 그대로 해석한게 아니고 한국판으로 맞게 그냥 글씨 써놓으신거잖아 모질이들아 에휴,5
2018-12-14T06:53:12-07:00,잼나요.,ㅋㅋ,5
2018-12-14T05:56:44-07:00,좀 빡세긴 하네요,게임하기 좀 빡세긴 하네요.. 아이폰은 쿠폰도 안주고... 좀 더 혜택을 주면 좋겠네요...,4
2018-12-14T05:04:43-07:00,초반인데 재밌어요,과금을 안하고 있지만 소과금 정도하면 충분히 즐길민한것 같아요!!,5
2018-12-14T00:48:38-07:00,ㅎㅎㅎㅎㅎㅎㅎ,ㅎㅎㅎㅎㅎㅎㅎㅎㅎ,5
2018-12-13T23:26:56-07:00,그냣,할만함,4
2018-12-13T22:04:21-07:00,잼잼,잼,5
2018-12-13T20:50:30-07:00,ㅋㅋㅋ,ㅎㅎㅎ,4
2018-12-13T19:52:47-07:00,재미나네요,"겜안하고 있어도 경험치가 오르니 조금 부담이 적네요
그래서 더 자주 들어가볼수 있는것 같아요",4
2018-12-13T19:05:02-07:00,아직까진,할만함,5
2018-12-13T18:44:12-07:00,재미있어요,방치형이라 귀찮지도 않고 너무 재미있어요,5
2018-12-13T17:57:07-07:00,챔피언전 개선요구,"라인은 볼때마다 변경불가
직딩은 그냥 밑에서 허우적거리라는건가요

시작하기전에는 변경이 가능하게 해줘야하는거 아닌가요

초반에 짜논 덱 계속 발리는거 보면 기분이 안좋아요",4
2018-12-13T14:15:57-07:00,꿀잼,잼,5
2018-12-13T12:27:30-07:00,리까다흠,씀다나부하끼,5
2018-12-13T04:52:20-07:00,할만함,"깔아서 한달동안 접속 안햇더니 폭풍성장 ㅎㄷㄷ...
방치형 게임인데 은근 중독성 있음 근대 처음하시는분들 좀 헷갈려 할수도 있음",5
2018-12-13T03:36:56-07:00,할만하다는,과금을 안한다면... 힘들듯,5
2018-12-13T00:26:23-07:00,재밌음,방치형인데 초반에 보석도 뿜뿜하게주고 나름 할맛나요 ㅠ 컨텐츠도 다양하고 특히 성우진들이 개좋음ㅠㅠㅠ,5
2018-12-12T22:27:21-07:00,현재 15일차.,"진짜 왠만해선 폰겜 안하는데 빠져가지고 하루에 수십번은 접속해서 미션돌고 하는거같아요.
음..일단 과금유도 없어요 
지금까지 한번도 안하고 충분히 아이템맞추고 잘하고있네요
조~금 아쉬운건 이벤트좀 많이해주셨음 좋겠어요 ㅎㅎ",5
2018-12-12T18:44:44-07:00,단점,중독적임ㅠ 소소하게 예쁘고 재미있음 일하다 해도 잼씀,5
2018-12-12T18:01:06-07:00,굳,구웃,5
2018-12-12T16:59:26-07:00,재미있어요,간단하면서 중독성 강한게임ㅇ네요,5
2018-12-12T15:28:45-07:00,재밌는데 너무 방치형게임 ㅠㅠ 할게없어요,ㅈㄱㄴ,5
2018-12-12T14:34:54-07:00,아직 하루 정도 해 보는 중입니다 무난한드,무난한듯 현재 랭커들은 현질 200-500만원 했네요,3
2018-12-12T12:20:40-07:00,호에에,시간 빨리가네,5
2018-12-12T04:37:21-07:00,음....,그냥 나도 모르게 쭉 하고 있는데요. 아직도 하나도 모르겠다아!!!,5
2018-12-12T04:29:56-07:00,할만하네묘,ㅇ,4
2018-12-12T02:26:22-07:00,즐길만 합니다~,처음에 조금 복잡한 느낌이었는데 재미있게 즐길 수 있게 되었어요~,4
2018-12-11T22:29:55-07:00,할만함,일러 게임성 모두 소소하게 즐기며 플레이할만한 수준인듯.,5
2018-12-11T19:28:05-07:00,긋,긋,5
2018-12-11T18:49:27-07:00,재미남,"은근 재미남
성우도 좋아하는 아오키랑 리에가 나와서 좋음",5
2018-12-11T16:56:01-07:00,나름 재미,재미 있네요. 좀더 할 것 같아요,4
2018-12-11T14:31:39-07:00,아이잼미따,재밌네여 ㅇㅇ,5
2018-12-11T10:12:08-07:00,ㅎㅎ,ㅇㅇ,5
2018-12-11T06:38:41-07:00,ㅇㄹㅇ,아몰랑 넘 재미있어,5
2018-12-11T05:55:12-07:00,핡,2일차 .. 재미지다,5
2018-12-11T04:13:55-07:00,3회 연속 가챠면 3성 무조건 받는다고 나와있는데 왜 저는 안나와요ㅡㅡ?3연속가챠 지났는데..?? 확인좀요,3회 연속 가챠면 3성 무조건 받는다고 나와있는데 왜 저는 안나와요ㅡㅡ?3연속가챠 지났는데..?? 확인좀요,4
2018-12-11T02:31:58-07:00,금화가 쓸데없습니다,"아주 사용 안할 때가 없는 건 아니지만 모이는 거에 비해 사용을 하지 않으니 터무니 없이 쌓이기만 합니다
초급 증표같은 아이템은 가격이 좀 나가도 금화로 판매하면 좋을 것 같습니다",3
2018-12-11T02:24:04-07:00,Good,Good,5
2018-12-11T00:14:12-07:00,재미있네요,재미있지만 컨텐츠 부족은 여전... 라디오나ㅠ들어야지,5
2018-12-10T23:26:38-07:00,할만해료 ㅎ,ㅎㅎ,5
2018-12-10T15:11:08-07:00,오,잼씀,5
2018-12-10T14:54:23-07:00,할만하네요,별 거부감이없이 무난하게 진행됨,4
2018-12-10T07:38:15-07:00,아이폰8플러스 오류,"아이폰 8 플러스 사용자입니다
게임을 진행하다가 화면이 검정색으로 변하면서
꺼지는 오류가 있네요
게임 전반적인건 매우 만족스럽습니다
오류 해결 부탁드립니다",3
2018-12-10T07:17:01-07:00,재밌어요ㅋㅋㅋ,시간 가는줄 모르고해오,5
2018-12-10T06:56:38-07:00,아이폰8플러스입니다,사운드 다키고해봣는데 소리가안나옵니다....제발고쳐주세요,5
2018-12-10T04:21:12-07:00,시간잘가네요,할만함,4
2018-12-10T03:43:57-07:00,라디오신박했음,일단 현질유도약하고 할만함,5
2018-12-10T01:30:44-07:00,그냥,핳만함,3
2018-12-09T19:14:49-07:00,할만합니다,^^,4
2018-12-09T18:24:29-07:00,ㅎㅎ,ㅎㅎ,5
2018-12-09T18:16:19-07:00,할먼한 게임,나쁘지 않아요 시작부터 주는것없이 시작해서 기분더럽지만,5
2018-12-09T15:36:55-07:00,올ㅋ,올ㅋ,5
2018-12-09T13:47:58-07:00,러블리한 개임입니다,추천!!,4
2018-12-09T13:14:48-07:00,굳,재밌네요!,5
2018-12-09T12:09:47-07:00,할만함,"과금 필수아님 돈으로 시간을 사는 느낌임
욕심나면 과금하시고 아님 안해도댐",4
2018-12-09T11:59:25-07:00,유아아아,재밋음,5
2018-12-09T10:14:50-07:00,굿,굿,5
2018-12-09T09:06:31-07:00,재밌는데 번역,"번역엉망->스토리이해힘듬->몰입떨어짐 
광고 그만큼 하는동안 메인스토리 번역도 번역기수준으로 해놓는건 뭔가요... 완벽은 아니더라도 최소한의 구실은 해놓고 유료템 파셔야하는게 아닐까요? 다른 업데이트 전에 기본부터 다듬으세요 게임자체는 재밌으니까",5
2018-12-09T09:00:58-07:00,재밌어요!!,아이돌은 없는데 재밌네요,5
2018-12-09T07:30:31-07:00,정보포인트가 안올라뇨...,어캐해야대나여 퀘스트도 못해요 포인트모자라서 ㅜㅜ 계속 10742에 멈춰잇어요,4
2018-12-09T04:47:28-07:00,꿀잼,재미있네요,5
2018-12-09T00:15:57-07:00,재밌어요,2일째인데 꽤나 재밌어요. 과금유도가 있기는 하지만 무료게임이니 당연히 있죠. 그렇다고 플레이가 불가능할 정도는 아니에요. 추천합니다.,5
2018-12-08T20:57:32-07:00,재밌네요,무과금 갓겜 ㅇㅇ,5
2018-12-08T18:47:27-07:00,굿 게임,시간 가는줄 모르겠네요,5
2018-12-08T18:41:27-07:00,무난,해요,3
2018-12-08T18:25:09-07:00,번역 수준이 정말 안타깝네요,"일반적인 부분들은 괜찮은데

꼭 스토리모드 쪽에 인물 대사를 보면

번역기 돌린마냥 엉망진창이네요.

만약에 번역자를 통해 처리했다면 그 사람과는 절대 아웃소싱 하지 마세요.

인게임 검수 안한티가 너무 납니다.",5
2018-12-08T04:39:42-07:00,개잼,개잼진짜,5
2018-12-08T03:04:51-07:00,잼!,꿀잼,5
2018-12-08T02:12:26-07:00,상점 오류,"상점에서 물품을 샀는데 돈은 나가고 물품은 등록이안되어있습니다
오류 확인해주세요",3
2018-12-07T17:37:14-07:00,재밋네요,재미있네요 그림체도 좋구,5
2018-12-07T16:15:19-07:00,굳,재밋어요,5
2018-12-07T13:52:31-07:00,꿀잼,굿굿,5
2018-12-07T12:59:45-07:00,ㅇㅅㅇ,재미남,5
2018-12-07T06:02:54-07:00,그냥 심심할때 하기 딱,케릭도 귀엽고 괴안아요,4
2018-12-07T05:41:24-07:00,꿀잼이네,직관적이여서 좋네요,5
2018-12-07T05:32:23-07:00,가입 오류 자꾸 뜨네요,어쩌란거임,1
2018-12-07T05:14:11-07:00,소소국,소소,5
2018-12-07T04:46:01-07:00,아직초반이지만,"재미있는거같아요
방치해도 잘크고 켜면할것도많고
좀더봐야겟지만 아직은 재밋네요",5
2018-12-07T00:27:00-07:00,재밋네용,헤헷,5
2018-12-06T22:15:57-07:00,ㅅ ㅅ ㅅ,것,5
2018-12-06T18:11:11-07:00,잼남,ㅋㅌㅋㅋ,5
2018-12-06T17:02:56-07:00,장단점,"브금은 진짜 좋음 따로 갖고플만큼.
중간 정도 가는 재미
미호가 기대,생각한거 보다 귀여움

재미가 아쉽게도 중간밖에 못함
전체적으론 잘 보이지만 일부분이 접근성떨어지는 UI",4
2018-12-06T15:19:54-07:00,굿,굿,5
2018-12-06T15:14:13-07:00,괜찮네요,"생각보다 너무 잼나서 좋아요
단지 좀 진행 속도가 느리다는 느낌이 들어요",5
2018-12-06T12:14:42-07:00,ㅇ,ㅇㅇㅇ,5
2018-12-06T08:26:51-07:00,충전 관련 문의,다이아만 구매했는데 갑자기 월정액 구매라고 메일을 받았습니다. 월정액 구매를 한 적이 없는데 월정액 구매가 된 건가요? 확인 바랍니다.,3
2018-12-06T07:29:50-07:00,3점,다이야 수급이 힘듬 / 경기장 매칭이 이상함(랭킹이 아니라 점수로 매칭) / 현질유도심함(이건 어쩔수없음) / 컨텐츠 부족(방치형이 말이 방치형이지 스토리 밀어서 경치먹는거만 방치형)  컨텐츠는 차차 늘리면 되고 이벤트나 경기장 매칭하고 티켓주는거만 다른걸로좀 바꾸면 할만함. 경기장이 젤 맘에 안듬,3
2018-12-06T05:12:28-07:00,정말 개꿀게임,"방치형이라서 편하고
과금유도도 없고
성우목소리 이쁘고
심심하면 방송틀수 있어서 너무좋음
이걸 왜 이제 알았을까ㅠㅠㅠ",5
2018-12-06T04:36:40-07:00,최고임,^^,5
2018-12-06T04:23:36-07:00,재밋당,재미잇당~,5
2018-12-06T02:06:57-07:00,굿,굿,5
2018-12-05T23:52:44-07:00,2일차,뉴비에게 불 친절 재밌지만 가이드가 적고 고인물이 많다,4
2018-12-05T21:07:06-07:00,잼있어요,잼있어요,4
2018-12-05T20:42:11-07:00,ㅎㅎㅎ,하는중인데 잘 모르겠음ㅎㅎㅎ,3
2018-12-05T19:43:11-07:00,ㄴㄷㅎㄴ,ㅅᆞㄱㅅㄷㅌㅈㅅㄹㅈㅅ,3
2018-12-05T19:20:34-07:00,흐라앙,흐우우엉앙,4
2018-12-05T18:07:39-07:00,최고,굿입니다,5
2018-12-05T17:31:06-07:00,뽑기만 잘나오면 좋겠다,뽑기만 잘나오면 ㅠㅠ,5
2018-12-05T16:30:44-07:00,재미써오,하와와...여고생쟝에게 너모 재밋는 거시와오,5
2018-12-05T16:02:01-07:00,ㅇㅇ,ㅇㅇ,5
2018-12-05T15:11:22-07:00,꿀잼,인정,5
2018-12-05T14:08:07-07:00,재미있음,잼나요 한번해보세요,5
2018-12-05T13:47:14-07:00,노답...,"중국인들이 어줍짢은 한국어를 하는 광고를보고
글남깁니다.
한국에 진출하려면 그만큼에 투자도 하셔야죠
한국 배우와 한국인들 입맛에 맞는
광고를 찍어야 
한국에서 성공할수있다는것을
간과하고 있네요
게임은 잘만들은것 같은데
유튜브광고영상이 너무 거지같아서
참을수가 없습니다.",1
2018-12-05T08:56:40-07:00,나름 잼씀,일단 쉽고 아기자기한거 좋아하면 괜춘!,5
2018-12-05T07:48:30-07:00,재미었어용,천천히 키우기 좋은게임,5
2018-12-05T07:41:49-07:00,굿,조아요,5
2018-12-05T07:29:36-07:00,게임소리,게임 소리가 안나와요 핸드폰이 고장난줄.... 다른 앱들에선 다 나는데ㅠ̆̈ㅠ̆̈ 아이폰xs쓰고있습니다 빠른해결부탁드려요,1
2018-12-05T06:40:53-07:00,사전예약,분명 했는데 지금까지도 안오네요.. 고객센터는 어디인지 몰라서 글을 쓸수가없어요..,5
2018-12-05T05:56:13-07:00,잼잼,일러도 맘에들고 아직까지 괜춘,5
2018-12-05T05:44:31-07:00,나름 갠춘하둔용,방치해도 되는군요 허허,4
2018-12-05T05:42:10-07:00,굳,굳,5
2018-12-05T05:00:40-07:00,내,에,5
2018-12-05T04:40:25-07:00,표혀,혀폏,5
2018-12-05T02:06:37-07:00,재밌어여,굳,5
