date,review_title,review_text,rating
2019-05-28T03:46:30-07:00,그래픽이며 게임자체도 너무 마음에 들어요,"그래픽이 너무너무 맘에 들어요 근데 이게임을 1년뒤에 알다니 홍보가 너무 부족한가봐요 사람도 너무 없어요
너무 아까운게임 운영 좀 잘해주세요",4
2019-05-13T19:11:11-07:00,프레임 고정 문제 수정 예정은 전혀 없나요,원작 생각나서 다운받고 플레이 해보는데 기종이 아이폰 xs 임에도 불구하고 프레임 고정 때문에 불편감이 상당하네요. 프레임 문제에 대한 지적은 꾸준히 일어왔던거 같은데 수정 예정은 전혀 없는것 같군요. 개인적으론  패키지등의 구매를 꺼리게 만드는 가장 큰 원인이네요.,3
2019-05-06T05:04:29-07:00,자꾸 튕겨요 ㅠㅠ,아이폰 유저인데 게임 자체는 진짜 너무 좋은데 뭐만 누르면 튕겨서 게임이 진전이 안되는데 어떡하나요? ㅠㅠ,4
2019-05-03T16:15:04-07:00,점핑서버 대박...ㅋㅋ,"매칭1시간째 돌리는데 안잡힘
월챗 보니 서버에 유저 없는거같음...
매칭을 차라리 서버전체로 집히게하거나
몇분이상 안잡히면 봇들넣어주시던가 하지
파티가 안되니 게임자체를 못함 ㅋㅋ",5
2019-04-29T19:16:18-07:00,아바타가,"너무비쌈
맘에드는셋트를 팔아도 오만원이 넘는 돈이라 망설여지다 항상 놓침
이건패치할수록튕김이심해짐",1
2019-04-22T07:28:28-07:00,레벨업도 안되고 자꾸 튕기네요,오랜만에 드네가 하고싶어서 했는데 몇판을 해도 경험치가 오르지도 않고 그대로네요? 오류라면 보상 부탁드려요 그리고 튕기는것도 한 두번이지 튕기는것도 잦은편이네요. 점검 해주세요.,2
2019-04-11T07:01:44-07:00,죄송하지만....,스토리가 정말 좋고 무과금도 할 수 있을만큼 배려가 많네요.근데 캐릭이 조금 호감이 가게 생기진 않아서 저처럼 캐릭 보고 겜하는 사람들은 하면 안 될 듯.,5
2019-04-09T00:19:26-07:00,게임 엄청 튕겨요,"게임 관리좀 해주세요
서버안정화작업좀 진행해주세요
게임을 원활히 할수가 없어요
10분 접속 되고 튕기고 다시 재접해도
10분이내 또 튕기고 서버관리좀해줘요",1
2019-03-28T13:29:31-07:00,게임 하고싶어요..,"며칠전 일주년 기념하여 대규모 업데이트를 하게 되며 여태 가끔 끊기는것 외에 렉이 없었는데 자꾸 튕깁니다.
폰은 아이폰6를 사용하며 가끔 렉이 있으면 폰이 구형이니 그럴 수 있지 하고 넘어가는 정도 였는데 지금은 컨텐츠 하나 제대로 즐길 수 없는 수준으로 게임이 튕깁니다.
처음 업데이트 하고 접속 했을때는 스킬, 이벤트, 길드 등 창을 여는 족족 튕겼고, 그렇게 모든 기능을 열면서 튕기고 나니 네스트, 드래곤네스트, 심연의 탑 등의 컨텐츠를 진행하면 여러번 튕기니 스스로도 하기 싫어지고 같이 하는 다른 유저에게 피해가 가서 더 못하겠습니다.
차라리 호환 기기에 아이폰7 이상의 기기라고 기재하시면 안하겠습니다.",4
2019-03-28T09:19:11-07:00,경험치가 안오릅니다ㅡㅡ,아무리해도 경험치가 안올라요 16만에서 멈춰잇습니다 버그수정좀,2
2019-02-16T20:39:22-07:00,타격감이 좋은 게임,"공격 버튼을 누를때마다 콤보 하나하나 때리는 타격감이 최고다
1대1경기장도 공평모드 적용해줘서 레벨이 많이 차인다는 유저도 이길 수 있다
다만 단점이 있다면 한정 코스튬이 너무 비싸거나 현질을 통해서만 얻을 수 있다는 점이랑 자주 그래픽이 깨져 보이는 현상이랄까
게임 자체는 상당히 맘에 드는데 위의 단점 때문이 별을 하나 깎아야겠다고 생각했다
그래도 드네 최고",4
2019-01-26T05:45:17-07:00,결제는 됐고 상품 미지급 4일째네요,"2019.01.22 
강화패키지 ₩11.000  
충전 다이야₩109.000 
누적충전다이야 보상때였는데",1
2018-11-15T19:00:17-07:00,친구 초대 초기화,안되요...왜 그런건지 알수있을까요??,4
2018-10-19T19:10:32-07:00,환불되나요?,재밌었지만 많은 과금하고 똑같은 반복이 되서 그런지 이제 질리네요  환불 해주시면 감사하겠습니다,4
2018-10-04T20:49:06-07:00,이게임?,"대표가 임금미지급해서 조사받고 있는게임?
그래서 유저들 돈주고 사도 상품도 미지급하는거임?
ㅋㅋㅋㅋㅋㅋㅋㅋㅋㅋㅋㅋㅋㅋ",1
2018-09-10T23:56:56-07:00,구입 내역좀 삭제해주세요,삭제요청,1
2018-09-08T07:55:29-07:00,게임은 재밌으나 옥에티는 운영이랄까,"무릇 이벤트의 시작이라면 월요일이라든지 자기들이 초기화 설정해놓은 초기화 시점과 동일한 날에 시작하곤 합니다만 이 사람들은 초기화가 월요일이라면 금요일에 이벤트를 시작합니다 문제는 월요일에 초기화되고 미리 깬사람은 당연 그 이벤트를 참가 조차 못하죠 
운영에서 언제 이벤트를 할지의 시점 선택은 물론 운영하는자의 마음이지만 최소한의 생각함이라는게 있다면 이렇진 않겠죠 
이런 세세한 운영 빼고 게임자체는 재밌습니다 무엇보다 하드한 난이도를 협력해서 깨나가는게 재밌지요",1
2018-08-23T16:42:33-07:00,왜 까맣게 오류가나죠..,"ㅜㅜ..드네만 하면 터치할띠ㅓ마다 검게 갑자기 화면이 바뀌어서 겜자체를 못해요
기종은 아이폿6인데... 뭐가 문제인가요",1
2018-08-23T03:58:28-07:00,돈만 15만원빠져나가고  상품은 왜안들어옵니까,"1서버 아르젠타 1-10 케릭터명 터크
아이폰  농협,우리로 각각 오늘자로 결제 했는데 돈만빼가고 상품 안들어와서  고객센터에  넣었는데  조치도 안해주고  뭐하자는 겁니까",2
2018-08-16T11:25:26-07:00,옛날 향수에 별 잘 주고 싶어도...,"이번 패치로 UI 난잡해졌고, 
각종 스킬 설명 버그...(대체 신 직업 추가하는데 이런건 왜 문제가 되는 건지 전혀 모르겠네요...)
정상화 됐다는데 전혀 정상화 되지 않은 앱스토어 결제버그
스킬 구현 버그.....
온갖 버그 천지입니다. 고치는데도 오래 걸리겠죠... 개발이나 수정 권한이 한국 개발진들한테 전혀 없으니까요... 솔직히 개발진<<이라는 이름을 붙이는 것도 조금 웃기지 않나요.... ㅠ
드네 자체에 대한 애정이 없다면 이미 개장 한달만에 접었을 게임입니다.... 운영진 쪽에서도 반성하고 국내 권한에 대해 조치를 취하던지, 어떤 방법을 빨리 강구 하셔야할 것 같습니다...",1
2018-08-09T10:43:19-07:00,에후,시발 게임 설명 사진에 그 이상의 문구만 애미 뒤지게 많네 재미도 ㅈ도 없어요 서든하는게 나을듯ㅋㅋㅋㅋ,5
2018-07-31T14:01:43-07:00,결제오류,"방금 강화셋트 55000원짜리 2개 구매했는데
구매도 안되있고 결제만 됬습니다
구매금액도 55000원인데 한번은 6만원넘게 빠지고
두번째는55000원빠지구요 확인부탁드려요",4
2018-07-30T08:00:20-07:00,졸잼입니다,"과금없이도잘할수있고
계속업데이트도잘해주구요
템을 맞추는 시스템이
계속 반복이라 좀 채워가는맛이
부족한게아쉽네요",4
2018-07-27T18:37:12-07:00,그래 다 이해할게요,결장에서 칼리벨붕은 이해할게요 근데 브링어로 결장하다가 3단 찌르기 하면 맵버그 있네요 안움직여져요 찌르기로 가운데 나무에 박으면 안움직여요 다이긴거 지고 그러네요;;; 고쳐줘요,5
2018-07-25T05:46:36-07:00,스타팩,스타팩을 구매했는데 처리중이라고 뜨고 구입이 되지 않는데 해결좀요,5
2018-07-18T18:13:33-07:00,아니 ㅅㅂ 다운이 왜이렇게 느려? ㅈㄴ 답답하네,ㅇㅈ? 어 ㅇㅈ,5
2018-07-12T04:31:32-07:00,로그인 안됨,"로그인대기라고 계속 뜨는데 왜그런가요,,",1
2018-07-10T08:49:51-07:00,재밌게 하고 있어요,원래 pc로도 하던 적이 있어서 폰으로도 재밌게 하고 있어요. 그런데 다이아 결제를 했고 문자로도 5달러 해외승인 내용이 왔는데 게임 상에서는 다이아가 0개로 나오네요? 오류일까요?,4
2018-07-06T07:15:57-07:00,이 게임 재밌긴 한데,"렙업1에 요구하는 장비강화 그 2배 이상이고
미션, 퀘스트, 파티에서 공격하면 버그걸려서
뒤지고 장비 렙업하려면 미션 클리어. 기타 뭘 충족해도 부족하대 이거 고쳐라",1
2018-07-05T23:14:28-07:00,하지마셈 제발,개졷망겜,1
2018-07-04T00:36:53-07:00,뭐죠?,뭐죠 왜 결제를 했는데 제가 결제한 것보다 돈이 더 나가는 거죠?? 돈 다시 돌려주세요 그리고 일 처리 좀 똑바로 하시고요,1
2018-06-25T21:15:27-07:00,별1개도 아깝다,운영자체가 개 븅신들임 진짜 개발자든 운영자든 운영하는거든 보상이든 제제든 하나같이 다 머가리에 우동사리만 곱배기로 차있는 게임  신규로 시작하는 사람이 있다면 차라리 지뢰찾기를 하는걸 추천함^^,1
2018-06-17T23:13:37-07:00,업데이트하고나서부터,실행이안되는데 좀 고쳐주세여,1
2018-06-12T05:56:41-07:00,갑자기 실행안되요,"한달 넘게 이용하고 있는데 ㅡㅡ 급 실행 안됨니다 
충전한 다이아도 있는데  문제 해결 바랍니다",1
2018-06-06T14:28:31-07:00,팅김 때문에 걍 접어요,이건 무슨 보통 하루에 한캐릭당 일일과제하는데 한시간 정도 먹는데 10분마다 쳐 팅기니 나름 현질도 많이 했는데 너무 빡쳐서 리뷰 남기고 접을랍니다 ㅠㅠ,1
2018-06-06T09:06:48-07:00,결제 했는데 적용이 안됐어요ㅠㅠ,"모험가 패키지랑 탐험가 패키지 샀는뎅 ㅠㅡㅠ
결제만 되고 적용이 안됩니당
게임 잘 하고있어요~",5
2018-06-05T05:17:48-07:00,Pc로 재밌게해서 모바일 왔는데 서버 좀 열어주세요 ㅠㅠ,같이하던 친구들 다 제레인트 섭이라 섭 열리기만 기다리는데 빨리 하고싶어요 흑흑 ㅜㅜ,5
2018-06-05T01:29:15-07:00,계정틸퇴햇는데 왜요감이자꾸과금되요??,이것좀처리해줘요 벌써2달째인데 계속요금나가고 고객센터는 핫소리만계속하고잇고,1
2018-06-03T21:57:30-07:00,1서버에 캐릭터생성제한 풀어주세요,"1섭도 비슷하겟지만 날개사고싶은데 운이따라줘야하고통합해도 유저가 없는상황에서 제한까지 먹히니.. 할맛이 점점줄어듭니다..
생성제한 1섭제한풀어주세요..",1
2018-06-03T06:30:18-07:00,결장 밸런스 ㅇㅁ디졌네,결투장 밸런스 ㄹㅇ 좆같이한다. pc버전에서는 허리케인 댄스 시전할때 무적판정으로 하더니 모바일에서는 택도없냐 썅년들아. 개같은것들 내가 이래서 드네 접길 잘한거임.,1
2018-06-01T14:55:50-07:00,아이폰유저인데,충전을했는데 결제가완료되었다는 창이 떴는데 게임에서는 안들어오네요,3
2018-05-29T08:11:46-07:00,게임은 재밌으나 서비스는 별로임,3월 28일부터 약 두달간 재미있게 게임했는데 문의에 대한 성의없는 답변보고 게임에 대한 호감도가 급감소함. 게임 유지를 위해 바쁜건 알겠으나 서비스가 너무 별로임. 리뷰 안쓰는데 두달만에 리뷰 쓰게 만든 능력은 대단함,1
2018-05-28T01:38:11-07:00,제가 찾던 게임이에요,"화려한 그래픽하고 그런거말고 
동화같이 귀여우면서 키우는재미있는걸 찾았는데
해볼까하다 해보고 좀더 빨리 시작할걸그랬다고
생각드네요
아직 한지 얼마 안됐지만 재밌게 플레이할게요
감사합니다!",5
2018-05-25T00:46:48-07:00,그냥 아무거나 다 집어넣은 짬뽕게임,ㅇㅇ,1
2018-05-24T14:17:45-07:00,아크로벳좀 상향시켜주세요,이건 뭐 레이드도 안되고 결장도 안되고 진짜 캐릭중 제일 쓸모없는 직업인듯한 느낌이에요 하루에도 여러번 클래스변경하고 싶은데 좀 업데이트 해주시면 안되나요？ 그리고 결장 밸런스도 문제있는거 아닌가요？ 결장에서 실력보단 캐릭터의 클래스에 따라 너무 차이가 나는것 같은데요... 이러니깐 다들 보우마스터 하는거구나 라는 생각을 플레이 할때마다 느끼는것 같아요.. 내가 원해서 전직하긴 했는데 이건 뭐 근거리도 아니고 원거리도 아닌 것이 딜도 안나오고 탱도 안되고 스킬특성상 근접해서 사용하는 스킬들이 대다수인데 몸은 너무 약하고 딱 하나 쓸모있는 이속 버프는 지속시간이 15초에 쿨탐은 1분이고 2차 하면 다르겠지 하고 하는데 2차해도 차이는 없고.. 이러다 아처 아크로벳은 진짜 고인 될것 같아요 ㅠㅠ 조금있는 아크로벳 유저좀 살려주세요 （그냥 투정좀 부려봤습니다 항상 고생하시는 운영진분들 힘내세요）,5
2018-05-20T09:30:57-07:00,결투장,"1:1 결투장할때 렉이 너무 심해요
화면이 아예 3-4초씩 계속 멈춰서 짜증나서 못하겠어여

제발제발제발 확인하고 무슨 조치좀!!!!!!!!!
와이파이도 안쓰구요 아이폰8 최신버전이구요
엘티이밖에안써요 제발 확인좀;;;;;;;;;;",1
2018-05-19T10:53:48-07:00,사전예약 보상 주세요,용용이 이모티콘도 받았는데 왜 안줘요,3
2018-05-16T23:40:14-07:00,ㅋ,새서버에서겜하려하는데요 언제서버가나오나요?,5
2018-05-15T16:35:31-07:00,"렉,결장매칭",정말 처음나왔을때부터 하루도 안빠지고 열심히 하는 유저인데 결투장 중 렉으로 인해 패배한 게임이 30판은 넘는거 갔습니다.데이터나 와이파이 문제도 아니고 저랑 같이하는 친구도 같은 이유로 게임에 불편함을 겪고 있습니다 또한 결투장 매칭이 점수대에 맞는 상대가 매칭되는걸로 알고있는데 점수차 200점은 심하지않나요 그것도 연속으로 만나는건 뭐 이기지 말고 그냥 이점수대에 가만히 있으라는 소린가요 매칭기준을 다시 검토해주셨으면 합니다. 결투장하는 사람이 별로 없을때 점수대가 높은사람이 나올수도 있다 뭐이런 소리 들을려고 리뷰 작성한거 아닙니다.현실적으로 도움이 되는 답을 해주세요..,2
2018-05-15T00:50:59-07:00,용량이 부족해서 구매내역삭제해주세요,용량이 부족해서 구매내역삭제해주세요,5
2018-05-13T02:06:54-07:00,너무 재미써요 근데ㅠㅠ오류인고같아서,그 어버이날 선물이 위에 로딩만 계속 뜨고 한개도 못받앗거든여..?첨에는 온라인만 가능한건가햇는데 아니더라구요 지금 1일부터 한개도 못받앗어요 ..어떻게좀 해주세요ㅠㅠ,4
2018-05-10T18:55:29-07:00,지금 한창 하고있긴하지만,중복결제된거 문의 해도 답변 안 주고 또다시 보내도 결국 돌아오는 답변은 없네요 대체 어떻게 운영을 하면 그런거죠? 적어도 문의를 했으면 답변이라도 와야지 정상아닌가요???,1
2018-05-08T05:05:55-07:00,게임 밸런스 똥망,"과금유저고 사냥 콘텐츠가 적고 매일하는 퀘는 하나밖에없고 레이드는 전투력 한마디로 현질 많이한 사람들의 공간이고 무금유저들 현질유저에 의지하며 드네 레이드 돌게될겁니다.
그러다보니 공평전투 피케이인 결투장을 하는대
밸런스 똥망입니다
소서에서 어쌔 신캐나와 하다 결장 쓰레기라 아처로 옮겼는대 그것도 현질해서 클래스변경해서 두번했습니다 
답없어요 정신건강나빠짐
게임하다 이리 빡치는거 첨이네 ㅋㅋㅋ
영자한테 암만 밸런스 요청해도 대답없음 ㅋ",1
2018-05-06T10:27:36-07:00,재미있게 하고 있습니다,물론 과금을 해야만 참여할수있는 도박성 이벤트를 제외하면 이벤트라 할게 없는 것만 제외하고는 만족합니다. 그래서 별5개는 이벤트 없어도 잼있게 겜할수 있다는 점과 과금 없이도 잼있게 겜할수 있다는 점에서 드립니다.,5
2018-05-05T23:43:46-07:00,ㅉㅉ,"에휴 😩 겜은 잘만들었는디 계속 튕기넼ㅋㅋㅋㅋㅋ
패치나 해라 에휴",1
2018-05-05T19:54:35-07:00,결제오류,결제 했는데 돈은 나가고 구입이 안됐네요,3
2018-05-04T20:25:31-07:00,약간의 부탁좀 들어주셨으면 합니다,"지금 34소드마스터를 열심히 키우고있는
드래곤네스트에 푹빠진 한 유저입니다
처음에는 인내심을키우려고 한게임인데...
이렇게까지 하게될줄몰랐어용
시스템이나 이벤트도 다양해서 너무 좋구요
특히나 이벤트중에서도 길드기부라던가
서포트횟수충족하는 이런 이벤트 너무 좋은거
같아요 앞으로도 많은 발전기대합니다
이런글을 처음 써보는데 다른부분은 만족을하는데
아이템거래에있어서 좀 많은 아쉬움을 느꼈습니다 ㅠ
거래소에는 아이템이등록되는시간이 좀 딜레이가 되어
친구들이나 길드원끼리 아이템교환을하거나 월드메세지에
유저들이 필요로 하는 아이템을 사고파는거에 있어서
불편을 느낍니다 ㅠ 1:1아이템교환 서비스를 만들어
주십사하면서 첫 리뷰를 작성합니다",5
2018-05-04T07:03:06-07:00,지문인식도 안하고 왜 바로 결제가되나요?,"지금 당장 취소 신청합니다
바로해주세요.지금 당장",1
2018-05-04T01:44:12-07:00,결제가 참..,"아이폰유저이며 결제를 하면 결제만 되고 아이템은 들어오지도 않네요 벌써 몇번째에요 한두개는 바로 들어오긴 했는데 이젠 결제하는것 마다 미지급이네요.
구매내역과 결제영수증까지 첨부하여 문의해도 환불하라고만 하지 그 이상의 답변은 있지도 않네요..",1
2018-05-03T10:26:01-07:00,게임 거의 안 하는 편인데,요즘 출 퇴근에 이거 하느라 정신 없네요 ㅎ.. 유명한 게임 다 해봤는데 바로 삭제하는 편이었는데 이건 오래했네요. 다른 건 타 게임과 비슷하나 매칭 전투 같은게 정말 재밌는 것 같아요. 처음엔 그거만하고 던전같은거 안 들어갔는데 하다 보니 캐릭터에 애정생겨서 던전돌고 세트맞춰주고 하고 있네요. 다만 어비드나 네스트 횟수 구매제한이 없어져야 하지 않나 싶습니다. 날개구매 제한은 없는데.. 한시간도 안걸려서 진행하고나면 횟수가 없어서 할 거리가 없는 것 같아요. 일일미션(무한)으로 해서 횟수 늘리는 거라던가... 사용자로서 후딱 처리하고나면 할 거리가 없어서 종료하게 되는게 아쉽네요,4
2018-05-02T09:21:03-07:00,결제 두번 됐네요,결제 두번 됐어요 확인좀요 ㅡㅡ 짜증,3
2018-04-30T18:05:18-07:00,게임내 아이템 결제요,게임내 탐험가 아이템 결제를했는데 돈은 두번이나 나갓네요ㅡㅡ 한번 나간거 취소해주세요 빨리요,1
2018-04-29T07:12:03-07:00,에혀,"역시 뒤에m 자 들어가는 게임은 그냥 쓰레기통으로.

아케이드 게임사인 돈슨, 돈마블 보다 못한 퀄리티, 자동모드 진행시 타겟팅 문제로 스킬 허공에 사용

이게 게임인가? 한시간하다 타겟팅 밸런스 문제로 탈퇴 후 지워버림. 별한개도 아깝다",1
2018-04-24T15:44:38-07:00,로그인,어제밤에레벨35였는데 아이디가 로그아웃된것도아닌데 아디초기화된건 왜그런거죠..,5
2018-04-23T09:34:02-07:00,여러가지 콘텐츠 재미는 있어요,"재미는 있는데 아카데믹 직업군 끊기는거 업데이트가 안되나요? 보스러시나 월드보스 뭐 다양한 콘텐츠에서 잠깐 버퍼가 걸리는 듯 하면 죽어서 끝나있거나..
재미도 떨어지고 매번 튕기고 끊기고 짜증납니다",3
2018-04-21T06:14:40-07:00,ㅓ누너오나,노노오야,5
2018-04-20T00:03:58-07:00,로그인이 안돼요..,"해외유전데 한국서 쓰던 카카오톡 계정으로 접속해서 게임 시잣한지 3 일째인데, 오늘 게임,켜니 로그인이 튕겨져있어서 카카오 아이디 넣고 로그인 시도하면 자꾸 처음 타이틀 화면으로 돌아가네요. 저만 그런가요. 아이패드 프로로 게임 접속하는 중 입니다..",3
2018-04-19T13:19:18-07:00,특별한 선물에 모든용사혜택 중복결제된거같습니다,"확인하시고 환불부탁드려요
10서버 노소환기마장인. 입니다",1
2018-04-18T21:13:19-07:00,화면꺼짐 현상잇네요...,"갑자기 화면 꺼짐 현상이 생기네요 ..
다른것도 그러면 폰문제인데 이것만 그러니 ..
에휴...",1
2018-04-18T19:00:03-07:00,기대감이 컸나..?,"분명 잘 만든 게임이라고 생각하지만...
이 게임은PC에서 즐겨온 사람들이 많을거라 예상합니다. 분명 드네가 출시됬을 때 1인칭 느낌의 조작방식과 아기자기한 케릭터가 돋보였기에 드네만의 신박한 재미가 있다고 생각했는데

사실상 이 게임은 그런 드네만의 매력을 버린 요즘 잘 만들었다는 모바일 RPG게임과 겉보기의 차이점을 느끼기 힘듭니다.

잘 만들었는데.... 뭐랄까.... 분명 모자람 없는 게임인데 케릭터의 그림체도 뭔가 흔한 RPG게임 같고...

기존 드네만의 매력을 내려놓았다는 점에서 아쉽습니다....

다시 한번 말하지만 잘만든 게임이기에 조용한 박수를....👏🏻...",3
2018-04-18T05:08:27-07:00,용량이...,용량 크기가 어마어마하네요;;;,4
2018-04-17T13:47:32-07:00,결투장밸런스 개쓰레기,직업별 밸런스하나도안맞고 상성이 정해져있음 전투력이 똑같아지면뭐함? 운영진들 게임안해보나 어느직업이 어느직업만나면 손가락5개인이상 절대 못이기는 직업차이가 존재하는데 패치안하고 그대로두네,1
2018-04-16T09:36:19-07:00,결제오류에 대해서,5만원치 다이아 결제했는데 다이아가 안들어와요 하루종일 미치겠어요 돈은 빠져나갔는데,5
2018-04-15T09:41:16-07:00,게임은 재밌게 하고있어요,"나름 즐겨하고있습니다  과금유도가 조금심한거빼면요
충분히 무자본으로 투력은 올릴수있어요 다만 컨텐츠를 별로 즐길수없는게 흠입니다.
과금도 중과금 소과금도아니고 기본150은잡고 하셔야 컨텐츠를 즐길수있다고 생각하시면 됩니다.",3
2018-04-14T00:02:28-07:00,아굳굳,"이미완상된게임을 모바일로가져오다보니
스토리도 구성이좋고 모바일게임의 단점이였던 신규 스토리 레벨 업데이트등을 상대적으로 걱정하지않아서 너무좋네요 스킬창이너무 부족하고 조금더 기존 드래곤네스트처럼 점프를해서 독을피하는 등  보스몹의 패턴이 좀더 다채로웠으면해요 그리고 네스트같은 경우도 큰 맵안에서 좀더 많은인원수와 파티를할 수있는 환경이 이루어지면 좋겠네요~",5
2018-04-13T19:08:34-07:00,충전,"아이폰인데 충전결제까지됐는데 다이아가 안들어왔음 문의했는데 취소하란말뿐; 
구입목록 들어가서 취소를 했는데 계속 오류가떠서 동영상 촬영 첨부 후 문의했으나 답변없음;",1
2018-04-12T06:49:46-07:00,최소한 렙이라도 좀 수월하게 올릴 수 있었으면..,"재미는 있으나  30중반부터 렙 올리는게 한 마디로 표현하면 지랄이다..스토리진행을 위한 메인던전은 레벨업에 하등 쓸모가 없는 수준으로 경험치를 주고, 어비스는 기본횟수가 6번이고, 레벨업이나 전투력 상승은 과금러를 따라갈 수 없고,,과금도 적당히 비싸야지 너무 가격을 높게 해놔서 가볍게 지를 수가 없으니. 2차 전직 해보기도 전에 지쳐 떨어져 나갈 듯 ;;;큰손과금러에게만 신경쓰다가 큰코다칩니다;",3
2018-04-11T18:42:27-07:00,재미는 있는데,"레벨업 너무 막혀요..;
37쯤 되니까 하루에 1업도 안 됨;;
만렙이 90넘는 것 같던데 많이 봐줘서 40부터 2일에 1업으로 쳐도 90까지 100일은 걸리네요 이거 진실???^^;;;;;;;;;;;;",3
2018-04-11T08:45:46-07:00,운영좀 해라,"서버 관리 안하시나요? 그냥 관심이 없으신가요? 돈을 벌었으면 관심을 갖아줘야죠.. 무슨 롤이나 배그처럼 인원수가 넘치는 것도 아니고 영지 쟁탈 하나를 모든 인원들이 못들어가나요? 관심좀 갖으세요..

신화와 1st 전설 길드는 영지 쟁탈 상대로 신청한 사람이 없어서 그냥 다음 영지를 먹었는데... 다른 사람들은 뭡니까..? 아무도 못들어가서 상대와 영지 싸움해서 먹어야하는데 못 들어가서 아에 먹지도 못하고.. 근데 이미 3개의 길드는 하나씩 먹었고.. 근데 이걸 보상으로 해결 가능할까요? 1000다이아 2000다이아 5000 10000다이아 줘도 나갈 사람은 나갑니다. 왜냐하면 공평하게 고치실거면 이미 하나씩 먹은 3개의 길드를 다시 초기화 시켜서 목 먹은거로 해야하죠. 그렇다고 초기화 한다고 3개의 길드가 가만히 있으겠습니까? 에초에 서버 운영을 제대로 했으면 이런 일 발생 안하잖아요. 다른 서버들은 되고 6서버와 다른 하나의 서버만 문제 있다고 하는데 그럼 이건 시스템 오류도 아니고 그쪽이 관심이 없었던 것이잖아요. 에초에 문제가 생겼으면 아무도 영지 쟁탈 못하게 닫으던가를 해야지.. 관심이 없으니 하지도 않고 ㅋㅋ 누군 먹고 누군 들어가지도 못해도 상관없다... 말도 없고... ㅋㅋ 개떡같이 운영해서 돈 벌었으니 좋겠네요? 미안하다면 제가 결재한거 다 환전이나 해주세요. 이미 6서버는 사람들이 빡처서 망했으니까요.

업데이트: 일땀 답장 주신 부분에 대해서는 감사드려요. 하지만 보상이 왜 이럽니까? 차라리 보상을 안받고 영지 쟁탈 문제 발생 전 상태로 바꿔주시길 원했습니다 ㅋ. 아무튼 문제가 또 안생기게 열심히 하신다고 하셨는데 또 생겼죠? 길드 아레나는 이번에는 어떻게 하실겁니까? 영지 쟁탈떼 상대할 길드가 없었기에 영지를 먹은 길드들은 길드 점수도 올라가고 매일 훈장이 나옵니다. 제가 부길드장인 길드는 뭡니까? 죄송하다고 하시는데 이게 바로 나비 효과 아닙니까? 운영 이렇게 하실겁니까? 이게 라땀 항공사와 다를게 뭡니까? 비행기 취소 됬는데 취소 된것에 대한 안내문도 고객들에게 보내지도 않고 불만있는 고객들은 신경도 안쓰시고 ㅋ. 돈만 벌면 됩니까? 물론 그쪽에게는 돈만 벌면 다겠죠. 운영을 개떡같이 하시니 ㅋ.",1
2018-04-10T03:28:31-07:00,엔지니어 피드백,해본 결과 엔지니어 소환수 이동속도가 다소 낮아 던전에 도움이 되지않는 경우가 너무 흔하네요 pve이동속도를 개선해주고 pvp에서는 지금과 같이 하셔도 될거같습니다,2
2018-04-09T16:58:19-07:00,pvp에서 개선 해야 될것이 많은것 같습니다,"질것 같으면 도망 다니고 거너는 도망만 다니고 소환물로만 싸우는데
저는 소서러 유저이며 빙결을 지로 했습니다 그런데
어둠 빛 마법사도 장거리가 되는데 빙결 스킬은 다 코앞에만 떨구는 스킬들이라 pvp도 함들고 샤냥시 컨트롤 높긴한데 마법면역으로 동상도 안걸리는데 왜 빙법을 만들었는지 모르겠네요
그냥 노과금 유저의 한탄 입니다 ㅠㅠ",1
2018-04-09T15:33:55-07:00,완전 추전 게임,출시되자마자 플레이를 해봤는데 정말 5종류의 다양한 직업이 있고 플레이하기 좋구 재미있는 것 같습니다 꼭 한번 해보시면 후회 안하십니다!!! 조금 아쉬운 점이 있다면 하루에 일정 퀘스트량이 너무 적은 것 같습니다,5
2018-04-09T03:50:15-07:00,개발자님 봐주세요,그 대포 쓰는 여자캐릭 스킬중에 서먼 알프레도라는 스킬이 있잖아요. 결투장에서 이 스킬을 쓰다보면 정말 현타 올때가 많아요...메카덕은 적을 잘 쫓아다니는데 얘는 가끔(한5경기중 2경기 빈도)가만히 서서 멍만 때립니다...심지어 걸어가는 도중에 나무가 있으면 돌아가긴 커녕 나무랑 몸에 대화를 나누더군요.부들부들가리면서...이 점은 꼭 점검 때 고쳐주셨으면 좋겠습니다.다른 게임에 비해 완성도도 높고 컨텐츠도 다양해서 아주 만족하고 싶었으나 위에 것처럼 사소한 문제가 아직까진 있네요. 빠른 시일내에 더 재밌는 드네M이 되었으면 좋겠습니다. 개발자님 힘내세요!,5
2018-04-08T23:13:50-07:00,첫구매 결제 오류,"첫구매 결제때문에 구매햇는데 날개,다이아 아무것도 안주네요 돈만 딱 빠져나가고 오류인가 싶어 재접속 3번햇는데 그대로네요 빠른 조취 부탁드립니다",1
2018-04-08T03:29:57-07:00,아처 결투버프점…,"이건머 워리어만나면
암것도못하네…
경직좀안되게해주소
빡쳐서 못하것소…",3
2018-04-08T01:01:00-07:00,블루투스 이어폰 소리 안들려요,블루투스 이어폰 연결해서 게임만 켜면 소리가 안들리고 스피커로 변환되요~문제 해결해주세요,4
2018-04-07T19:56:57-07:00,재밌습니다 rpg게임 즐겨하는 유저로써 ^^,"전 지금 레벨 34로 수많은 rpg 게임을 했습니다 
자동 게임이 싫어서 전적으로 수동으로 하고 있습니다 아마 만렙까지 할것 같네요
개인적인 생각으로는 왕 추천 합니다 
즐겁게 할수있는 게임이 있어서 좋습니다
화이팅 입니다 ^^",5
2018-04-06T23:08:18-07:00,재미는있는데,전투력올리는게 무과금으로는 너무힘드네요 패키지도 어느정도가격이어야 과금할마음이나는데 너무비싸고 다들 과금유저에 전투력은 잘 안오르고... 무과금은 36레벨부터 네스트돌기힘들어지네요 이런짜증나는마음으로 과금하기도싫고 저는 접겠습니다,2
2018-04-06T22:24:41-07:00,벚꽃셋트 구매했는데,돈만 나가고 들어오질않네요 템들이,5
2018-04-06T06:39:18-07:00,아이폰X 화면 맞춰주세요!!!!!!!,"아이폰X화면이 꼭 안차게 나와서 불-편 하네여,,, 화면 꽉차게 만들어주세여,,ㅠ😭",5
2018-04-06T04:51:31-07:00,결제가 두번되었습니다,결제가 두번되었는데 드레곤네스트 고객센터에선 아이튠즈로 결제취소요청을 하라고하는데 뭐 어떻게 하라는겁니까 ㅡㅡ,1
2018-04-05T15:29:18-07:00,전사가 법사보다,딜레이가 느림 ㅋㅋ,1
2018-04-05T06:53:47-07:00,게임은 재밌고 다 좋아요 근데,"벚꽃패키지 곰돌이...어떻게 좀 해주시죠 얼른.. 
정말 잘만든게임인데 요기서 아쉽네요",5
2018-04-04T23:51:08-07:00,조작이 어려워요,공격 방향이 항상 앞이 아니라서 몬스터가 앞에 있어도 옆에다 스킬을 쓰곤 해요 타게팅이 정면으로 됐으면 좋겠네요 그리고 벽을 등 지면 180도 회전해서 반대로 보여주면 좋겠어요 갑자기 시야 좁아지고 몬스터에게 둘러 싸여요,3
2018-04-04T21:36:58-07:00,이게 게임이냐....,타격감 똥이라 디아블로보다 졸려서 지운다,1
2018-04-04T20:46:29-07:00,결제에 관하여,쓰는폰이 아폰이구요 충전도하고 32까지 찍고 재충전하려는데 전에 결제 미완성이 뜨더라구요 결제 업데트 하라고 그러는데 업데이트도 안되고 전에 결제한거 다른방식으로 해결해주면 안될까요 가상계자나 다른결제방법이 없나요?,5
2018-04-04T20:24:30-07:00,굿굿,"짱 재밌다
적극추천 ❤️❤️❤️❤️❤️❤️",5
2018-04-04T19:31:20-07:00,Pc드네 느낌남,계속 붙들고 게임안해도 되어서 좋네요,5
2018-04-04T19:25:27-07:00,좋아요,"그래픽도 괜찮고 지루할틈이 없네요
온라인때부터 계속 해왔는데 기대를 저버리지 않네요~",5
2018-04-04T17:57:24-07:00,환불처리좀 부탁드려요,스타팩 구매했는데 다이아 한개조차 받지않았어요,5
2018-04-04T17:16:18-07:00,PC판 유저로써 실망입니다...,"일단 그래픽, 이펙트, 색감. 
드네에서 가장 중요한 부분이라고 생각하는데 원작에 비해 아트웍 관련이 전부 다 후달리네요... 
열심히 따라한 흔적은 있습니다만 원작만 못하네요... 
원작 3D모델러 데려와요 ㅠㅠ 

심지어 UI도 별로... 유치하고 알아보기 힘듦. 
전체적으로 흐리멍텅한 우유탄듯한 색감도 너무 별로... 
미적지근 기분만 나쁘고 예쁘지가 않아요.
원작 색감 반도 못따라가네요. 
그래픽팀장이 색맹 아니면 색약인가봄. 

캐릭터 모션은 괜찮은데 타격감은 아쉽고... 
이펙트가 후달려서 그런가... 

원작 PC판을 정말 오래동안 했던 골수 유저인지라 기대가 컸는데 ㅜㅜ
아니 그후로 시간이 얼마나 흘렀는데, 원작만 못한 게임이 나오는겁니까... 
그래픽이라도 그대로 이식해주지... 
그럼 보는 맛으로라도 할텐데.",1
2018-04-04T07:02:06-07:00,처음 해봤지만 재밌음,제가 이 게임 처음 해보는데 제 취향의 게임 방식이어서 정말 좋았습니다,5
2018-04-04T02:57:50-07:00,이 좋은 게임을..,"어떻게 중국 양산냄새나게 만듭니까
너무하네",1
2018-04-04T02:24:53-07:00,이종석 보고 깝니다❤️,원래 게임 잘하는 편이고 좋아하는데 제가 젤 좋아하시는 이종석을 광고모델로 쓰시다니 현명한 선택이십니다..❣️ 흐흐 열심히 플레이 해야게따,5
2018-04-04T00:46:38-07:00,개잼,와 야 이거 해라 얘들아 나 rpg 졸라싫어하는데 이게임 개재밋노 두번하셈 ㄱ ㄱ,5
2018-04-03T20:06:46-07:00,서버터진건가..,왜 카카오 접속이 안된다고 나옴???,2
2018-04-03T20:04:34-07:00,게임 실행시 카톡 로그인 안되는 중,게임 실행 시 메인 화면에서 카톡 로그인 대기중 이라는 메시지와 함께 무한 대기되고 있습니다. 앱 재실향 해봐도 마찬가지고 네트워크 변경해도 마찬가지네요. 카톡 인증 문제없는지 확인 좀 해주세요,3
2018-04-03T19:57:14-07:00,개임에접속이되어야 하지요,서버가포화상태라고해도 이건뭐 이벤트시간은4분남았는데 들어가려고해도계속 접속이안되고 하라는겁니까...,1
2018-04-03T19:51:05-07:00,카카오로그인 에러,갑자기 카카오로그인 에러나서 로그인 안됨 나만 그런거임?,1
2018-04-03T15:33:49-07:00,문의드립니다,"현재 스타터팩 앱으로 구매하였습니다
결제 완료 문자까지 왔는데
정작 게임상 스타터팩은 구매가안되어있네요
확인 한번 부탁드립니다.
아래는 문자 온내용 복붙입니다.

NH카드3*3*해외승인
신**
USD 19.79 체크
04/04 07:17
ITUNES.COM/BILL",4
2018-04-03T11:19:09-07:00,재미잇네요,근데 게임하면서 물약좀먹게해주세요 레이드 세번째 단계부터 너무아픔 레알,5
2018-04-03T08:14:06-07:00,처음해봐요 !,진짜 재미있어요 ! 다른 게임들과는 다르게 쉽게 안질리는게 너무 좋네요 ! 꾸준히 레벨 올릴려구여 게임 너무너무 재밌어요 감사합니당 （╹◡╹）♡,5
2018-04-03T03:58:56-07:00,너무 실망함...,"PC 버전 처음부터 했고 만렙 풀릴때마다 만렙찍고 했던 유저인데 너무 실망이네요...

첫날엔 렙 24,25 찍음 그담부터 할수있는것도 없고..

렙이 안되니 할수있는 컨텐츠도 너무 제한적...",1
2018-04-03T02:16:12-07:00,아니 생제를 걸어놓으면,친구랑 추천해줘서 게임해보려는데 친구 서버에 생제를 걸어놓으면 어떻게 하란거죠?,4
2018-04-03T01:06:45-07:00,재밌어요~~~!!,"아이패드로 하는데 잘 돌아가구요, 게임도 재밌어용
 친구가 하길래 같이 할까싶어서 받았는데 제가 더 열심히 하네요ㅋㅋㅋ
예전에 피씨로 할 때 생각도 나고ㅎㅎ 
과금 많이 하지 않아도 즐길게 많아서 참 좋네욤!",5
2018-04-03T01:00:13-07:00,귀엽고 아기자기해요,"캐릭터들도 다 개성있고 귀엽고, 조작법도 쉽네요! 그런데 갈수록 레벨업이 너무 힘들어요ㅠㅠ 날개도 너무 많이 들고... 
그래도 메인퀘스트 말고 일상퀘스트들도 많아서 꾸준히 접속해서 즐길만한 컨텐츠가 많은 것은 참 좋아요. 
정말 기다린 보람이 있네요^^! 
앞으로 재미난 업데이트 많이 해주세요!!",5
2018-04-03T00:30:28-07:00,깜찍이곰,"합성 안되나요? 문의를해도 피드백도없고ㅡㅡ
벚꽃날개는 나오지도않고
깜찍만 중복 겁나뜨고; 합성도 안되고
깜찍+깜찍=깜찍 이런식으로 코튬 합성패치좀요",3
2018-04-03T00:10:19-07:00,게임은 재미있으나...,서버 내 사람들이 많으면 결투장이나 파티 퀘스트에서 렉이 걸려요 제발 해결좀 시켜주세요. 플레이하는데 신경 엄청 쓰여요.,4
2018-04-02T23:23:45-07:00,캐릭터 생성 제한,친구들보다 먼저 시작했는데 캐릭터 생성제한때문에 친구들이랑 같이 하지도 못하고 문의해봐도 똑같은 대답만 오고 그냥 접을까 생각중입니다 맛보기로 하고 접은 사람이 반일텐데 생성 제한을 걸어버리면ㅋㅋㅋㅋ 자폭하시는 거라고 생각하구요 딱히 이 게임을 계속 해야하는 이유도 없고 며칠내로 생성 제한 안풀리면 그냥 접고 다른게임 하겠습니다.,1
2018-04-02T22:39:30-07:00,신용카드로결제,"분명히4월1일날 3.29달러짜리구매했는데요

왜 6.58 달러가결제되었나요?? 나머지금액환불해주시죠 .....",1
2018-04-02T19:07:07-07:00,5서버 33레벨꺼지하다 삭제햇어요,영웅전장 너무 변태스럽네요~ 이기기커녕 질수바께없는원인 개인매칭에서 썬사람만 가치 매칭데요 이거 는 질수바께 없는거죠,2
2018-04-02T16:42:42-07:00,계정이 날아갔네요;,"게임 어그제 시작해서 이제막 10정도키워놓는데 오늘들어가니까 캐릭터가 삭제되어있네요;;
재미들려서 막시작하려던참에 기분인좋아져서 그냥 그만둡니다;;",1
2018-04-02T13:54:46-07:00,ㅜㅜ,"피씨도 하고 모발도 하고 파판도 하니까 아덴 나한테 상장줘야해여ㅠㅠㅠ진자 내가 1주년쯤 부터 지금까지 창문 세개달아줌ㅜㅜ
흐흑 너무 조아 드네 클ㄹ ㅔ릭 최고야ㅜㅜ짜릿해",5
2018-04-02T09:55:23-07:00,꿀잼파티자너,그래픽도 그렇고 완전 드네랑 같음 너무 재밋게하고잇어요 ㅋㅋ 날개 더주세요!,5
2018-04-02T09:35:38-07:00,결투장 밸런스 개노답,소환사 만나보기 전까진 결장 재밌었음..소환사 결장 무엇??몹 소환해서 탱킹+딜 시키고 지는 무한 스턴 먹임 ㅋㅋㅋㅋ 이게 뭡니까?소환사 스턴쿨이 몇이길래 캐릭이 움직이질 않네요 ㅋㅋㅋㅋ결장 밸런스만 맞추면 갓겜이겠지만 결장 너무 노답이라 겜 지우렵니다 무조건 소환사 아니면 법사 궁수밖에 답이 읎어요 근캐 좋아하는 사람은 결장 불가능한 겜..,1
2018-04-02T08:55:39-07:00,컨트롤 게임 신선했으나,고객센터 직원 없나봄 중요한 돈이 걸린 충전오류에 대한 문의 답변 일체 없음 이런게임 접음,1
2018-04-02T07:32:28-07:00,스타터펙 결제 2번됬어요 환불해주세요 하나,결제 렉걸려서2번됬네요 정말 재밌어서 하나 질러봤는데 이런식이면 안되죠... 하나 환불해주세여 ㅠ,5
2018-04-02T06:19:52-07:00,지불문제 해결좀해주세요,"게임 너무 재밌게 플레이중입니다
너무 재밌어서 재데로 할려고
십불짜리 다이아를 구매했는데 들어오진않고
결제만됬습니다
빠른 확인부탁드립니다..그리고 확인즉시 환불요구부탁드립니다 ㅠㅠ",3
2018-04-02T02:25:32-07:00,건의사항입니다~,"웹겜 드네도 오베부터 했던 유저인만큼 애정넘치게 플레이 중인데요 네스트와 전장에서 매크로(집합표시나 힐, 정지 표시)를 추가해주시면 더 좋을것같아요 음성은 조금 거부감이 들어서 더 간편하게 팀플레이를 할 수 있을 것 같거든요 게임은 콘텐츠도 많고 시간가는줄 모르고하고있어요~",5
2018-04-02T00:18:33-07:00,서버확장,"서버확장좀 해주세요. 
서버3들어가고싶은데 신규서버만 확장하지말고
기존 서버를 확장해주셔야죠",3
2018-04-01T21:21:55-07:00,네이버 웹툰 광고에서,"5레벨만 되도가 아니라 돼도예요......
제대로 써주세요.",1
2018-04-01T18:22:57-07:00,꽤 괜찮네요 굿게임,오래 할려고 프리미엄 3개 + 스타팩 지르고 시작했어요,5
2018-04-01T08:57:57-07:00,할만한데여?,나름 재미가 쏠쏠함!,5
2018-04-01T04:00:06-07:00,Pc 팔라 유저였는데,"아기자기한 캐릭과 컨트롤에 
화려한 이펙트와 애니메이션까지
정말 재밌게 즐겼던 게임이라
이번엔 m버전에서 
다시 팔라 키우로 갑니다",5
2018-04-01T02:20:55-07:00,만족스러워요ㅠㅠ,이렇게 순수하게 재밌는 게임 진짜 오랜만이네요ㅠㅠ 난이도조절도 맵마다 적절하게 잘 해두신거같아서 정말 만족스러워요 근데 맵 더 언제나오나요ㅠㅠㅠㅠ슬슬 맵 다 깨가는데 얼른 많이많이 나와서 오래오래하고싶습니다 빨리 업뎃해주세요!!,5
2018-04-01T00:58:07-07:00,은근 중독성이 쩜 ㅋㅋ,아이폰에서 잘돌아가고 최적화 좋음 ㅋ,5
2018-03-31T20:34:23-07:00,진짜 갓겜!!!!!,옛날 생각도 나고 폰으로 되서 랙도 많이 걸릴줄 알았는데 랙도 거의 없고 옛날에 pc로 해서 집에서 하거나 pc방 가야됬는데 이제 어디서나 할수있어서 너무 좋아요!이거 진짜 신이 만든 게임!,5
2018-03-31T13:00:44-07:00,이모티콘,이모티콘 안들어오는데여 레벨 5 넘었는데,1
2018-03-31T07:04:51-07:00,재밌어요! 개선할 점이 있다면...,"전체적인 이벤트의 참가 횟수가 적은거같아요 ㅠㅠ
날개 소모두 엄청 빠른거같구...
새벽 5시에 리셋이 되고 나도 금방 끝나버립니다..
캐나다에서 하다보니 오후 네시는 되야 리셋이 되는데
감질맛난달까요....??? 그래도 정말 재밌게 플레이하고 있습니다 ㅋㅋㅋ 화이팅!!😆",5
2018-03-31T06:49:48-07:00,벚꽃세트 구매,"벚꽃세트 구매했는데 결제는 완료되고 ,
벚꽃세트 보상은 하나도. 안들어오네요
확인 부탁드리며 , 템 안 보내주실시 환불 부탁드려요.",1
2018-03-31T06:29:47-07:00,드래곤네스트 모바일...,"평점 낮게드리고 싶은데 1개 드리면 리뷰 안보일까 5개 드렸습니다..
아기자기하고 과거 pc드래곤네스트 했던 추억때문에 사전예약도 하고 게임도 해봤는데
모든걸 다 떠나서 타격감 하나때문에 시작하고 바로 지웠습니다..
모바일 특성상 pc만큼의 타격감을 기대하긴 어렵다해도 너무하다 싶을정도네요..
클레릭 공격하는게 무슨 솜뭉치 나가는것같고..
추억하나에 기대어 플레이하기엔 너무 형편없습니다 제 기준엔....",5
2018-03-31T05:51:45-07:00,보스전에서 카메라 변경이안돼여,"3d +카메로 쓰는데
보스전만 되면 시점이동이 고정이되네요 수정해주세요",5
2018-03-31T04:19:01-07:00,내돈 내놓으세요,첫충전하면 날개준대서 결제하니까 팅기더니 돈만 빠져나가서 돈버린셈치고 다시하니까 또 돈만빠져나가네요.,2
2018-03-30T14:24:22-07:00,재미있어요!,다만 날개가 너무 모자라요 ㅠㅠ,4
2018-03-30T11:49:38-07:00,밸런스붕괴,"한마디로 밸런스 붕괴
pvp는 뛰어난 편이나
몬스터나 보스가 스킬을 5~7초마다 쓰는데 몇대맞으면 죽는건 이겜이 처음
어렵다더니 이정도일줄은..몰랐다",3
2018-03-30T04:39:20-07:00,짱 재밌어요!!,전에 pc로도 재밌게했었는데 모바일도 재밌네요!!ㅎㅎ 근데 할수 있는 맵이 적은거같아요ㅠㅠ계속 횟수제한이나 렙제한거려서..같은 맵이라도 난이도 조정해서 도전할 수 있게 해주시면 좋을꺼같아요!!ㅎㅎ,5
2018-03-30T01:50:57-07:00,아이폰 다운로드가 안되네요,일부 기종에서 안되는건지 전 안되네요,1
2018-03-30T01:25:46-07:00,엘리지존,엘리지존 엔제리가 간다,5
2018-03-30T00:42:57-07:00,너무너무 재밌습니다!!,제가 찾던 그런 게임입니다! 조작도 쉽고 편리하며 여러가지 기능들이 있어 지루할 틈이없고 시간 가는줄 모르고 계속 즐기고있습니다 ! 추천 추천 왕추천입니다,5
2018-03-29T21:33:43-07:00,아이폰X 해상도 미지원 실망,"최신 게임들 모두 아이폰X 해상도 풀스크린을 지원하는데 정말 실망입니다.
옛 생각에 다운 받아서 게임을 진행해 보았으나
역시 옛 기억은 기억으로 남기는게 좋다는 결론에 바로 게임삭제를 했습니다.",1
2018-03-29T20:30:07-07:00,결제를 햇는데 다이아가 안들어와요,다이아도 안들어오고 첫충전보상도 안들어옵니다 확인좀 해주세요,5
2018-03-29T19:05:55-07:00,오랜만에 수작을 만났네요,"현존하는 모바일게임중 최고가 아닐까 싶습니다

다만 그래픽은 조금 아쉽긴해요",5
2018-03-29T17:35:36-07:00,무슨일???,예전 드네는 정말 획기적일 정도로 너무 예쁘고 재밌었는데.. 아트가 퇴보한 느낌이네요.. 예전 중국 웹게임 같은느낌이 너무 강해요.. 모델링은 그렇다치고 기존의 드네 이펙트에 비해 이번 이펙트는 가히 충격적으로 구려요... 비슷한 느낌의 엘클로니클만 봐도 진짜... 아이피빨이 있어서 괜찬아보이는데.. 신규유저나 드네 처음 접하는 사람에게는 구리다는 생각을 지울수가 없네요.. 예전 드네 만큼은 아니라도 좀 퀄좀 올려주세요...,2
2018-03-29T17:07:17-07:00,게임은 괜찮은데,어제 저녁에 충전을 했는데 다이아 아직 까지 안들어오는 상황은 머죠 빠른조치좀 돈은 빠져나간상태고 그래서 아침에 다시하니까 이번엔되고 어제꺼 돈 환불해주시던가 조치를 좀 빨리부탁드립니다,4
2018-03-29T16:13:21-07:00,?,아이폰 8플 사용잔데 다운로드도 안되는데 어떻게 합니까 ㅡㅡ,1
2018-03-29T09:27:25-07:00,재밌어요,드래곤네스트 온라인에서 테스트 서버로 나왔을 때부터 꾸준히 해왔던 유저입니다! 이렇게 모바일로 다시 만날 수 있게 되니 꿈만 같네요!! 엄청 재밌습니다 다만 네스트 횟수가 너무 부족한 것 같고 날개도 조금 부족한 것 같습니다. 날개를 구매하는데도 부족하다고 느꼈어요 (아마 그만큼 제가 이 게임에 푹 빠져버려서 그런거겠죠 ㅋㅋㅋ!) 정말 미쳐버릴 것처럼 너무 재밌어요 콘텐츠도 다양한 것 같고 10년이고 20년이고 여러 사람들에게 꾸준히 사랑받는 게임이 되었으면 좋겠네요! 개인적으로 정말 정말 스토리 성우 스킬 콘텐츠 전체적으로 1000% 만족하던 게임이라 오래오래 재밌게 꾸준히 할 수 있길 바랍니다. 모바일 출시해주셔서 감사해요!!!,5
2018-03-29T09:22:30-07:00,후기,난 재밋다 피브피도 보정처리라 과금러들만의 리그 아니라 재밋고 일하는 사회인이라 몇시간씩 붙잡고 잇지 않아도 되서 재밋고 렙업 할수록 슬슬 컨트롤 하는 맛이나서 재밋고 옛 향수에 빠져들어 좋다,5
2018-03-29T09:03:06-07:00,게임 재밋게 하고잇습니다🎮🎮,"근데 조작이 조금 불편하네요
조이스틱 조정같은거 잇으면 재밋게 즐길수 있을거 같네요 업데이트 부탁드립니다^^",5
2018-03-29T06:55:16-07:00,사전예약해도 캐릭도못만드네 나참...,운영보소...,1
2018-03-29T06:01:22-07:00,완전 개꿀잼 !,너무재밌어서 시간가는줄몰라요,5
2018-03-29T05:53:07-07:00,날개,날개가 너무부족해서 레벨올리기가너무힘들어요,4
2018-03-29T05:49:14-07:00,완전 재밌어요,"다 좋은데 자동으로 해놨으면 좋겠다는 의견입니당
너무너무 재밌어요 ^^",5
2018-03-29T05:36:04-07:00,아이패드 화면,"위 아래 잘리네요..
조작하려면 엄지 손가락이 길어야할듯..
금방 짜증나서 지울듯",3
2018-03-29T05:19:42-07:00,다운도안되냐,"이런 게임 왜만들었지 
카카오게임이란게 이해가안갈정도네",5
2018-03-29T04:00:05-07:00,도와주세요,"아이폰 6s 11.2.6 버전 데이터 와이파이 모두 다운이 안 되네요 너무 하고 싶어요
——————————————————
연결 됐었던 와이파이가 불안정 했었는지 집에 가서 와이파이 연결하니까 잘 되네요",5
2018-03-29T03:56:12-07:00,ㅇ,너무너무 재밋습니당!,5
2018-03-29T03:03:12-07:00,재밌어요,예전 드네의 추억이 떠오르네여 ^^,5
2018-03-28T23:48:11-07:00,향수를 불러 일으키는 게임입니다.,"조작감도 괜찮고 드네의 아이덴티티를 잘 계승한 게임입니다.
재밌게 즐길게요!",5
2018-03-28T23:16:37-07:00,플레이 해보고 싶은데....,서버 제한이 걸려있네요? 서버 제한 풀 계획은 없으신가요?. 친구와 하기 위해서 다른 서버 안 키우고 기다리고 있는데 오픈 한지 얼마 안된거 같은데 벌써 서버 제한은 쫌.. 기다려온 유저로써 당황스럽습니다. 계획 좀 알려주시고 플레이 전이지만 별 5개 남깁니다.,5
2018-03-28T22:09:36-07:00,피시겜과 모바일겜의 균형을 잘 맞춤..,넘 잼남,5
2018-03-28T16:13:28-07:00,타격감 무엇...?,그냥 동그란게 나가서 비누방울처럼 뿅뿅뿅... 나 중대장은 실망했다,1
2018-03-28T07:55:24-07:00,정말 전형적인,이름만 드래곤 네스트인 아~~~~주 전형적인 양산형 알피지 게임..,1
2018-03-28T07:30:40-07:00,입문자에요,오늘 처음 해보는데 게임이 아기자기 하네요. 그러면서도 손맛도 있고. 아이폰6s plus인데 플레이 잘 돼요. 계속 해보렵니다~,5
2018-03-28T05:28:47-07:00,생각보다 재미있어요~!,뭔가 할게 되게 많네요 ~ㅋㅋ 캐릭터도 귀엽고 재미있어요~!ㅋㅋㅋ,5
2018-03-28T05:21:52-07:00,결제했는데 상품안들어옴,"문의보내놨으니 빨리 해결좀요
첫결제부터 이게 뭡니까?",3
2018-03-28T04:18:34-07:00,ㅎ,아 진짜 옛날 생각나서 너무 좋았어요 ㅎ  진짜 재미있네요   몇몇 분들은  좀만 플레이하고 나면 할게없다고 하시지만  예전에 드네했을 때도 캐릭터 애정 갖고 열심히 키웠던 기분 들게 해줘서  정말  재미있게 플레이중입니다 ㅋㅋ,5
2018-03-28T03:38:54-07:00,이거왜결제가되죠,갑자기 결제가 되네요 설치하려는데..,1
2018-03-28T03:16:29-07:00,시바이모티콘은 어떻게 주시나요?,시바이모티콘은 어떻게 주시나요?,5
2018-03-28T01:42:01-07:00,Language,"On the download page it says the game is in English. But there is no option in-game to change the language, not that I can find.",1
2018-03-28T01:00:57-07:00,자동사냥,"더이상 설명이필요함?
드래곤네스트 진짜 pc판도 그렇고 게임자체는 참 잘만들었는데.. 안타깝다",3
2018-03-28T00:53:11-07:00,별 기대 안했는데,생각보다 괜찮네요.,5
2018-03-28T00:45:21-07:00,게임패드 쓸 수 있게 해주세요,"게임 진짜 재미있어요. 

액션게임이라 게임패드 쓸 수 있으면 좋겠네요. 

아이폰 pxn-6603 지원되게 해주세요~~",5
2018-03-27T23:28:27-07:00,드네M 재밋네요!!,"ㅋㅋㅋㅋㅋ 기대하고 기다렸었는데 
드디어 플레이 해보네요!!!
그래픽도 귀욤귀욤하고 
열심히 플레이할께요!",5
2018-03-27T23:27:39-07:00,응 노잼,10분컷,1
2018-03-27T22:50:48-07:00,재밌습니당,"저처럼 게임을 좋아하지만 잘하지는 못하는 사람한테 딱인 게임이에요. 컨텐츠도 많고 디자인도 이뻐서 요 근래 나온 게임중에
제일 재밋어서 오래할것같습니당",5
2018-03-27T22:50:18-07:00,드레곤 네스트 기다린오픈!,"아기자기한 맛에 하는 드M
아직 게임 시작한지 2일밖에되지는 않았지만
날개 수요 하는 방법이 그렇게 많지는않아서
금방질리지는않을듯
천천히 여러캐릭 키우는 재미에 합니다.
유저들이 더많이 즐길수있기 컨텐츠 많이추가
부탁드립니다.",5
2018-03-27T22:11:47-07:00,다좋은데!,"피시로도 많이 했었는데
모바일도 역시나 갓겜이네요
다만 피로도 시스템이란게 너무아쉬워요
오래하고싶은데 너무적고 그렇다고 코인주고 사려니 부족하고 현질을 유도하는게 다소 아쉽습니다
피로도만이라도 자유롭게 할수있게 해주세요ㅠㅠ",4
2018-03-27T22:10:58-07:00,기대됩니다,PC로도 해서 반갑고 지금 재밌게 즐기고 있습니다.,5
2018-03-27T22:08:02-07:00,재밌음,피씨버전을 모바일로 잘 바꿔놓고 생각보다 과금유도가 심하지 않네요,5
2018-03-27T20:19:05-07:00,기대되는 게임,"예전 드네의 향수에 푹빠졌었는데
때마침 잘 나와서 재미있게 즐기고 있네요 
열심히 할듯 ㅎㅎㅎ",5
2018-03-27T20:14:22-07:00,매너모드를 해도 소리가 나네요.,매너모드를 한 상태에서도 게임소리가 나네요 ㅡㅡ^,1
2018-03-27T20:06:59-07:00,PC 유저였습니다. 재밌어요 !!!,"재밌어요 몇년 전 PC로 법사, 아처 만렙 유저였는데 접었다가 이렇게 모바일로 만나니까 넘 좋네요 ㅠㅠ 스킬도 화려해서 재밌고 특히 레벨업하면 할 수록 컨트롤이 필요해져서 좋고 또 렙업 하면 할 수록 스킬 콤보도 화려해져서 좋음 ㅋㅋ 컨텐츠도 나쁘지 않고 제가 생각한 것 이상으로 모바일버전 잘 구현한 것 같아요 수고하셨습니다 ! 다만 아쉬운 건 날개 땜시 무한 던전 못한다는 거 ㅠㅠ 조만간 피드백 해주시겠죠? 그래도 겜 하나는 진짜 재밌고 애정하며 오래 할 것 같아요 !! 사랑합니다 자기전까지 드네할 수 있어서 너무 좋아요 ㅋㅋ❤️❤️❤️",5
2018-03-27T20:05:18-07:00,기다린만큼 보람있네요!,"그래픽도 아기자기하니 귀엽고 게임도 조작하기 쉬워서
좋아요!! 근데 자동 전투해놓을때 몬스터 다 안쓰러뜨렸는데도 막 포탈로 가서 계속 있고 그러더라구요.. 그래서 나머지 몬스터는 수동으로 처리하고 자동으로 바꿔야한다는 단점이..ㅠㅠ 자동전투만 잘 되면 완전 열심히 할꺼같아요! (화사에서도 하고싶을정도..ㅋㅋ)",4
2018-03-27T19:46:18-07:00,스테미나가 없어서 게임을 못함ㅠ,게임을 하란건지 말란건지 제대로된 자동시스템도 없고 스테미나 부족해서 겜 진행도 못하고 스테미나 구매 할려면 개빡치게 많이 들고 왜 카카오로 출시했나 답이 없네ㅡㅡ,1
2018-03-27T19:31:17-07:00,결제했는데 다이아 안들어온다고요,언제까지 기다려야 하냐고요. 빨리해결요망,2
2018-03-27T19:30:11-07:00,중국발 양산겜,애휴,1
2018-03-27T18:44:45-07:00,추억의 게임!!,기대 이상이라 넘나 재밌게 하고 있슴다!!!!! 가즈아 만렙~!,5
2018-03-27T18:18:43-07:00,너무 재밌습니다.,아기자기하고 동화풍의 그래픽이 게임의 몰입감을 높혀주네요~ 파티플레이의 진수를 맛볼수 있는 좋은 게임입니다~~,5
2018-03-27T18:10:47-07:00,옛날드네 생각나고 재밌네요,흥해라~~,5
2018-03-27T17:51:20-07:00,드디어 드래곤네스트도 모바일이 나옴 ㅜㅡㅜ,피씨판의 조작감성을 모바일로 잘풀어서 팟플이나 결장이 정말 잼잇음 ㅎㅎ 꼭 한번 해보시길!,5
2018-03-27T17:43:01-07:00,다운로드가 안돼,와이파이로 하는데도 다운이 안돼요,3
2018-03-27T16:25:54-07:00,오류,"즐겁게는 하고 있습니다 그래서 첫충전을 했는데,
충전안되고 돈 날라갔네요 적은 금액이지만 환불요청해주시기 바랍니다 
게임은 즐겁게 잘 하고 있어요",5
2018-03-27T13:20:43-07:00,너무너무너무 가볍다,"피시 추억이 떠 올라 기대하며 해봤다.
피시의 역동적인 플레이나 타격감 모두 살리지 못하고 껍데기만 같은 다른 게임이 되어 버린것 같다. 몹이 타격 받을때 무슨 종이 쪼각 마냥 제자리에서 움찔 거리는 모션이 끔찍하다.
몹 몰아 휘몰아 치는 스킬을 짜릿함도 없고.....
이렇게 추억 하나가 사라지는 것 같다",5
2018-03-27T13:18:25-07:00,Pc와 비슷한점은 좋은데...,"Pc때의 타격감은 전혀없네요ㅜ

아처랑 법사로 했었는데 

모바일은 아처 활박히는 맛이없네요",2
2018-03-27T11:58:35-07:00,잼잇고귀엽고아름답고좋습니다,"다좋은데 아이폰x 화면비율패치는 안되잇네요ㅠㅠ그것만되잇음정말잼잇게
잘할수 잇을꺼 같습니다 꼭 부탁드립니다",5
2018-03-27T10:59:54-07:00,다 좋은데...,"다 좋은데 맵 렙제한은 좀 아닌듯 함니다
피로도야 여러케릭 돌린다 치지만 종일 
피로도랑 렙제 맵 때문에 멍때리기만 했네요
오픈 하는날만 기다린 유저로서 하루가 그냥
날라간 기분임니다.. 개선좀 해주세요",3
2018-03-27T10:51:29-07:00,쿠폰 어디서 봐요?,???알려주세요..예약이랑 다했는데..,5
2018-03-27T09:55:17-07:00,아이폰은 쿠폰 어떻게 쓰나요,마음에듭니다 녁시 드네,5
2018-03-27T08:43:44-07:00,아이폰X 대응해주세요.,"담당자님께~

기대하고 있던 게임이 출시 되었으나, 아이폰X에 대한 고려는 하지 않아 아쉬움이 조금 있습니다. 애플정책 변화에 따라 앞으로는 아이폰X에 대한 지원이 필수적으로 되어야 하는데, 조속한 대응을 해주시면 고맙겠습니다. 혹은 계획을 갖고 계신지요?",5
2018-03-27T08:26:55-07:00,파스텔 톤의...,"초등학생 학습지 만화같은 느낌!!

딱 5분 해보고 이렇게 평했던 알수없는 어떤 분의 안목에 깊게 동감을 표합니다.

여러분 이거 많이들 하세요!!

너무 재밌네요! 

드네 번창하시길 빕니다!",5
2018-03-27T07:14:53-07:00,와우,RPG게임 치고 재밌고 할만해요.화이팅,5
2018-03-27T07:11:54-07:00,포 카카오,믿고 거르시면 됩니다.,1
2018-03-27T07:10:24-07:00,자동,양산형게임,1
2018-03-27T06:12:34-07:00,으아앙,"아이폰인데 우편만
들어가면 뻗음.. 다시 깔아두우...",2
2018-03-27T05:41:25-07:00,Actoz...,설치하고 보니 Actoz...허허...,1
2018-03-27T05:19:45-07:00,ㅎㅎㅎ 이겜도..,"갱년기가 욕필터링 되는거 같네요
싼마이 겜들이랑 같은 필터링 쓰나봐요 ㅎㅎ",1
2018-03-27T05:01:22-07:00,감사합니다,핸드폰에서 뵙게되서 영광입니다,5
2018-03-27T04:21:34-07:00,PC열화판 게임은 이제 그만..,조그만한 화면에 이런 게임 좀 그만 만들었으면..,3
2018-03-27T04:19:45-07:00,굿굿,옛날 하던느낌 그대로! 재밌다!!!! 존 잼!,5
2018-03-27T04:16:33-07:00,아이폰x 미지원..,실망이 큽니다.. 요세 나온 게임이 아이폰x 디스플레이 지원이 안되다니.. 라그나로크m 벤치마크 해보세요..전 이것만 봐도 오픈전에 여러 단말기에 대응이 없다는건 기타 다른 오류도 대응이 늦는다고 봅니다..대단한 기술력도 아닌데..아이폰x 화면 미 대응에 대한 부분이 매우 아쉽습니다.,1
2018-03-27T04:12:47-07:00,너굴맨이 왜 여기있어...?,자동전투 게임은 나 너굴맨이 처리했으니 안심하라구!,5
2018-03-27T04:11:06-07:00,내사랑 알프레도,캐릭터가 귀여워서 좋아요 킄,5
2018-03-27T04:01:44-07:00,사전예약,무슨 사전예약 했는데 문자는 커냥 아무것도 안날라 오니 참...,1
2018-03-27T03:40:36-07:00,결투장 스킬 안나가잖아요,아니 결투장 하는데 왜 나만 스킬 안나가요 열받게 첫날이라 그냥 넘어갈래도 이건 아니잖아요...,1
2018-03-27T03:31:06-07:00,드네의 탈을쓴,망작인듯...,2
2018-03-27T03:06:12-07:00,타격감 실종,"Pc 드네와는 전혀 다른 
타격감 ㅆㅎㅌㅊ",2
2018-03-27T02:54:35-07:00,충전했는데 안들어오네요,충전했는데 다이아도 안들어오고 첫충전보상도안받아지네요,1
2018-03-27T02:45:19-07:00,기대됩니다,피시버전에서 2010년부터 기간테스 네스트?? 그거 나올때까지 했던걸로 기억해요. 그땐 2d만 하다가 3d게임을 하니까 정말 신세계였음 그때 재밌게 했던 추억만큼 재밌었으면 좋겠네요,5
2018-03-27T02:31:23-07:00,첨해보는데 잼네요~~,아카데믹 키우는데 기대 이상이에요~,5
2018-03-27T02:21:38-07:00,그래픽도 아기자기하고 pc의 느낌을 잘 넣은거 같아요,드네 온라인도 많이 햇엇는데 모바일버전 또한 옛날 재미를 느낄수 잇도록 화이팅 해주세용!!,5
2018-03-27T02:08:02-07:00,알바 아니고 피씨드네에 500만원 현질한 사람이엇다,"진심 피씨 망하고 정신못차렷지 
걍 해보면 개노답 겜이란거 알게되겟지만 시간 아까울까봐 이거 보고 시간낭비 하지 말길 바란다",5
2018-03-27T01:24:44-07:00,ㅇㅇ,잼써,5
2018-03-27T01:14:35-07:00,두시간정도 플레이후기,"1. 날개 하루에 두번 “접속”해서 받아야됨(날개=행동력)
2. 어비스던전(검사로치면 미궁) 하루에 여섯번 입장가능
3. 레벨3부터 자동전투가능(자동전투 불가능지역있음)
4. 결투장은 자동전투 없음
5. 타격감 거의 없음
6. 그래픽은 월드오브워크래프트라고 생각하면됨
7. 태블릿 풀화면 지원x 위아래 검은색으로 잘림
8. 어비스던전은 친구와 입장or무작위매칭
9. 정령뽑기에서 정령이아닌 아이템도 등장
10. 사전예약쿠폰은 레벨15달성시 획득가능
11. 길드 가입하면 길드 버프 받을수 있음
12. 인게임에서 사진찍는 기능은 페이스북으로밖에 공유가 안됨

바라는점
1. 키보드 지원해주세요
2. 태블릿 풀화면 지원해주세요
3. 날개 획득 이벤트 많이 열어주세요
4. 어비스 던전횟수좀 늘려주세요",5
2018-03-27T00:57:22-07:00,앞으로도 기대됩니다~,재미있고 컨텐츠가 많아서 좋아요~,5
2018-03-27T00:36:55-07:00,컨텐츠가 많아서 좋아요~,재미도 있고 컨텐츠도 많네요~ 네스트 기대됩니다,5
2018-03-27T00:20:00-07:00,다운로드 중! 기대됩니다~~,다운로드 중! 기대됩니다~~,5
2018-03-26T23:38:48-07:00,드네,하이 추억게임,5
2018-03-26T23:32:35-07:00,원작이상이요...???,기본공격 쏘는거 보고 200n년도 피쳐폰 게임인줄앎,5
2018-03-26T23:08:01-07:00,굿굿 좋아요,PC의 감성과 장점을 살리면서도 모바일용으로 잘 나왔어요 ㅋㅋㅋㅋ 재밌게 플레이하고 있습니다.,5
2018-03-26T23:05:27-07:00,이게임은,전설의 게임아니신가,5
2018-03-26T23:00:29-07:00,갓갓네스트,갓겜스멜물씬! 갓갓네스트 Gazuaaaaaaa,5
2018-03-26T22:53:59-07:00,타격감 좋고 조작감도 좋네요,"이런 게임 오랜만에 해보네요

몇일전에 티비 광고가 하길래

해볼까 했더니 오늘 오픈이였네요

재미 있네요",5
2018-03-26T22:53:36-07:00,별 기대안했는데,"의외로 조작성좋고 생각보다 정말 괜찮음 
반전매력 오짐 
재미있고 할거 많음",5
2018-03-26T22:30:45-07:00,재밌어요 ^^,재밌게 하고 있습니다,5
2018-03-26T22:27:51-07:00,아이폰 X,드래곤 네스트 출시를 많이 기다렸는데 역시 재밌네요. 하지만 아이폰 X 유저의 입장에서 조금은 아쉬움이 남습니다. 혹시 아이폰 X 화면에 맞게 수정 해주실 수 있을까요? 감사합니다.,5
2018-03-26T22:20:28-07:00,에고..,요즘 검은사막같은 오픈필드 고퀄게임이 많이 출시되는데. 이건 잠깐해보니 최신판 몬스터길들이기네요.,5
2018-03-26T22:17:58-07:00,Pc랑 다른거 없는듯,"액션이랑 귀여운거 그대로 모바일로 온듯 

오호홍 좋아영",5
2018-03-26T22:14:50-07:00,드디어 나온 갓겜 ㅠㅠ,진짜 pc드네도 너무 좋았는데 여러가지 이유로 결국 접었는데 모바일로 나와서 너무 좋음 ㅠㅠㅠㅠㅠ pc랑 똑같이 아크로뱃길 걷고있는데 콤보 하나하나 너무 옛날생각나도 생각못한 부분까지 구연한게 리얼루 갓겜 ㅠㅠㅠㅠ,5
2018-03-26T22:11:42-07:00,향수를 불러일으키네요,"플레이 스타일 그래픽 스킬 등등
크게
변한거 없이 아주 깔끔하게 모바일 버전으로
잘 호환된거 같습니다

피로도(날개)가 너무 빨리
소모되고 충전 비용이 비싼게 조금 아쉽네요

피로도 관련 패키지 상품도 나왔으면 좋겠어요",5
2018-03-26T22:07:52-07:00,할만합니다!!,굿,5
2018-03-26T21:48:33-07:00,이거슨!!!,제가 온라인으로 만렙까지 열심히 키웠던 게임!! 모바일로 나오다니 신기하네용ㅎㅎㅎ,5
2018-03-26T21:46:28-07:00,굿굿,게임하다 리뷰쓰기 오랜만인데 진짜 잼있어요ㅋㅋㅋㅋㅋ 애정가지고 할만 한듯합니다~~~~~ 게임 만드시드라 고생하셨어요:),5
2018-03-26T21:08:25-07:00,드네,ㄱㅇㅇ,5
2018-03-26T21:00:05-07:00,상상 그 이상,게임이란 동심의 세계를 경험하는 것,5
2018-03-26T20:52:46-07:00,Pc에서 젤루 잼있게 했던 게임,"허나 
32에픽+12강이 
40파템보다 못하게 만들어 버려서 초창기 맴버들 
싹다 접은 운영은 이제 하지 마시길. 
켈베로스레이드해서 셋트템마추고 접음",5
2018-03-26T20:52:18-07:00,기대해봅니다,기다렸어요!!! 랙만 안갈려라,5
2018-03-26T20:47:07-07:00,기대했는데,타격감1도없는 중국양산형 게임 냄새가 너무 납니다 이미지만 화려한 게임인거같아요..실망이큽니다,5
2018-03-26T20:42:02-07:00,일단캐릭 내스타일,게임 탄탄하게 잘 만들었네요!!,5
2018-03-26T20:33:03-07:00,김유정,김유정~,5
2018-03-26T20:26:21-07:00,개꿀개꿀,개꾸르르르르 개꿀 개꿀 개구리가 됩시다 개꿀개꿀,5
2018-03-26T20:25:57-07:00,재밌어요,추천합니다^^,5
2018-03-26T20:24:16-07:00,따봉,따봉,5
2018-03-26T20:22:40-07:00,드네 맘에 드네,추억돋기,5
2018-03-26T20:21:21-07:00,좋아,좋은드네,5
2018-03-26T20:11:25-07:00,드디어 나왔군요~,피씨 드네 즐겨 했었는데 그대로 모바일로 즐길수 있어서 좋습니다,5
2018-03-26T20:08:27-07:00,뭐여,나 다운이 안됨 ㅠㅠ,5
2018-03-26T20:04:47-07:00,역시 드네! 잼있다!,"추억이 새록새록 역시 드네!
잼있네요~~^^",5
2018-03-26T19:47:39-07:00,오늘 출시하는건데 아이폰x화면비율최적화도,안되있냐??씨레기네,1
2018-03-26T19:47:27-07:00,드래곤네스트M,중국 버전으로 플레이 했었는데..! 드디어 한국에도 나왔네요!! 굿굿,5
2018-03-26T19:42:56-07:00,기대작이 드디어 출시!,드네 온라인 추억의 향기가 폴폴폴~! 풍겨오는 게임 입니다 초반 몰입감 타격감 원작의 장점을 잘 살린듯합니다.,5
2018-03-26T19:42:34-07:00,또 시간순삭할 게임이 나왔네요!!,"피씨 드네 진짜 재밌었는데 
드네 모바일은 또 얼마나 재밌을지 기대됨!!",5
2018-03-26T19:36:34-07:00,예전 pc판 열심히 했었는데,모바일도 재밌었음 좋겠어요.,4
2018-03-26T19:34:27-07:00,패치 기대 중,패치 기대합니다,5
2018-03-26T19:15:13-07:00,여윽시 드네 짱짱!!,"피씨판이 너무 이쁘게 잘나와서 ㅠㅠ
모바일도 기대만빵이에욧!!
1위 가즈아~~!!",5
2018-03-26T19:05:31-07:00,시작한두앗,시작한두아앗,5
2018-03-26T19:04:24-07:00,너무 기대되내여!’,피씨게임으로 너무 좋아했는데 기대되요!!!웰시코기 귀염 ㅋㅋㅋ,5
2018-03-26T19:01:52-07:00,진짜 오래 기다림!,"예전에 동영상 보고 나서
와 진짜 드네 처음 했을 때 추억 돋아서
언제 출시하는지 계속 기다렸는데,
안드만 먼저 나오는게 아니라
애플도 동시에 나와줘서 넘나 감개무량함 ㅠㅠ",5
2018-03-26T19:00:50-07:00,오래기다렸습니다,드디어 시작 고고,5
2018-03-26T18:58:56-07:00,PC 버번을 재밌게 했던 기억이 있기에,기대함.,5
2018-03-26T18:56:30-07:00,아기자기한 그래픽,기대했던 게임이라 바로 다운받아봅니다!,5
2018-03-26T18:52:22-07:00,다운 빨리 되어라!!,기다렸다 드네,5
2018-03-26T18:28:50-07:00,기대한다,믿는다 드네m,5
2018-03-26T18:12:42-07:00,피로도 게임,역시 똑같은 핵노잼 피로도 게임이네요^^ 유저들보고 게임하지 말라는걸로 알아듣고 안할게요,1
2018-03-26T17:44:10-07:00,오 나왔어~~~,"중국에 나온거 잠시 했다가 관뒀는데~
디시 해볼까나 추억의 드네",5
2018-03-26T09:58:52-07:00,해보기전에 다섯개준다...,피시드네가 잼있었기에,5
2018-03-26T05:49:17-07:00,우연히받앗는데,재미나네요!,5
2018-03-26T05:41:52-07:00,기대되네요~,많이 기다렸습니다~,5
2018-03-26T03:22:00-07:00,드네,ㅇㅇ,5
